AccX,AccY,AccZ,GyroX,GyroY,GyroZ,Class,Timestamp,acc_magnitude,gyro_magnitude,jerk_x,jerk_y,jerk_z,jerk_magnitude,class_encoded
-0.041061561921687376,0.08127915310710034,-0.008397979547406524,0.8640739383384772,-1.3744178384450647,0.8125563006585287,NORMAL,3581629,-1.7221508448300265,0.6184890789399221,0.0,0.0,0.0,-1.7993128006351828,1
-1.6898021517940718,-1.1171167611732484,-0.21570561750764725,-0.4506248768757814,0.4167265569944163,1.1030148622324456,NORMAL,3581630,0.6291404430681361,0.13076054261897155,-1.6248639,-1.0824918,-0.20418262,0.17546693948436196,1
-0.6444597384086246,-0.05423733032825602,0.21547870522990317,-0.3136770798878531,-0.2222763154736007,0.6910918713180487,NORMAL,3581630,-0.9484819358662471,-0.2792722834947062,1.030204,0.9600819349999998,0.42468452,-0.3196806895466359,1
0.7082682638415021,-0.17163748398032225,0.6695539120695224,1.019281418674612,-0.2271172284950303,0.40591439744914815,NORMAL,3581631,-0.49867108476303196,-0.28662927423000045,1.3331381,-0.106045675,0.44723033999999995,-0.38075637498521225,1
0.06217455629011552,0.9421021495646962,-0.07614882221667597,0.43497084908071365,-0.01895721255608223,0.40591439744914815,NORMAL,3581631,-0.7794787377943386,-0.5239053216662845,-0.6367371239999999,1.00602314,-0.734461786,-0.39206095923939716,1
0.11973664144243266,0.4642053840437724,0.35231369723592676,0.2980230520927853,0.9250243182505681,0.057364182347937574,NORMAL,3581632,-1.0986562832741393,-0.09619215369433527,0.05672848400000001,-0.43167648000000003,0.422003746,-1.1893560056682901,1
0.03825814318224348,-0.3052878488021538,0.266396170482798,0.4897499589084217,-0.23195816529059435,0.36894697370885304,NORMAL,3581632,-1.1847722825746716,-0.4823371599948376,-0.08029854500000001,-0.69507089,-0.08462238,-1.0903179381885015,1
-0.7135501603375837,-0.43104628775966497,-0.10972262790595749,0.10629614527714898,-0.0673665202839154,0.3372605512213835,NORMAL,3581633,-0.7466142830966581,-0.634093461975337,-0.740920785,-0.11359557999999997,-0.37044907,-0.9582052273490658,1
0.4331232963945548,-0.17848405749919358,0.12779408071123358,-0.7519100332383782,-0.15450328750753037,-0.3281534910744445,NORMAL,3581633,-1.0755435605594001,-0.5404178907713137,1.13006759,0.22813540999999998,0.23393631,-0.615937746393139,1
-0.215482760433189,-0.3713959754112067,0.41260110787616,0.11542599442413828,0.4699768141973519,-0.23837538912402403,NORMAL,3581634,-0.9948835249200304,-0.5319594889390725,-0.6392130899999999,-0.17425424,0.28051375999999995,-1.0755466793327646,1
0.8241469935048175,-0.3801238953132736,0.4901247019523915,-0.03978150384692309,0.34895352110363453,-0.6925468828385133,NORMAL,3581634,-0.44225430231393564,-0.3625514751442089,1.02457407,-0.007883790000000002,0.07635498000000002,-0.765740972103023,1
0.2723276399138264,0.3458939831628747,1.5318538417012417,-0.4597547409685429,1.2735712445002219,-0.6978279359626535,NORMAL,3581635,0.15413533621627498,0.36229682001826774,-0.54382803,0.6558003,1.0260258,-0.4577372360031429,1
-0.4499625438440513,0.036561991003510666,-1.072460276047759,-0.27715766835412364,0.0439748912939624,-0.46546113165865916,NORMAL,3581636,-0.3764027547852106,-0.6313231070516642,-0.71183014,-0.279414625,-2.5650559,0.8932654830946873,1
-0.6545586891384813,1.0114746206655267,-0.8660734385112708,0.27976335379880674,0.05365674903566752,-0.7453575351129815,NORMAL,3581636,-0.12183439094554033,-0.38447973518438183,-0.20163322999999994,0.880622935,0.20327569999999995,-0.867792598683315,1
0.1249378440876604,0.6072566907971851,-0.001521323760706751,0.05151702648197765,-0.09641210143374226,-0.5974877191187339,NORMAL,3581637,-1.120241137091684,-0.5253149363985107,0.76820804,-0.36512357,0.851519595,-0.5885814762544382,1
-0.29533420101048086,1.987872968073268,0.5287887352706608,-0.05804120811921057,0.24729397519217333,-0.11691092866075536,NORMAL,3581637,0.4565498477632659,-0.7748902694388988,-0.41418575999999996,1.24708853,0.5223160050000001,-0.37681126882647714,1
0.7691672898192655,0.2828858562685997,0.20081618801601672,-0.19498901108544778,0.15047537400098765,-0.8087302763452915,NORMAL,3581638,-0.7106154343549618,-0.32951010539928094,1.04908562,-1.5400875,-0.32302859000000006,0.10320641316261435,1
-0.33650788908755586,1.9570359318630046,1.4901378015093782,0.08803643203739817,0.7071824001915307,-0.8456977519569012,NORMAL,3581638,0.9917692572073307,-0.03719198712065883,-1.08966304,1.5122329,1.26988599,0.4695343392206789,1
1.1563862069630135,1.8746628312845817,1.061842854088199,-0.36845620466133333,0.2666576986002951,-0.18556475413999418,NORMAL,3581639,0.9901816718295308,-0.6863895552664614,1.47127434,-0.07440630000000015,-0.4218386999999999,-0.2578141264780983,1
-1.325953578709221,-1.4886740090192137,0.40046189775566604,-0.19498901108544778,0.024611166300898372,-0.31231028847592873,NORMAL,3581639,0.6055390948321175,-0.7753748549917309,-2.4463911,-3.0380482,-0.6514111,2.1788724840896214,1
-2.0108592280600317,-1.3947863675779055,-0.8219386981016591,0.09716628118438747,0.010088373348571506,-0.1697215688319167,NORMAL,3581640,1.2574275837122066,-0.9010282121273274,-0.674987,0.08480719999999997,-1.20397376,-0.40818879589224993,1
-0.2112618237792594,-1.128442657037813,-0.4590793872333494,-0.2588979700601451,0.3925218967907305,-0.053538161492788054,NORMAL,3581640,-0.2952509490252065,-0.6183457069371621,1.77353604,0.24058400000000013,0.35738946000000005,0.036682898519211055,1
0.06031598995100223,-0.9201413370033903,-0.6065944132991244,0.343672312773504,-0.23679910208615837,-0.20140794809329077,NORMAL,3581641,-0.4236141011571187,-0.681997032755841,0.267644885,0.18815523999999995,-0.14529134,-1.439203800895291,1
-0.27844369652887063,-0.020689474348694004,-0.22307997073593105,-0.06717106324450876,-0.11093489597101143,0.02039673267198521,NORMAL,3581641,-1.3286673240736246,-0.8667157881412698,-0.333853845,0.812460435,0.37773323,-0.837456369569758,1
-0.8015055707812013,-0.2947574502967057,-0.8106505775626217,-0.24976812091315578,0.11658884813088527,0.13658013482398235,NORMAL,3581642,-0.35577372967036897,-0.7697741762141026,-0.51548701,-0.247561205,-0.5787133899999999,-0.980875393142746,1
-0.5293349876986915,0.8850817632647187,-0.47723349777990903,0.1702051191976185,-0.10609396710015886,-0.058819225855712955,NORMAL,3581643,-0.5413084121062004,-0.8592733414008121,0.26822907,1.06572983,0.32839104999999996,-0.6454917713406808,1
-0.060287348431650574,0.8407087398991163,0.5993388286913842,0.39845143754698426,-0.3675042132980235,-0.14331625133990172,NORMAL,3581643,-0.6314521172250248,-0.5775811483338219,0.462254997,-0.040081440000000024,1.06034375,-0.6349940799381931,1
-0.39117101821161115,-0.05836612613290847,-0.12042201367928537,-0.377586083699867,0.1117479192600327,-0.16444050273994795,NORMAL,3581644,-1.2627087904268397,-0.7858788195214425,-0.326091887,-0.8121198999999999,-0.7089109499999999,-0.6663516576455497,1
0.4727022498845255,1.0767188882450036,-0.4981394199664251,-0.3228069439806146,0.2763395801161346,0.025677794441344378,NORMAL,3581644,-0.35779233752803197,-0.6970936062336166,0.85136285,1.02530408,-0.37202358,-0.4074193116221262,1
-0.7964535789737187,0.4223348295749098,0.12781732104301555,-0.06717106324450876,0.4844995849604866,-0.03241390577013229,NORMAL,3581645,-0.7438545336383288,-0.5465102366137612,-1.2507762,-0.59109462,0.61652088,-0.2757087004362953,1
-2.3860206309988095,0.08101798636220753,1.2446599948960224,0.17933495339883557,-1.1420530941499123,-0.45489900811994083,NORMAL,3581645,1.4158634269156132,0.16931824915997984,-1.5665473,-0.30830602773,1.10000705,0.15109773721035616,1
-1.2947078856194438,-1.232183235597994,-0.46615454022690944,-0.03065165096349074,0.4699768141973519,-0.21725113340136826,NORMAL,3581646,0.3993802242165866,-0.5430966028501643,1.0755086,-1.18619359227,-1.6850252000000001,0.5390006289794187,1
-0.09989191991564068,-1.3074703030734092,-1.2539818876570774,-0.46888457516976007,0.13111164266815445,0.2052339637613088,NORMAL,3581646,0.3805997985051588,-0.6546582890902997,1.1775129100000001,-0.0680056,-0.7759514000000001,-0.3790652127002336,1
0.7048763833928062,-0.5765479424795303,0.5608597839467572,0.12455584357112756,-0.16418513732452403,-0.2119700802772282,NORMAL,3581647,-0.40578011654726764,-0.7846561513638413,0.79311383,0.66023044,1.7874842000000002,0.2769789445180659,1
-0.22825817105233642,-0.23569590075932134,0.4554625644201345,-0.27715766835412364,-0.13998047712083825,-0.1538783748786201,NORMAL,3581647,-1.0395941842685008,-0.8002048057811507,-0.91962111,0.30788618000000006,-0.10380842999999995,-0.8181649195293446,1
0.17683761487873587,-0.11665269234767209,0.5618357966571984,-0.27715766835412364,0.2666576986002951,-0.45489900811994083,NORMAL,3581648,-0.9707847859987596,-0.5648117389749151,0.39922928,0.10752982,0.10476973,-1.3702448047575646,1
0.1525943696618747,-0.11987620803934368,0.5622114595125643,0.12455584357112756,-0.1351395482499857,-0.006008584820029723,NORMAL,3581648,-0.9786786259850735,-0.8403151824710859,-0.023892159999999996,-0.0029117500000000185,0.00036999999999998145,-1.7750974903756926,1
-0.30663680274305755,-0.5719388049196169,-0.07274535126743148,-0.6606114819853963,0.19888467063422477,-0.16444050273994795,NORMAL,3581649,-0.9452972437132995,-0.6240012605318545,-0.45258069,-0.40834088999999996,-0.62538528,-0.9207909533795648,1
-0.29572250433172054,0.20199046930833262,0.16821743455863264,-0.021521797930600665,-0.6192326176036059,0.18410971668387216,NORMAL,3581650,-1.3337809511256165,-0.35680934483944754,0.010756239999999972,0.699077895,0.23733043999999998,-1.0565666514654857,1
-0.36119699110214015,-0.36842634444644196,-0.6641764828099151,-0.41410548028782423,-0.038320933586790513,0.27916888040365173,NORMAL,3581650,-0.7332005315337545,-0.6371153385161024,-0.06452629999999998,-0.515248355,-0.81984616,-0.8230664556886769,1
0.9919098981035392,0.8599223879681206,-0.9753930554412703,0.44410069822770293,-0.4982093562087345,0.19995290199194968,NORMAL,3581651,0.14809263326761113,-0.40921518651630606,1.3335115,1.1095477,-0.30652520000000005,-0.02718834674622919,1
-1.0304537568451824,0.22899066663270656,-0.5311816485010936,-0.03978150384692309,-0.18838978960349834,0.4376007680653031,NORMAL,3581651,-0.39178696752674735,-0.5184996700097002,-1.9930762400000002,-0.5699105,0.43751523000000003,0.3319445339212663,1
-0.4257064728877199,-0.4254549452175904,-0.020052080993191373,0.5353992345349126,0.3247488688246602,0.606594796556111,NORMAL,3581652,-1.010172450143529,-0.27446652624892715,0.59598947,-0.5911502200000001,0.503424646,-0.8146513710304951,1
0.20736624360389083,0.8101236842526311,-0.45911232372801986,0.04238717135667947,0.34895352110363453,0.43231971494116306,NORMAL,3581652,-0.7269025326532752,-0.45316694467963337,0.6239047,1.11607835,-0.43244171600000003,-0.44148906473593624,1
0.42058060597695,0.549913183513288,0.17372688568932854,-1.0988443904986047,-0.28036746192383144,0.5854705927047698,NORMAL,3581653,-0.947436796375066,-0.1556819978837836,0.21012664,-0.23504397000000005,0.6232996,-1.096648580960645,1
-0.20392057953358111,0.5277251440716975,0.9417579580894304,0.4897499589084217,0.26181675388001957,0.7755888942086718,NORMAL,3581653,-0.4865595516852551,-0.17388664435124593,-0.6154573,-0.020042100000000007,0.7564535400000001,-0.8180936230760285,1
-0.7731504076959076,-0.5633990761165204,-0.5753628797273195,0.15194540595786768,-0.08188931482118458,0.9498639844688389,NORMAL,3581654,-0.42575683374299794,-0.09134628551350692,-0.5609863700000001,-0.985595,-1.4942513000000002,0.08774291565145886,1
-0.15197350368126333,0.7885292344542313,-0.646980972492798,0.7819052810698014,-0.4788456407253242,0.8495237676249192,NORMAL,3581654,-0.640407046851748,0.02589234655903714,0.61218116,1.22117515,-0.07053849999999995,-0.4233080119936186,1
0.0928924296129094,-0.25503542286769815,0.08037013787053945,1.0466709810613521,0.4215675017146918,0.9921124353976166,NORMAL,3581655,-1.3118266590797494,0.1582837628393771,0.24131984,-0.94263521,0.7163868,-0.5838007880593119,1
-0.14703139822314215,0.07044510922108031,0.18540906641059446,0.39845143754698426,-0.18838978960349834,0.5537841788625194,NORMAL,3581655,-1.4612707560021874,-0.3824901167520731,-0.236449305,0.294001342,0.10345554,-1.40576648074432,1
-0.2290974655258656,0.8365723219065916,0.012228114424062467,0.5080096572024002,-0.4255953835223887,0.5273788267896281,NORMAL,3581656,-0.8750285246489681,-0.27590194920864874,-0.08087760499999999,0.692030418,-0.17057037,-1.077720172513315,1
1.0053730687078863,0.8874850606887497,0.15697774406878717,-1.3270907536852872,-0.18354886073264576,0.5009735179428322,NORMAL,3581657,-0.19746685052576698,-0.14526086480496497,1.21659321,0.045988660000000015,0.14256763,-0.5662226742012332,1
-0.016072466469711062,0.6082877397777378,-1.6409966653291188,0.6358276199891115,0.010088373348571506,0.11017481733196742,NORMAL,3581657,0.2866764384220589,-0.6341304200400762,-1.006653191,-0.25219446,-1.7708712,0.26547000941189236,1
1.134155669323967,0.3328875637008857,-0.6639024519865009,0.005867759822950055,0.5571135655715439,0.2052339637613088,NORMAL,3581658,-0.11077233268163093,-0.4236378077636644,1.1335707910000001,-0.24876455999999997,0.9623652,-0.2826715697065508,1
1.0751608191919186,0.3307270138636025,-0.058653145094461234,0.024127467084391983,0.44093120927339063,0.02039673267198521,NORMAL,3581658,-0.37588476676005855,-0.5824767297616418,-0.05814050000000015,-0.001951590000000003,0.5961255959999999,-1.1967841073545942,1
0.6341456366493381,0.632673050621132,-0.1162303716003328,-0.22237855852641567,-0.21259444188247262,0.11545588774654571,NORMAL,3581659,-0.7184993434700594,-0.7196319414776846,-0.43462849999999986,0.27274301,-0.056709289999999996,-1.2799918141320072,1
0.7816109967807532,0.5176096095725333,0.5270429182982239,-0.359326355514344,0.22308932291319905,-0.15915944529319834,NORMAL,3581659,-0.4712017448586974,-0.7283931390714565,0.14532979999999995,-0.10393496000000002,0.6335763940000001,-1.1371002665572543,1
-0.728402579729975,-0.545477756993173,-0.8900284434929393,0.4167111208951906,0.4506130749398072,-0.1961268863239316,NORMAL,3581660,-0.23896737737858012,-0.511420298645424,-1.4881459000000001,-0.9602697600000001,-1.39571,0.4690611302749156,1
-0.8323491099687446,0.5869639689822105,-0.5641154323071631,0.42584098498795214,0.4699768141973519,-0.4813043601928322,NORMAL,3581660,-0.45662342572241643,-0.38534326196563506,-0.10244120000000001,1.02291644,0.3210001,-0.7159076674095933,1
-0.6721057720408988,-0.41761081163365465,0.3743399069754447,1.2110083404360206,3.021147319725587,0.9604261512336527,NORMAL,3581661,-0.6974204967990386,2.1320762042016295,0.15792273,-0.9074162800000001,0.9243087799999999,-0.4866603948130148,1
0.6703763618513732,-0.10552735357169793,2.022787219748136,1.6401113998022396,0.8911377765310429,0.04680205016400014,NORMAL,3581661,0.8249770173197603,0.20953574118322743,1.32304061,0.28189998000000005,1.62359812,0.326573372156828,1
1.8782581944973737,1.3515100642421827,1.4881915633270786,-0.5419233683456743,0.2666576986002951,-0.07994348157836872,NORMAL,3581662,1.461976895285455,-0.6441290949527638,1.1903895599999998,1.31611852,-0.526537,0.06278809974192157,1
-0.4960558365269727,0.07838161508686999,-0.4304660410085421,0.42584098498795214,-0.5320958979282598,-0.6344551947303436,NORMAL,3581663,-0.9897669248122933,-0.24309828104440176,-2.33992975,-1.1499964996,-1.8897351800000002,1.4399592209873462,1
-0.6851954640117959,0.825388297265823,-0.3108972448547454,0.343672312773504,0.014929304200601937,-0.12747305479303941,NORMAL,3581663,-0.5587071459576111,-0.8136621808917135,-0.18640055000000005,0.6747591496,0.11776638,-1.085211082646666,1
0.6056265293610217,1.1245565142816458,-0.44996410064974846,0.9279829421504913,1.2396847820278112,0.23163930718898107,NORMAL,3581664,-0.26334118976741633,0.31292985343442886,1.2721286,0.27023385,-0.13697051999999998,-0.4838080457779639,1
-1.2029711752418542,-1.175342084187853,0.04490820599676834,0.22498422902532653,-0.7257331320094772,-0.38624519647305255,NORMAL,3581664,0.2100664460340839,-0.2284851301681782,-1.782406,-2.0774615,0.487412452,0.9976231632477681,1
-1.625947523448516,1.2760333554040186,0.28541977809072744,-4.148215649627974,-2.541082290673893,-0.14859730878665137,NORMAL,3581665,0.5780655803646145,2.2670617627524683,-0.4168509,2.2142881,0.23688602800000003,0.4797980363311859,1
-2.462414246126759,-1.2374542248351148,1.1145360675053582,1.3936053981046674,0.16499816061354533,0.5062545797121913,NORMAL,3581665,1.7361509001341782,-0.1029584933620773,-0.8243532,-2.270393,0.81661794,0.7656173296544551,1
-2.9809791867998507,0.059004845112140485,-0.6896962149616339,0.9462425657156086,-1.0791209792052714,0.622438025090284,NORMAL,3581666,1.8401069682893154,0.3164905080092641,-0.5110551999999999,1.171070675,-1.77703474,0.40244430999693254,1
-0.9002392192401464,1.3127072051392072,0.08527636583296903,-0.43236517858180284,0.14079350040985958,1.3248194565455305,NORMAL,3581666,-0.04411189364935376,0.2591570215082528,2.0506071599999998,1.132449225,0.76329041,0.6791234893473863,1
-1.0037820633878687,-1.1599655240958455,0.3585977753274373,-0.7792995507878017,-0.01895721255608223,1.2403224682357838,NORMAL,3581667,0.08956413921694503,0.22323056942204655,-0.10204336000000003,-2.2335256,0.26920128000000004,0.4661184488538287,1
-0.7114156183817476,0.612100538604129,1.762126846539415,-1.9205312621008082,-0.9774615125409252,1.2772899438473935,NORMAL,3581667,0.5840631144617707,0.816071471354831,0.28813246000000003,1.60067884,1.38237185,0.34792743300470946,1
0.2855242401054975,0.07680589640662891,0.4311357445891051,0.4988797931096387,0.38768095999516655,1.2561656103177659,NORMAL,3581668,-1.0760073983019054,0.2586149949291493,0.9825024,-0.48352306100000003,-1.31092734,-0.08101900158903089,1
-0.674919804221121,-0.817751097939993,-0.08915656891999603,-0.377586083699867,-0.4207544625762476,1.0396420345479447,NORMAL,3581668,-0.4912970143396107,0.08085694285030007,-0.94653511,-0.808038979,-0.51244927,-0.44538271963032977,1
0.6301649898185054,0.08835232369888142,-0.6074852013066483,0.3254126144795254,-0.07220745707947944,0.4376007680653031,NORMAL,3581669,-0.6603942225036348,-0.5169628352543996,1.2861848500000002,0.8184686815,-0.51051519,-0.18199878621470483,1
0.3058388010008829,0.6528762656983469,-0.1694987918591882,-0.359326355514344,0.3683172682858907,-0.02713284227172931,NORMAL,3581670,-0.9564862063139677,-0.619020608860489,-0.31962937,0.5099254185000001,0.43138407,-1.0544389875021567,1
-1.195967245914854,1.070626141910737,0.8728412873760385,0.6540872883915456,-1.1759397151165523,-0.6186120007770468,NORMAL,3581670,0.2989887097919226,0.29394541210306624,-1.4800572300000001,0.37734676,1.02662753,0.05202043518189484,1
1.1727428806269586,-0.3231786348911486,-0.6974084820048444,1.6309814759263892,0.1214297849264493,-0.6238930711916252,NORMAL,3581671,-0.01772520340955805,-0.015681213785458177,2.334407,-1.25900149,-1.54657935,1.289246305431936,1
0.9455642305850926,0.2752423683389813,-1.4790136849493862,-0.5054040165950339,0.6297275065590439,-0.6344551947303436,NORMAL,3581671,0.37790671391626374,-0.1844158951257935,-0.22388870000000005,0.54054409,-0.76982305,-0.8266235692586832,1
2.085276892656756,0.038820334009377636,-0.13182823449760953,-0.3136770798878531,0.5183861029058775,-1.1572805260273784,NORMAL,3581672,0.7924483087817372,0.0915291764306891,1.1232076,-0.21355622999999999,1.32687757,-0.03735383413013299,1
0.6581819247600007,0.08584390872065112,-1.3770712742547613,-0.925377241760036,-0.3723451500935875,-0.9513189873440844,NORMAL,3581672,0.09122522061332176,-0.021392346214856733,-1.4064280999999998,0.042475640499999995,-1.22647187,0.07838529917936182,1
-0.9894997298504267,-0.40270940666652566,-0.6086423038194761,-1.6740251707286027,-0.19807165526991494,-1.0675024327221772,NORMAL,3581673,-0.2977190006662786,0.24082638584568583,-1.6238203,-0.4413023705,0.7568454399999999,0.056778345852384005,1
0.06326925344779148,0.5895325632648054,-0.1285157815816951,-0.359326355514344,0.35863538677005113,-0.5605202953784388,NORMAL,3581673,-1.1410970849294069,-0.42866509828665095,1.03752302,0.89627625,0.47288895000000003,-0.34035854041448355,1
-0.05570909469216742,-0.9714440749640019,0.8250784560276038,-1.3362206177780487,-0.7305740608803296,-0.3598398616905995,NORMAL,3581674,-0.2173855971454169,0.013893051910212296,-0.11725533049999999,-1.41000515,0.9392194700000001,-0.09095342318976199,1
0.2902840607560926,0.43891766593816406,0.501340167264591,-0.06717106324450876,-0.8370744960390861,-0.9037894746459476,NORMAL,3581674,-0.9071001611762165,0.1028998740529033,0.34098256050000003,1.2739571299999999,-0.31885816,-0.4344225809230683,1
0.9361793711647437,0.5571597419963221,0.5234467587021071,-0.5054040165950339,0.7991600883612868,-0.8034492578020277,NORMAL,3581675,-0.3116849420278061,0.031101096761086244,0.6365416,0.10680616999999998,0.021773350000000025,-1.149654934566879,1
0.1380030819192194,0.7181724549352253,1.5649802999399134,-0.21324870937942636,0.920183397304427,-0.8721030175776014,NORMAL,3581675,0.26899799582193,0.13511121294382508,-0.7866172800000001,0.14544019999999996,1.02583315,-0.49068980981146304,1
0.8915791305252309,1.1136820047149998,-0.3113765398929415,0.5719186161770975,0.6006819333339284,-1.1203130849966452,NORMAL,3581676,-0.11362071292903896,0.1339021944564189,0.74266293,0.35725743,-1.84807207,0.23625248292974854,1
2.615652979691198,2.7724580332698987,-0.8490376762851354,3.0369788423936295,1.4187993483671426,-1.9916885449426998,NORMAL,3581677,2.6705386252123997,1.6999055616764853,1.6991062000000001,1.4983457700000002,-0.52955627,0.5410225088366967,1
1.9220963487738234,0.9495329247597056,-1.6295671737198623,-2.4226731893718028,-1.2969629765114237,-2.0286561070065003,NORMAL,3581677,1.4258878235556838,1.4859311533896185,-0.6835127000000001,-1.6466190000000003,-0.76876356,0.15379454000825815,1
1.6700222687218134,1.4365470004717773,-0.6046724002944708,-0.8797279511877728,-0.8564382511460538,-2.224055435698885,NORMAL,3581678,0.8709840019301016,1.1392370128687626,-0.24842359999999997,0.43991199999999997,1.0094452,-0.6637700893971006,1
2.5895149547004173,0.9561334405477858,-0.42114740913663656,-0.19498901108544778,-0.24648095190315203,-2.0550613726272005,NORMAL,3581678,1.5603888980304141,0.7846474239867134,0.9061768000000001,-0.43394986,0.18075848,-0.7723719691591935,1
1.38636125379333,0.6376472782488051,-1.3884232980914115,-0.30454723074086376,-0.15934420052896,-1.3421177311810446,NORMAL,3581679,0.6969081568293813,0.14860131156461404,-1.1857299000000001,-0.28768344,-0.9526948799999999,-0.2420693554849664,1
0.8588184984299903,0.6547823662022141,0.11169949608049173,-0.377586083699867,0.5619545023671079,-0.5605202953784388,NORMAL,3581679,-0.4838429137686875,-0.29221772397009765,-0.519903,0.015477850000000015,1.4775094899999999,-0.22358441532528855,1
-1.083364051819882,0.020120652780927763,-0.15315729520196955,-2.1396476416285513,0.5135451344114675,0.45872504107839707,NORMAL,3581680,-0.47824623340971634,0.27777839241147295,-1.9140563,-0.573279742,-0.26086426,0.2277235458926523,1
-1.5968376609766892,1.1086814398542866,-0.6706803236718147,1.1288396233842557,-1.3744178384450647,0.2210771577146054,NORMAL,3581680,0.5622711708443092,0.4876891408619721,-0.5060376,0.983279492,-0.50972173,-0.5743786653574451,1
-1.5911542551739422,-0.34821211400694246,-0.580120903616782,-0.4414950277287921,0.2714986353958591,0.6277190436335478,NORMAL,3581681,0.28254657228843544,-0.30425626208932965,0.0056011000000000255,-1.31598857,0.08919430000000006,-0.4724282344238629,1
0.4706061952940461,0.33064135973496345,0.18238128471464624,-0.30454723074086376,0.04881582016481496,0.4270386358813657,NORMAL,3581681,-1.023415486243572,-0.5429656031889187,2.0319025,0.61319745,0.7510079999999999,0.4654780443559436,1
1.2910920871801612,-0.610753398981408,-0.39510771898089087,-0.22237855852641567,-0.11577582484186398,0.36366589464905574,NORMAL,3581682,0.07824872346193316,-0.5924996213337852,0.8086038,-0.85034678,-0.56878376,-0.48752639341517934,1
0.3545974629613537,0.1931938279375405,-0.3639003598214812,0.5445290986276741,0.22308932291319905,0.18939078709845045,NORMAL,3581682,-1.0828742239758082,-0.5833491437712831,-0.92293252,0.72619263,0.030736929999999996,-0.6175293019539599,1
0.04567825456402336,-1.2465219160777607,-0.7759323241222132,2.151383101491362,1.1719116985887605,0.4956925426256641,NORMAL,3581683,-0.020950563009874017,0.6635886920591176,-0.30444551,-1.30047213,-0.40582087000000006,-0.3950647827266704,1
-0.45976740564426744,1.881995852058513,0.5984480000716598,1.8135786083238974,0.15531629494712873,0.28444989894691536,NORMAL,3581684,0.4114786160397197,0.00033899619660982054,-0.49812591,2.8259399,1.3536625,1.3923751524113628,1
-0.5323868237002937,1.6940712252188923,-1.1336123001322425,1.5670726066263254,0.29570329559954484,0.601313734786752,NORMAL,3581684,0.5456909987459915,0.04421776542235745,-0.07156775999999998,-0.1697493000000001,-1.7059507,-0.07321317532589006,1
-1.0925267438623034,0.17891122063362438,-0.9588840943749597,1.2657875100468172,-0.03348000233852451,0.19995290199194968,NORMAL,3581685,-0.04616081145208664,-0.3007829149819379,-0.5520281,-1.3686197199999999,0.17209430000000003,-0.3046975427197005,1
0.4404968383686617,0.8373184881558186,-0.7914468954573202,0.13368569271811687,-0.6531191593231314,0.46928719055277274,NORMAL,3581685,-0.3636429948910308,-0.20072236802606438,1.51082268,0.59472872,0.1649132000000001,-0.15756328690997906,1
-0.3014919562347109,-0.7158331356153499,0.7332815923739459,0.16107525510485698,0.30538515334125,0.4376007680653031,NORMAL,3581686,-0.4557332458534999,-0.46591766880296914,-0.7312434800000001,-1.40293694,1.50174427,0.39502016043257165,1
-0.37134547922131156,-0.7090803310598457,-0.16554631096823177,1.5488129083323467,-0.15450328750753037,0.5749084605208326,NORMAL,3581686,-0.7642517949871441,-0.0018042060277153242,-0.06884192,0.006099700000000041,-0.8852787,-0.9060458160515072,1
-0.780717086636056,-0.7804924265685781,-1.2621066629746298,-0.9162474075588188,0.21824840196705797,1.0026746021624304,NORMAL,3581687,0.23209192899026718,0.07155023718667637,-0.40344318,-0.06450540000000005,-1.0800304699999999,-0.6377010954266435,1
-0.6317789379119617,-0.0953496791443896,-0.20039243192216677,0.3254126144795254,0.1892028128925196,0.7280592604774674,NORMAL,3581687,-0.9645006725863156,-0.25553797117431054,0.14678126000000002,0.61887845,1.04570963,-0.568060548950393,1
1.1980902556022959,-0.10102073084068428,-0.007758921137888092,-0.9071175285202852,0.024611166300898372,0.7755888942086718,NORMAL,3581688,-0.2462010187749509,-0.12849185435711397,1.80336944,-0.005122569999999993,0.18972969504999998,0.024829290756280112,1
0.11184635610735967,0.36478296034773827,0.021991183882406198,2.516577216828656,-0.40623169181311286,0.43231971494116306,NORMAL,3581688,-1.3644563416438351,0.43526114217088563,-1.07051316,0.42075300000000004,0.02930164295,-0.6418478874741099,1
0.21037865872112446,0.49605375228963516,-0.2576733619656561,0.4897499589084217,0.43609027247782656,0.6646865192451574,NORMAL,3581689,-1.1090046361848995,-0.19047969739340143,0.09710538000000002,0.11857479999999998,-0.275448798,-1.4822167083724944,1
-0.424190620657136,0.5469733549156288,-0.3938983485659165,0.5810484503783145,0.029452096756693236,0.1629854609612164,NORMAL,3581690,-0.906547007095891,-0.6352414460679141,-0.62537959,0.04599485999999997,-0.13417149,-1.1542270098546505,1
0.2138749106541486,-1.118660129671835,-0.09911328953436582,0.2615036405590559,-0.6724828748065416,-0.42321263750378585,NORMAL,3581690,-0.38520463682820233,-0.25896898197636553,0.62882521,-1.50454,0.29034138,-0.1331276532940742,1
0.3255004059351057,-0.270472805472662,0.801299647078152,0.024127467084391983,-0.23195816529059435,-0.39152626688763087,NORMAL,3581691,-0.6065928553258064,-0.6372122697502894,0.11000895999999999,0.766154,0.8868398399999999,-0.6151879744075504,1
0.35473933755729736,1.5487516948457043,0.38478754787042674,1.34795607764086,-0.02379814459681938,-0.49714750227481413,NORMAL,3581691,-0.003380111995937299,-0.20402741182331213,0.028815499999999994,1.6432763000000001,-0.41023347,-0.09525869346982141,1
0.21017036221808258,0.9388246198503246,0.6951007731712286,-0.1036904702945065,0.910501539562722,-0.45489900811994083,NORMAL,3581692,-0.4424969252019218,-0.06638322923218871,-0.14247536,-0.55093734,0.30563547,-1.1495168014108677,1
-0.0864691189350929,-0.4889674871387724,-0.9700666231924887,-1.5827266194756207,0.07786140923935328,-0.7136711644968264,NORMAL,3581692,-0.4296466696257717,-0.0175391640780349,-0.292343615,-1.2897017000000002,-1.64006616,0.3200508070108282,1
0.3519313529567621,0.08822721298536766,2.940323945531546,-1.1079742545913662,0.13111164266815445,-0.5869256301608919,NORMAL,3581693,1.7872719068055867,-0.2740655479863138,0.432051655,0.5213707110000001,3.8514441600000002,2.134518127314701,1
1.0989188780492003,0.6711753840712659,-0.20800884401895808,-2.2400759075165726,1.3171397232085669,-0.9407569502575572,NORMAL,3581693,-0.21432284422123138,0.8722859965622337,0.73616982,0.5265677289999999,-3.10087387,1.4502173303329733,1
0.08041257415706834,1.0067057105342656,-0.541375595132102,-1.6283758801563395,0.6926596215036844,-0.5288339247622839,NORMAL,3581694,-0.531199317712104,0.129683688297687,-1.003756525,0.30307916,-0.32834148,-0.6940384543925382,1
0.01806757289085851,-0.2863668108241484,-0.4908977264913362,-2.559621001305503,0.8136828828985558,-0.9513189873440844,NORMAL,3581694,-1.0242374601181583,0.7085555868123052,-0.061442135,-1.16801166,0.04971695000000004,-0.621649627360032,1
0.6169499120385628,-0.04227166332927444,2.3221957950608276,-0.6514816477841793,0.0681795435729367,-0.8721030175776014,NORMAL,3581695,1.1379947626558444,-0.22067507120526367,0.59020946,0.22048723000000003,2.7706881,1.0590508641211407,1
1.2338978125773796,0.6567280445152949,-0.2063114672487631,0.7910351152710184,-0.541777755669965,-1.0833456093850355,NORMAL,3581695,-0.07682647638222279,0.12492221876190021,0.6080134000000001,0.63139522,-2.4903917800000004,0.8565794485175867,1
0.8604529380159449,0.26859124830868714,-1.931308716894878,-1.2449219768504334,0.9782745437546578,-0.8245735048794645,NORMAL,3581696,0.7916994825276951,0.3108655461734792,-0.36803673000000015,-0.35059774000000005,-1.69899412,-0.01533766244129283,1
0.21969678167905607,-0.05634080508990286,-0.5080574168475417,-0.14933973545895685,0.22793025970876307,-0.9618811108828027,NORMAL,3581697,-1.0407086625671365,-0.18205930822200048,-0.63147687,-0.29350591000000004,1.4017967800000002,-0.22475047774960424,1
-1.6146568139363975,-0.7712106941054194,0.22100366006817052,-1.7653236024154066,-0.34814052158874764,-0.9301947834927433,NORMAL,3581697,0.36930827626809976,0.22454615353066115,-1.8077888999999998,-0.6457305,0.71807099,0.2624676552699572,1
0.5052293703164524,0.002876405354957454,0.6214386175853032,-0.40497561619506267,0.05365674903566752,-0.3651209148147395,NORMAL,3581698,-0.7346762678994613,-0.6778966484472608,2.08918647,0.6992204559999999,0.39439868,0.452147561800411,1
-2.3093095179372964,-2.822050069298818,-1.3479079576096986,-1.5096878262997064,1.6995732228765916,-0.14331625133990172,NORMAL,3581698,2.6974485442049936,0.808434425276253,-2.7737793699999997,-2.551710756,-1.93966005,2.4647541331140452,1
0.30813476057024136,0.35862591529573407,1.1356927903365566,0.9462425657156086,-0.0915711725628897,-0.22253220381594654,NORMAL,3581699,-0.2793740771764555,-0.4813680782924976,2.57953904,2.87305358,2.4461622,2.7987364941575796,1
0.6488826548273348,-1.0923765896035529,0.5326182221121605,0.1702051191976185,0.18436188402166706,-0.0007275230506705625,NORMAL,3581699,-0.08415947988091342,-0.804359025728662,0.33581326,-1.31066728,-0.5939836399999999,-0.3128567126041815,1
-0.5418157513061802,-0.04687403668179497,-0.29479975645166206,0.07890658289040886,0.07786140923935328,0.057364182347937574,NORMAL,3581700,-1.027330205506737,-0.8698224072233328,-1.17345498,0.94438568,-0.81494523,-0.07650174595836615,1
0.15120453235097495,-0.2702744403858126,0.883733378041119,0.0697767292596879,0.2811805010622757,0.36366589464905574,NORMAL,3581700,-0.5802976750262238,-0.5400567559422186,0.68298412,-0.20179400000000003,1.16076757,-0.4293668852868376,1
0.36066596565047276,0.1947575444118849,-0.18020109155790773,0.8366843759517372,0.2763395801161346,-0.04825709799438507,NORMAL,3581701,-1.1920361937459525,-0.495344484503598,0.20642805999999997,0.42005593,-1.0478964,-0.6447996310442002,1
-0.13851501690708987,0.621230380845635,1.079996913869508,0.4532305623204645,-0.4207544625762476,-0.27006177703061723,NORMAL,3581701,-0.30683566037313664,-0.4914354583106634,-0.49195195599999997,0.38522607,1.2412014,-0.40142394958945543,1
-2.249448118635345,-1.275160750946088,-1.3130977175349758,-0.4597547409685429,0.4506130749398072,0.09433163202388993,NORMAL,3581702,1.6421009572031846,-0.5042583477257083,-2.080363044,-1.71297968,-2.3570203999999997,1.802223943325247,1
-0.5133658360411608,0.32621382619808154,0.033134038641188496,0.3345424486807425,-0.30457212212751716,0.44816290889445964,NORMAL,3581702,-1.1029195086718078,-0.42602455910145864,1.71094073,1.44649596,1.3259382519999998,0.819627710182041,1
0.6818958444031245,0.26723503026177986,0.41782879155923125,-0.2588979700601451,-0.08673024369203713,0.6277190436335478,NORMAL,3581703,-0.7114188924462562,-0.36950817086901644,1.17795217,-0.053274600000000005,0.378895748,-0.5533917855853504,1
-0.369050879342688,0.21065698548486045,0.6964398589548558,-0.6880011041552253,1.8835285992161035,0.8389616354409818,NORMAL,3581704,-0.7943140848795632,1.017646816768858,-1.03572715,-0.051106040000000005,0.2744112,-0.7202359684608873,1
-1.8326329959083711,-0.3290399700517121,-0.8333362076029588,-1.4275191092479418,0.8475694246180813,0.5009735179428322,NORMAL,3581704,0.6477692483108418,0.1947197922921077,-1.44238685,-0.4874996,-1.50671576,0.3554977783174699,1
0.40426889342977135,0.26164945556267033,-0.4452767013770946,2.060084610021469,-0.39654981029727326,0.06264524411729674,NORMAL,3581705,-0.9605474894501042,0.14340862534386245,2.20450758,0.53356028,0.38220978000000005,0.5145379348737291,1
0.5716301007388193,0.1757488485056691,-1.1316051436490724,1.6309814759263892,-1.9359658252053062,0.19467184886780958,NORMAL,3581705,-0.20911713442240973,1.0843524094743808,0.16493752,-0.07759264,-0.67598252,-1.0950114897531473,1
1.032978037650575,0.7719341760206634,0.5054272776004705,1.0101515844733948,0.24245306217074372,0.24748247520662037,NORMAL,3581706,-0.13056918497080078,-0.3649971818994899,0.45466680000000004,0.53852464,1.6123553,-0.029155662078671405,1
-2.649083447456423,0.21750269991618076,-0.7599761966362991,0.04238717135667947,2.8662374373640755,-0.11162986343330855,NORMAL,3581706,1.4849182869506323,1.7751615531364968,-3.6287387,-0.500809056,-1.2463284,2.0931113940017116,1
-0.6380604655808577,-0.9289795765890411,0.20695405203238873,0.8732037725396944,-1.045234516732861,-0.33871560596794364,NORMAL,3581707,-0.39707098985664324,0.14358240463845173,1.9818997999999999,-1.035599044,0.95235445,0.6456879585285091,1
0.034306470955095376,0.054774246325618337,-2.1333712688440993,1.4392545691107528,0.48934052968076214,-0.06410028935411595,NORMAL,3581707,0.7864310315098686,-0.1215438491215704,0.66262987,0.888609043,-2.30504655,0.7736604903620233,1
0.05974977109709084,-0.34927150402010687,-1.0638087604886823,1.4849038895745605,-0.038320933586790513,-0.24893752130796146,NORMAL,3581708,-0.38747687662641445,-0.21282265472224157,0.025074836000000003,-0.364968043,1.0534396000000001,-0.6775108659246057,1
-1.0556000396489842,0.3292597011830009,0.6225666722216661,0.19759466663858638,-1.1856215728582573,-0.30702923535178867,NORMAL,3581708,-0.28680149738505595,0.18010092426329957,-1.099197566,0.61290635,1.6609545,0.29701767853375627,1
-0.39034340287267866,-1.109988437935641,-0.20906715735387482,-0.1036904702945065,0.42640843851025584,-0.0852245450767717,NORMAL,3581709,-0.348407333076306,-0.6024819490494067,0.65562254,-1.3000497500000001,-0.81909753,-0.11875556603013526,1
0.590022657604748,0.32234078053595894,-1.1670941151259897,-0.7519100332383782,0.1117479192600327,0.34254162163596175,NORMAL,3581709,-0.1437262587633927,-0.4753560330829452,0.9661686199999999,1.2938,-0.94358537,0.08206698497938693,1
-0.2022382463635287,-0.060261166991627715,0.6982205008892902,-0.16759944122582157,0.08754326698105841,0.10489374691738917,NORMAL,3581710,-0.8535096366953021,-0.8229217758523214,-0.7807875599999999,-0.34559819999999997,1.8371963,0.23868852741305085,1
0.27200733127628146,0.8219330714911198,-0.9607305686865343,-0.15846959955171838,0.3102260742873911,0.11017481733196742,NORMAL,3581711,-0.29355793235268357,-0.6701216229570819,0.46737766000000003,0.7968719,-1.6339435400000002,0.08890304472693432,1
0.0998420626330227,0.15270889533691978,-0.8210865932151877,-0.22237855852641567,0.35379444204977567,0.0996126937932491,NORMAL,3581711,-0.7460342878959969,-0.6293534713164357,-0.16967201,-0.60449946,0.13753894,-1.1527321795557137,1
0.1746196853224518,0.8133873645014569,-0.03958112469752532,0.4167111208951906,-0.23195816529059435,0.09433163202388993,NORMAL,3581712,-0.8893470607145078,-0.651892224537254,0.07369471,0.5967802600000001,0.769724819,-0.8167318952288282,1
-1.2322116289059135,0.28258144479449004,-0.315391959541747,-0.13108003417582384,0.3005442086209745,-0.03241390577013229,NORMAL,3581712,-0.25396433920048184,-0.7203983216480033,-1.3864579,-0.47946847000000004,-0.271653179,-0.298454591435066,1
0.12656743343353064,0.17694766311442342,-0.16709167627165547,-0.5784428247167204,-0.11577582484186398,0.025677794441344378,NORMAL,3581713,-1.4307495431784472,-0.6876801459614278,1.33910153,-0.09541730000000001,0.14606476,-0.4408413880549054,1
-0.8005953998913751,-0.5528214056543336,-0.32078231539424173,-0.021521797930600665,0.9540698597768377,0.4164765382783047,NORMAL,3581713,-0.5345937411129532,0.006845661753436102,-0.91373587,-0.65918869,-0.15137386,-0.6557155041485434,1
-2.08051648882129,-0.1319739320725078,2.1139499340427856,0.9462425657156086,-0.6870056534943877,0.067926314531875,NORMAL,3581714,1.7588747004559626,-0.15718859211904165,-1.2613855600000001,0.38014477,2.3980303600000004,0.9530851294711623,1
-0.304688609446534,0.10561940281571365,-0.6946837587026751,1.019281418674612,0.36347632356561516,0.3214173745585251,NORMAL,3581714,-0.8543909589769821,-0.2819049220215918,1.7501107400000002,0.214614247,-2.7662955,1.500695233937887,1
-0.8320540367853628,-0.8713735494198631,0.260218608040359,-0.6240920853974392,-1.4518727796258204,0.36894697370885304,NORMAL,3581715,-0.2957795302781953,0.49990355928118996,-0.5197282400000001,-0.882502057,0.9405078800000001,-0.40052453957556566,1
0.03297589586634906,-0.26505003672104704,-1.023480286894889,0.8640739383384772,0.179520947226103,0.7491835594262187,NORMAL,3581715,-0.46436066374173735,-0.1317915427493038,0.852502764,0.5476823,-1.26434803,-0.16937608773181023,1
-1.0830884607724045,-0.03987753910040831,0.23160137319734614,0.7453858246987553,-0.2658446911606967,0.5485031257383792,NORMAL,3581716,-0.45317467773826386,-0.2793522874801873,-1.099901764,0.20339470399999998,1.23616218,-0.12226402838485714,1
-1.314675349940416,-0.30685824091816405,-0.9481672453553823,0.562788752084336,-1.2533944978030787,0.5643463024012378,NORMAL,3581717,0.1924334491122103,0.37865350259732083,-0.2282331000000002,-0.24115938399999998,-1.16198443,-0.5836136641985434,1
0.08576631076478523,0.5251763331583514,0.8842407259568659,0.44410069822770293,-0.4159135257806836,0.6277190436335478,NORMAL,3581717,-0.5551136135380756,-0.22422323542018902,1.3801607800000002,0.75156348,1.8047857,0.6080596874315696,1
0.038677511377999026,0.26717761752930963,-0.39035544171781034,0.6906067298168195,-0.11093489597101143,0.6118758669706892,NORMAL,3581718,-1.219807369536793,-0.2893234932773299,-0.04640686999999999,-0.23304610000000003,-1.25538252,-0.5140210327797122,1
-0.06053931028648222,1.0845808235400485,0.3015986025785225,-0.04891135598306683,0.47481774306820446,0.6435622721677207,NORMAL,3581718,-0.5764829913498902,-0.2291513922457623,-0.097779986,0.7383472,0.6815233199999999,-0.7837430077046703,1
-1.0100502376761138,1.0546890604038242,1.0941781866595703,0.05151702648197765,-0.39654981029727326,0.09433163202388993,NORMAL,3581719,0.30498364502657177,-0.5865546571927756,-0.935760324,-0.027000750000000018,0.780632,-0.5731261045305015,1
0.22390596816976852,0.6063201414472466,0.23948309464747705,0.13368569271811687,-0.02379814459681938,-0.26478071526125807,NORMAL,3581719,-1.0107994986246769,-0.8147957165395551,1.21608633,-0.40500444999999996,-0.8418111599999999,-0.25669581846081635,1
0.3156529675503824,-0.6263766810471586,1.035939681844703,-0.27715766835412364,-0.043161864042585374,-0.15915944529319834,NORMAL,3581720,-0.21174382270995573,-0.8483970744418308,0.09041833999999999,-1.11347526,0.7844505599999999,-0.4261220451751801,1
-0.6810076469889033,0.06049007242515298,1.1895266989375095,0.28889321789156824,-0.4788456407253242,-0.31231028847592873,NORMAL,3581720,-0.11957108963254853,-0.4622791801152154,-0.9822272,0.620435717,0.15127180000000018,-0.6207495326114669,1
-0.07201064862457499,0.4175710009022302,-0.1316210310502499,0.08803643203739817,-0.05284372574664624,-0.38096414334891254,NORMAL,3581721,-1.3286466212007433,-0.7192686065385112,0.6001776409999999,0.32254547299999997,-1.30123235,-0.32172709317736137,1
-1.3496979391896948,-0.04671563245092792,-0.6847144787652758,0.30715290123977457,0.019770235052632368,-0.26478071526125807,NORMAL,3581721,0.0219664678534665,-0.7657172570250121,-1.259184111,-0.41938266599999996,-0.54475595,-0.35612076352771743,1
-0.34890880637867483,-0.04152990986739082,0.7627402409416273,0.37106189010601637,0.7023414792453896,-0.7136711644968264,NORMAL,3581722,-0.7335731993043799,-0.09984884202050417,0.98629593,0.004684179999999996,1.42563535,-0.05541397239435834,1
0.5773196961784943,0.8143364016188898,0.1713313851911617,-0.4232353144890413,0.6781367952675694,-1.0886266797996138,NORMAL,3581722,-0.6236084585787471,0.1286620569799167,0.91281507,0.773090306,-0.5824937800000001,-0.46089128179678274,1
1.2226085236376707,0.35701373122733754,0.6571329345014036,-0.359326355514344,0.029452096756693236,-1.0675024327221772,NORMAL,3581723,-0.010293626421137445,-0.10106386193994087,0.6359439,-0.41309222999999995,0.47847843,-0.8972994147079502,1
-0.610240736530663,-0.2532254383189612,0.06455828522718614,-0.22237855852641567,0.12627071379730187,-0.8721030175776014,NORMAL,3581724,-0.9541737381182085,-0.27655051033900846,-1.80630635,-0.5512192499999999,-0.583642,0.18914318567608263,1
-0.395167443543137,-0.06807971615120206,-0.45662194297624775,-0.377586083699867,0.4215675017146918,-0.42321263750378585,NORMAL,3581724,-1.0290210206305304,-0.4677768069439009,0.21195865000000003,0.16723915999999997,-0.5133238,-1.2158572842956992,1
-1.05562899903225,0.19565179255650741,0.8771839905962688,-0.21324870937942636,-0.1448214139164023,0.2527635283307604,NORMAL,3581725,-0.1280899326556512,-0.6717198768831901,-0.6508969,0.23822444,1.3136997400000001,-0.3051196695884367,1
-0.4236957439643331,-0.004174329877589631,-1.2746147131007923,0.01499761494824824,-0.30457212212751716,0.15242332877727896,NORMAL,3581725,-0.15886174664083846,-0.6452704689088372,0.62278174,-0.18049973,-2.11936184,0.4302354515268662,1
0.127220866301145,1.2639877523011418,0.5049218181520506,-0.3228069439806146,-0.23195816529059435,0.08905057025453078,NORMAL,3581726,-0.2926314955628585,-0.6953932981517714,0.54293836,1.1455104600000001,1.7527112599999999,0.376678421405641,1
-0.5537734702993713,-0.4750221049107865,0.5049973365390292,0.5262693554963788,-0.048002796875793674,0.09433163202388993,NORMAL,3581726,-0.6755616374497616,-0.6862607751951183,-0.67113233,-1.5708197,7.43799999999295e-05,-0.08094328626805132,1
0.5124820723132247,0.480178190750778,0.10656378887868433,0.8458142101529541,0.37799912602759583,0.36894697370885304,NORMAL,3581727,-0.9274207413252532,-0.3151163764812379,1.05081427,0.8628171,-0.39242743999999996,-0.37571983118874214,1
0.5329410546879454,0.3001510472748414,0.19221019873379047,-0.06717106324450876,3.6746730739026994,0.45344396201859977,NORMAL,3581727,-0.9663926866594492,2.5935707546169757,0.020162699999999978,-0.16261563,0.08435534999999998,-1.613914663503412,1
-0.23865393009330377,0.14782719232415079,-0.5035936892695827,0.27976335379880674,-0.633755443839721,0.7386214185970621,NORMAL,3581728,-1.0890184475858309,-0.04139620498474693,-0.7604209200000001,-0.137591694,-0.68531513,-0.7602803127378963,1
-0.9494690850689073,0.9822602857037304,1.354912067951341,-0.2588979700601451,-0.4788456407253242,0.9287396941653067,NORMAL,3581728,0.44272023037618896,0.007631103247710927,-0.70052129,0.753730024,1.8304900800000001,0.31309695432764006,1
-1.165013784863639,0.19456648046214772,-1.860505914056045,0.8640739383384772,0.2763395801161346,0.3319794980972434,NORMAL,3581729,0.836988135959413,-0.37324647912007336,-0.21242322999999996,-0.7115111749999999,-3.1669478,1.472916969536646,1
-0.21283660947095343,-0.6367789360164821,-1.567981309802682,-0.36845620466133333,0.43609027247782656,0.7755888942086718,NORMAL,3581729,0.2852584276375599,-0.13102800261283007,0.93838796,-0.750940975,0.2881150000000001,-0.5560249076433388,1
-0.4159026460759737,-1.0761213467934274,-0.2996362634187458,0.5171395212951618,0.24245306217074372,0.4376007680653031,NORMAL,3581730,-0.3503438664792432,-0.4325112044435943,-0.20012528000000002,-0.3968509499999999,1.24922563,-0.46547097539660676,1
-0.2300393253273735,0.25728450478256704,-0.6984290158401715,0.38019170936146124,0.23277118857961565,0.24220140479204208,NORMAL,3581731,-0.8568930981860033,-0.6009021783267241,0.18317169000000003,1.2044441099999998,-0.39278123,-0.5116355518553194,1
0.558888377979673,1.3660579812517772,-0.37473434458058175,-0.04891135598306683,-0.4013907550175488,0.18410971668387216,NORMAL,3581731,-0.10336475574718618,-0.5501063135938479,0.7775026300000001,1.0015372900000001,0.31881519999999997,-0.4841419522381148,1
0.26391152970131126,1.0493884570017673,-0.09786809306664969,1.019281418674612,-0.24164000718287654,0.06264524411729674,NORMAL,3581732,-0.6095807091266108,-0.4067011480620005,-0.29070506000000007,-0.2860425000000001,0.272692686,-1.3057847589968046,1
0.47467268528620643,1.0192270001563826,-0.5474330977565761,-0.12195018203968008,1.1719116985887605,0.42175759140244473,NORMAL,3581732,-0.3787350062034512,0.20517859659327414,0.20770896000000005,-0.027244359999999967,-0.442788126,-1.3065485866548114,1
0.4310514118289314,1.175093114421612,0.1849878772783783,0.28889321789156824,-0.6579600485704264,-0.28590497962913297,NORMAL,3581733,-0.394336528492469,-0.31205552729549096,-0.04298956000000004,0.14079136000000003,0.72138024,-1.058675719273555,1
1.6177972578775421,0.9928193130804025,2.64439735876609,-0.7519100332383782,-0.4643228382633436,-0.058819225855712955,NORMAL,3581733,2.098945800544852,-0.4142797229086158,1.16955966,-0.16464500000000004,2.4223356,0.9116936291886023,1
0.23573111731629937,-0.8801031077878779,-0.08377201045913407,0.562788752084336,0.0681795435729367,-0.006008584820029723,NORMAL,3581734,-0.6282854541122985,-0.6972357399025694,-1.3620513699999999,-1.6917807699999998,-2.68704412,1.676359175094661,1
0.10435402383896639,0.4251775458530108,0.27607789573398983,1.110579850361416,-0.982302481035335,0.04152098839464097,NORMAL,3581734,-1.1925045153472826,0.1251699657555938,-0.12947452,1.17903907,0.35442542,-0.5539837608316731,1
0.18370989773114219,-0.06509508436644174,0.4538378022645767,-0.6149622063589054,0.7846373096734405,0.5379409849092228,NORMAL,3581735,-1.0953896671571688,-0.03197489905445482,0.07820665999999998,-0.4428554,0.17508030000000002,-1.3138482009006394,1
-0.9292070244710052,-1.0644976486721238,0.5902022003963784,0.4532305623204645,0.1456344372054236,0.2210771577146054,NORMAL,3581735,0.04829330173950093,-0.6294922380196997,-1.0967999099999999,-0.9027443,0.13430879999999995,-0.3639354810352371,1
-0.5732996642421144,-0.3257740203061341,0.3310717903140116,0.7636455379385061,-0.12061675371271657,0.16826652273057557,NORMAL,3581736,-0.8566789008498618,-0.5344736510470628,0.35075318999999994,0.6672772,-0.25522419999999996,-0.9986865431077375,1
-1.1682010420036668,-0.24539719121229012,-1.0781526851420684,0.9645022640095873,-0.09641210143374226,0.3214173745585251,NORMAL,3581736,0.14540182812464894,-0.38346639110930464,-0.5862861500000001,0.07260309999999998,-1.3879814000000001,-0.2818438518103564,1
0.07912573341934312,0.40798387167124994,0.5840004533884939,0.27976335379880674,0.5280679606475827,0.6488433425822991,NORMAL,3581737,-0.9262459143422517,-0.17938422604907595,1.2292632700000001,0.59018863,1.63709734,0.34400122802462335,1
-0.997598991533909,-0.8293638914061707,-0.8633767883927524,1.7770591519528514,0.019770235052632368,-0.10106773643650258,NORMAL,3581738,0.08420075720500239,-0.07910413240446602,-1.06113184,-1.11767638,-1.42555904,0.3125907452529535,1
0.9223740354016341,-0.1983128831073231,-0.3076361156073141,0.6449574242987842,0.3150670110829551,0.4164765382783047,NORMAL,3581738,-0.49354796847266685,-0.3814091239706082,1.89216841,0.57001825,0.54736327,0.26348195656061274,1
-0.8795396426339552,-2.1941341216718895,0.08293896108773202,-0.26802781920713437,-0.05768466254221027,0.34254162163596175,NORMAL,3581739,0.9333561437909764,-0.6165397727812372,-1.7758187699999999,-1.8027932999999998,0.38468743,0.7755548169853628,1
-0.4953392592157481,-0.17388967720352677,0.4820464276045031,-0.8888577853889899,0.4070446992527112,-0.03769496926853528,NORMAL,3581739,-0.8863768366730448,-0.41862028688281067,0.37863648,1.8248543899999998,0.39309120000000003,0.1167701174435703,1
-0.6145058529865336,0.7976707563009736,0.5165100730064249,-0.021521797930600665,0.0439748912939624,-0.27006177703061723,NORMAL,3581740,-0.5211544186273055,-0.827864010026958,-0.11744084999999999,0.87759495,0.03394413000000002,-0.9079609227458951,1
-0.016415874629331976,-0.33758001990556863,-0.6220421978703775,0.5262693554963788,0.2037256074297888,-0.6238930711916252,NORMAL,3581740,-0.8675934407578558,-0.40844691224231033,0.5894285739999999,-1.0254538100000001,-1.12138939,-0.1597183927867062,1
-0.9189170676337216,-0.3464180048647545,-0.5678558565927906,0.13368569271811687,0.0439748912939624,0.07848842942537425,NORMAL,3581741,-0.4093320474124007,-0.85261910450673,-0.8894313739999999,-0.007983210000000018,0.05336952000000006,-0.9029327646663167,1
0.6672900262341073,0.3744257863502297,-1.789991153249826,-0.15846959955171838,0.5813182178505181,-0.8456977519569012,NORMAL,3581741,0.5619461996013859,-0.11772341774772381,1.5632359999999998,0.65112663,-1.20371246,0.2907175277268122,1
0.3699857527075129,-0.8260261259267836,-0.37171914251376315,0.3345424486807425,-0.8419154249099386,-1.1044699083337868,NORMAL,3581742,-0.5462562592764324,0.24698844685165675,-0.29299877999999996,-1.0843489499999999,1.39689255,0.003851018423471486,1
0.17792844199129004,0.3301021162359487,-1.191495549722535,-1.8474923792502602,-2.361967803581676,-1.9758454028607177,NORMAL,3581742,-0.27740651525194326,2.013743113635332,-0.18927598,1.04431209,-0.8074188500000001,-0.4578177851799101,1
0.7252093001131138,1.5164343932172781,0.6676619114810973,-0.9618965785649042,1.5882318192234253,-0.6819847506545761,NORMAL,3581743,0.2438535605979005,0.6934951658570264,0.53935526,1.07159491,1.83113196,0.402864264448404,1
-0.25514031216519806,1.7699463691209982,0.14311502322702485,-0.5601831114769696,-0.7015284480316569,-0.8562598409147432,NORMAL,3581743,0.13088097536182045,0.015924792190847824,-0.96615241,0.22899330000000018,-0.51663971,-0.673351129582561,1
-0.15736195400519987,0.16701859268255487,-1.0628201579960617,0.5993081935096098,-0.9338931130796947,-0.38624519647305255,NORMAL,3581744,-0.4672587505318771,0.005004185847834554,0.09636235400000001,-1.4478989400000002,-1.18775655,0.08709191422269326,1
0.33612659196786854,1.0042271875959392,1.3394062282393586,-0.6240920853974392,0.4070446992527112,-0.19084582455457247,NORMAL,3581745,0.20748069429440763,-0.5027755558894695,0.48634195599999996,0.75623709,2.3660145000000004,0.7468754430626604,1
-1.2789152806715987,-0.041533080520414246,1.499699538013956,0.30715290123977457,0.08754326698105841,0.2263582367744028,NORMAL,3581745,0.5839128366722793,-0.6874732962972082,-1.5916532,-0.94461847,0.15787699999999982,0.06933946371147677,1
-0.615385329365365,1.3803382083517826,-0.21580535091922184,0.2523737764662944,-0.41107259690983095,-0.09578667293809959,NORMAL,3581746,-0.14264853413059234,-0.5753298713005225,0.65392086,1.28435352,-1.6896448499999999,0.4347570904826019,1
-0.5404975209916739,0.6283495818133708,0.8645093289172264,-0.377586083699867,0.43609027247782656,0.3372605512213835,NORMAL,3581746,-0.3961352014362384,-0.4296518133796289,0.07380329999999996,-0.67925926,1.06402969,-0.5272574827713592,1
-0.5002065969038643,0.28306289915669525,-1.2611441538208816,-0.07630091538065249,-0.3094130668477927,-0.18028369669324454,NORMAL,3581747,-0.132967533666414,-0.6825736424974902,0.03970743999999998,-0.31189192,-2.09361074,0.3303981360031514,1
-0.08035695901174066,1.3036577805777365,0.8617052189159732,-0.08543076751679624,0.4022037624571472,-0.07994348157836872,NORMAL,3581747,-0.04739142500345723,-0.6269945255338204,0.41376947,0.92188698,2.0908489,0.5367590820204539,1
0.5030445603912055,-0.5289189440833435,-0.848932145481928,-0.29541736664810225,-0.6240735860980159,-0.8668219990343379,NORMAL,3581748,-0.3687891310479333,-0.056230545152314564,0.5749528300000001,-1.65533715,-1.6848507000000001,0.6461147498206781,1
1.4974184592287414,-0.6015485415692085,1.0335199054036397,-2.1944267365104873,-0.3578223793304528,-1.5797655540283029,NORMAL,3581748,0.5918510831410003,0.7817773167792842,0.9799736,-0.06560515,1.8540754,0.31135125558134813,1
1.169066845108544,-0.2529591876024344,-1.8378242030930638,1.22013818958301,-0.7305740608803296,-0.14859730878665137,NORMAL,3581749,0.8910831818554809,-0.04097668022324299,-0.32359650000000006,0.31487517000000004,-2.8280605999999997,1.0816399315501677,1
-0.15459315589458558,-0.4312516384682245,-1.6942471796687384,-0.36845620466133333,1.6124364239541307,0.42175759140244473,NORMAL,3581749,0.3468552290209715,0.6219806794966053,-1.304491055,-0.16104870999999998,0.14141270000000006,-0.4694502495689871,1
-0.8253114927817433,-0.4033425409067823,1.5924259235614413,-1.19014303142622,-0.45948190146777956,0.3583848242344775,NORMAL,3581750,0.4454128812703226,-0.16275200123988753,-0.6610051450000001,0.025209839999999983,3.2371288,1.5244107494267305,1
-1.7459958360731511,-0.9701641895029762,-0.7967627279217505,-0.3319368080733761,-0.25616283341899154,0.3953522652652107,NORMAL,3581751,0.7696986254403732,-0.49614501584120896,-0.9073511999999999,-0.5120009,-2.3531733,0.7895230500549734,1
-0.48452292956594994,-0.26117187638819533,-0.14282682050566112,-1.0531952194925194,-0.3432995768684721,0.07848842942537425,NORMAL,3581751,-1.0615138830970814,-0.3632050262198432,1.24320454,0.64042138,0.64407828,-0.25047851697356616,1
-0.015103569116468688,0.5160391842443754,-1.7940448600507286,-0.6971308785733534,0.997638259238068,0.2580446073905578,NORMAL,3581752,0.4364785125727846,0.0541245571483349,0.46262133499999997,0.70204228,-1.62632708,0.04240174294714072,1
-0.08358371516761937,0.9497002032764091,3.5753583459207503,-0.824948856305837,1.4526858108395533,0.12601800264004492,NORMAL,3581752,2.609055612017593,0.46609555155364873,-0.067488432,0.39171903999999996,5.2884632,3.5356897376404977,1
-0.4961332475763544,0.7750483683931789,-1.0350947163125368,0.16107525510485698,-0.4013907550175488,-0.40736943490527017,NORMAL,3581753,-0.19933840640507836,-0.49916359265108845,-0.406575083,-0.15776020000000002,-4.5409537,2.789735462743184,1
0.2894871703689923,0.3984254488065048,0.06261109265817283,0.01499761494824824,0.8185238513929658,-0.291186032753273,NORMAL,3581753,-1.1958462003927361,-0.19747533073651444,0.77424324,-0.34019743999999996,1.08115866,-0.4185063778387072,1
0.18208006485857317,0.5780956613322734,-0.43146336497123766,-0.03978150384692309,-0.5659823604006704,-0.21725113340136826,NORMAL,3581754,-0.942796222778525,-0.4335045111419125,-0.10585165999999999,0.16229322000000002,-0.48662663,-1.2724061630578145,1
-0.8023054240764704,-0.1986795230753038,-0.23914841126254943,-1.1171040887925834,0.6055228225812236,-0.5077096517491898,NORMAL,3581754,-0.7355927501867031,-0.11037261951228827,-0.97012984,-0.70164856,0.18941594,-0.5799212894828568,1
0.42354705542978477,-0.06547229686807247,0.45361027241082674,1.4483844929866032,-0.4691637829836191,-1.3526798547197632,NORMAL,3581755,-0.9328183308156631,0.44365279365405696,1.20809996,0.12032395000000001,0.6823158300000001,-0.3983356792530871,1
-0.9228204657663052,-0.3512238690455694,-0.4396539625128805,0.2980230520927853,-0.5175730716921447,-0.9407569502575572,NORMAL,3581755,-0.47269471901114074,-0.06202715491990026,-1.32686973,-0.25811481000000003,-0.8797988999999999,-0.1768560275474087,1
-0.20790139886249207,0.20537149360995788,-0.5845488518460301,0.4806200798698879,-0.11093489597101143,-0.6925468828385133,NORMAL,3581756,-1.0018830519719377,-0.3839728650617508,0.7045657700000001,0.5027636600000001,-0.14271070000000002,-0.9168417877309938,1
0.09029508545989202,-0.21564608152111667,0.7412436752159746,0.9279829421504913,0.19888467063422477,-0.645017318269062,NORMAL,3581756,-0.7685643980200114,-0.27493959904119303,0.29387807,-0.38029842,1.30580713,-0.39956951648003264,1
0.8696271265479388,0.1982446427775601,0.3760092105619887,-0.3958457670480734,-0.03348000233852451,-0.5658013485025788,NORMAL,3581757,-0.5485806935578674,-0.5247643526520325,0.76804593,0.37386085,-0.35972881,-0.8669252340417567,1
-0.1550395048191792,0.16985581788558735,0.9060578031694966,-0.3867159029553119,0.029452096756693236,-0.40208836449069185,NORMAL,3581758,-0.6307905873620612,-0.6581720481931845,-1.0098276400000001,-0.025643169999999993,0.52205848,-0.6554511833628469,1
0.3335955986933289,0.22930328150727142,0.36350787160197207,-1.0623250686395087,-0.4546409963710614,-0.04825709799438507,NORMAL,3581758,-1.078936047843417,-0.30789328878011557,0.4815588,0.05369794,-0.53437137,-1.0736690950493246,1
-0.08929065478172189,-0.9179049195502919,0.4466387211409465,0.343672312773504,0.37315818923203176,-0.38096414334891254,NORMAL,3581759,-0.5138298670065323,-0.521570708919281,-0.41676211,-1.03625476,0.08187770999999999,-0.67271609615853,1
-1.4962025864943362,-0.17888927891196,-0.19814991758358516,-0.20411884528666485,-0.01895721255608223,0.057364182347937574,NORMAL,3581759,0.03276402955733762,-0.8618686403253945,-1.38653735,0.66754097,-0.6350689,-0.12463138449103907,1
-0.7710571942502473,-0.26485426218170977,-0.8688533436409784,0.6266977708421222,-1.4615546373675257,0.24748247520662037,NORMAL,3581760,-0.33898214530154636,0.49015078087697506,0.714644,-0.07765078999999997,-0.66059304,-0.817208355118088,1
-0.06565269517473284,0.8778131740571155,0.1788587245790307,0.6723470016312965,0.19888467063422477,0.2580446073905578,NORMAL,3581760,-0.8320307148472358,-0.5120343371361182,0.6951889899999999,1.03215316,1.03191854,-0.17304609850636654,1
-2.0739909879879774,-1.50358294207313,2.2370286599378173,-0.5967025379564713,0.11658884813088527,0.15770439054663812,NORMAL,3581761,2.242138298115106,-0.6373316044289129,-1.9792539900000001,-2.1510769,2.02714446,1.7791288828667013,1
0.5584251191699312,-0.8192720371682393,1.6020892920979708,0.3162827503867639,0.08270233018549437,0.0996126937932491,NORMAL,3581761,0.5272212371518488,-0.7688168748465033,2.5942940500000002,0.61812706,-0.6253681,0.956277324826752,1
-0.4362116971797987,-0.8685321394862342,0.2750970400186295,-0.08543076751679624,0.2811805010622757,0.37422802683299317,NORMAL,3581762,-0.5451148117871818,-0.5336613618190883,-0.9802327100000001,-0.044495860000000054,-1.30698877,-0.15523131220775885,1
-1.2300284120511547,-1.796381124534443,0.36374704700423843,-0.6058323871034605,-0.24164000718287654,0.7386214185970621,NORMAL,3581762,0.78570808547764,-0.19123402182632226,-0.7823208400000001,-0.8381110999999999,0.08731367000000001,-0.6426395266094842,1
-0.9919115573936859,-0.9075292564404734,0.15015434610662312,0.4897499589084217,0.576477328603223,1.4357217969281686,NORMAL,3581763,-0.16034094939899543,0.4671741624800272,0.23466850000000006,0.8028856299999999,-0.21037294,-0.9316436544685962,1
-2.765727358301266,-0.17947273885013518,0.9279252395108467,0.8732037725396944,0.024611166300898372,1.155825393473846,NORMAL,3581763,1.6901577894974662,0.17817852068819479,-1.7481278000000002,0.65764177,0.76604654,0.23145423149252659,1
-2.1712230812629474,-1.022154928171666,-0.12761432271846887,0.28889321789156824,0.7023414792453896,1.7103371818392272,NORMAL,3581764,1.0648844694159607,0.7245242881645027,0.5858948000000002,-0.7611813000000001,-1.03962804,-0.3754238370755813,1
-2.6914841853931946,0.052803357778372334,-0.7602773361036005,1.4849038895745605,0.08270233018549437,1.0079556639317897,NORMAL,3581765,1.5298977469138377,0.23018297888537798,-0.5127267999999998,0.970992571,-0.6231260599999999,-0.5292470016744611,1
-0.791801305801482,1.55671962117443,0.3127308128795328,1.2383978878769883,-0.17386700299094063,0.8917722185536969,NORMAL,3581765,0.14252756227247448,0.08254518193807114,1.8721720999999998,1.358463429,1.0568333,0.7589489587743761,1
-1.2469085666480657,-1.5113817078634557,0.02123593300248834,1.34795607764086,-0.9774615125409252,0.5379409849092228,NORMAL,3581766,0.5131235289089694,0.3025207460733495,-0.4485165,-2.7713666999999997,-0.287100798,1.0395821907608167,1
-1.3204798088063592,-0.07961665307228023,0.3688982274544669,0.3162827503867639,-0.14966234278725485,0.28444989894691536,NORMAL,3581766,-0.13809005986911738,-0.6173107205792244,-0.07250580000000006,1.2932904,0.342421528,-0.45150688286533863,1
0.3151978060033759,0.2009046258196115,0.967511017486532,0.3254126144795254,0.19404374968808366,-0.09578667293809959,NORMAL,3581767,-0.4896518313827124,-0.755169745264271,1.6119901,0.25339037,0.5895891200000001,-0.053935930658401375,1
-0.5223052242477265,-1.4484345031185797,-1.1738236582926134,0.05151702648197765,0.1892028128925196,0.28973097800671277,NORMAL,3581767,0.5031659067012991,-0.6438253144754172,-0.8253745,-1.48982157,-2.10905555,0.9277417489425627,1
0.22278502492212918,3.1489301254236426,2.0995836726790804,-0.4780144392625216,0.431249343606974,-0.259499662137118,NORMAL,3581768,2.436759459314918,-0.5079069005630062,0.73430002,4.1527256999999995,3.224063,3.5407204201211093,1
0.40283985846731024,-0.5067704049559554,-2.8557173316079454,-0.3228069439806146,-0.8661201088877588,0.04680205016400014,NORMAL,3581768,1.736488122072499,-0.13632623191713716,0.17744731999999996,-3.3021356299999995,-4.8806033,4.1312510542026954,1
1.1359207305429917,-0.006399643402676652,-0.8644844861635745,0.3893215734542227,0.1117479192600327,0.28973097800671277,NORMAL,3581769,-0.0019234894737280726,-0.6131766347525933,0.7224645600000001,0.45197687999999997,1.9612164,0.3518032923431518,1
-0.12336029361775155,-1.552703376239786,-1.6467859345218117,0.343672312773504,0.0439748912939624,0.2263582367744028,NORMAL,3581769,0.8990013626081113,-0.6840793053684273,-1.2410444,-1.39675135,-0.7705088000000001,0.23382446288958225,1
-1.172674424521742,0.75926357565369,1.9255399855625757,-1.0075458990287116,0.1456344372054236,0.27916888040365173,NORMAL,3581770,1.021472283391502,-0.40013731621847975,-1.0341182,2.08836265,3.5184756000000004,2.446079672434403,1
0.025481875146177377,-0.12645725043821934,-1.1727663196505105,0.6266977708421222,0.6732959060202742,0.3953522652652107,NORMAL,3581770,-0.32806011704389076,-0.1720311295781964,1.18080487,-0.80005741,-3.0516015000000003,1.5892532829859238,1
-1.1806662604902152,-0.5749046164874086,-0.15290651486338747,-0.5510532473842081,-0.15934420052896,-0.0905056094396966,NORMAL,3581771,-0.19157934212556735,-0.6914611016107167,-1.18868097,-0.4050753100000001,1.00448613,-0.18160694535005306,1
0.9974616980194754,1.080344171286092,-0.19099342850531328,0.03325731922053572,-0.20775351301162004,-0.053538161492788054,NORMAL,3581772,-0.0736494332372042,-0.7959493451937105,2.1465848000000003,1.49515967,-0.037512779999999996,0.8325316477112724,1
-0.03542356877479398,0.0030321194018695656,0.5703391284494084,-0.4871442884095108,-0.0915711725628897,0.18939078709845045,NORMAL,3581772,-1.0341515579299319,-0.6637620607751284,-1.017927255,-0.97311869,0.7498560000000001,-0.19436251093082732,1
-0.028549595948567416,0.13536101051146113,0.5467908038912987,-0.359326355514344,-0.06252558348835138,-0.0852245450767717,NORMAL,3581773,-1.0644180342358467,-0.8228921233853934,0.0067744254999999995,0.119530564,-0.02319335,-1.6766373945952286,1
-0.11352132793275742,0.38034380357601627,0.5618599609165437,0.2523737764662944,0.1746800342046734,-0.058819225855712955,NORMAL,3581773,-0.9707640111956695,-0.7958326937185196,-0.0837411905,0.221289026,0.014842000000000022,-1.5608302471067799,1
0.7089224069953214,0.5665950585006606,0.19150626746113567,0.30715290123977457,0.024611166300898372,0.1312990644094041,NORMAL,3581774,-0.6661887860724958,-0.7629483759074923,0.81053329,0.16823777,-0.3647708700000001,-0.8893051800532198,1
0.08924272541880278,-0.8109800931276087,0.16756578134117459,-0.24976812091315578,-0.38686795255556816,-0.22253220381594654,NORMAL,3581774,-0.7228253300306421,-0.5837403723327705,-0.61070562,-1.24434153,-0.02357959999999998,-0.40471934724324055,1
-0.4310594839888133,-0.802137292407022,-0.7205124075581062,-0.24976812091315578,0.21824840196705797,0.16826652273057557,NORMAL,3581775,-0.36893478843207783,-0.6950313945409402,-0.51276731,0.007987560000000005,-0.87469103,-0.779324925887791,1
0.5352792356987087,-0.76404428760524,0.5390659572189586,-0.03978150384692309,0.0004065116445106421,0.004553538718688605,NORMAL,3581775,-0.4120399817844753,-0.9441772821980601,0.95234442,0.034408799999999906,1.2405911,-0.22562890932844473,1
-0.3536045186258103,0.4102334522055107,-0.2695017567620605,-0.4871442884095108,0.7023414792453896,0.052083116255968856,NORMAL,3581776,-1.1241085423128945,-0.2863792462694603,-0.87601114,1.06070624,-0.7963791199999999,-0.20027098567223825,1
-0.11922644819948099,-0.2410007331748382,-0.11457850283149784,0.09716628118438747,1.3365034386919772,0.08905057025453078,NORMAL,3581776,-1.3403374726725679,0.29192801724819106,0.23098385999999999,-0.5882493900000001,0.152587894,-1.1453024661540796,1
-0.41429695278742346,-0.04167184751548191,0.5337016947053366,-0.3136770798878531,-0.39654981029727326,-0.5024285813346115,NORMAL,3581777,-0.9342541237604314,-0.4363394153303042,-0.29079736,0.180050584,0.638507826,-1.070650236174203,1
0.5913697052452792,-0.21193580859434105,0.5893762903792813,-0.377586083699867,-0.28520840664410696,-0.09578667293809959,NORMAL,3581778,-0.6473261792504774,-0.668823945876586,0.99110282,-0.153796704,0.05483534000000001,-0.7888609020542008,1
0.033466997895320434,-0.7423958348548562,0.249581176179016,0.3254126144795254,-0.3529814425348887,-0.349277729506662,NORMAL,3581778,-0.776367323725374,-0.5408682344929456,-0.549823286,-0.47915603,-0.33467294000000003,-0.99209301828679,1
0.43992964439326054,0.6812831690693254,0.8311988974099269,0.3893215734542227,1.6463230449207706,0.0996126937932491,NORMAL,3581779,-0.40883236179340515,0.6061762905693074,0.40057634599999997,1.2859864,0.57285024,-0.3268982418174494,1
-0.15285252344753458,-0.6782591923975627,1.272460061498113,0.14281555681087837,0.23761212537517967,-0.31231028847592873,NORMAL,3581779,0.0029349500991580854,-0.6882496449873889,-0.58419763,-1.2280528,0.43460946,-0.3631144572914134,1
0.27297731841150097,0.4463368058108006,0.5224174932436553,-0.15846959955171838,-0.028639073467671947,-0.18556475413999418,NORMAL,3581780,-0.8941753480849187,-0.8797737300908747,0.41966307,1.01582952,-0.7387362,-0.4671212176122481,1
-1.072261974029877,-0.1402887039292498,0.2068485110761312,0.5445290986276741,-0.13998047712083825,-0.26478071526125807,NORMAL,3581780,-0.4558077273250278,-0.6386916435429231,-1.3257578399999999,-0.52988941,-0.310812,-0.3294292948140462,1
0.8807141462704011,-0.31687130487129206,1.4302106413943905,-0.7792995507878017,-0.5466186845408175,-0.4813043601928322,NORMAL,3581781,0.3393362959082359,-0.24701680361407638,1.92469356,-0.15950422999999997,1.2049208,0.49059966849150777,1
-0.14220190864279816,0.027736466135029638,-0.20276371739573776,-1.162753409256391,-0.4643228382633436,-0.006008584820029723,NORMAL,3581781,-1.4572265611342534,-0.25979580838336563,-1.008102415,0.31127867,-1.60835841,0.13569024862459056,1
-0.22389389864227033,-0.3503545521530724,-0.9282906190864686,-1.3270907536852872,-0.38202701576000414,-0.12747305479303941,NORMAL,3581782,-0.5211844512188999,-0.23419337011521982,-0.080508945,-0.34152355,-0.7145900900000001,-0.9984761413866988,1
-1.976153426458111,-1.6937967715390885,0.23452361393703683,-2.4409328876657814,-1.1904624621055524,0.09433163202388993,NORMAL,3581782,1.2758483664922604,0.7080239836562873,-1.7268837,-1.2135098000000002,1.1452856200000001,0.6163411527003271,1
-0.5588896313919882,-0.7574645183386887,1.0706299128667116,-0.6423517836914178,-0.2513218886987161,0.07848842942537425,NORMAL,3581783,-0.043622970285282114,-0.5811843734373822,1.3967393,0.8457739000000001,0.82350258,0.04035357329331245,1
-0.3000254384545259,0.06779096266043239,-0.03720886351583542,-0.6606114819853963,-0.3723451500935875,1.4621272354532509,NORMAL,3581783,-1.4142365583952787,0.44534719696822117,0.25511538000000006,0.745440034,-1.09113888,-0.44542427840176774,1
-0.29860196401835415,0.9626918433327198,-0.025294296736935132,0.4532305623204645,-0.23195816529059435,0.5432220553238011,NORMAL,3581784,-0.7210523781397377,-0.365990174773132,0.0014028599999999503,0.8083496059999999,0.011734962999999998,-0.9860563601457002,1
-0.42294389586956543,-0.7625816799788806,-0.06517638437396787,-0.359326355514344,0.4118856360482752,0.9815503118588982,NORMAL,3581785,-0.7017419282042215,0.02125132918370752,-0.12254124,-1.55841189,-0.039280893,-0.22627311400785508,1
-1.0513956932514104,-0.8412090591983317,0.2614047381235514,0.06064687861812139,0.21824840196705797,1.0026746021624304,NORMAL,3581785,-0.13477996352180624,-0.03079152698731861,-0.6193507,-0.07102285000000008,0.32165814,-1.09362909110245,1
-0.3227108941138803,-1.3187281140354106,1.3541403346098175,1.9779158929697045,0.1117479192600327,0.8706480579284515,NORMAL,3581786,0.5113512512845644,0.32576782610903193,0.71813215,-0.43133529999999987,1.07626337,-0.4273232484508086,1
-0.3445657004975129,0.6727838483791321,0.028893983773229402,1.2657875100468172,0.05365674903566752,1.1822308319989288,NORMAL,3581786,-0.987417226047283,0.2919130737570534,-0.02153830999999995,1.7989007999999997,-1.305269187,0.4366043123040363,1
0.3128274388805876,0.4644120521675197,-0.13681966685685615,0.38019170936146124,0.1117479192600327,1.1822308319989288,NORMAL,3581787,-1.1144665337425954,0.13113879161342998,0.64787292,-0.18821889999999997,-0.163215633,-1.101052217051631,1
-0.6637173224025893,0.3093690234853398,-0.32984920238780135,-0.24976812091315578,-0.20291257621605602,1.8159584172264105,NORMAL,3581787,-0.8590657749822412,0.6908103024475158,-0.96240266,-0.14004787999999999,-0.19011975,-0.8024561644456195,1
0.19142467134499946,1.3510694497507991,-0.041274630109700006,-0.3867159029553119,0.029452096756693236,0.2105150341758871,NORMAL,3581788,-0.32066463454618704,-0.6979917633404357,0.84275802,0.94095128,0.284224512,-0.49682848359550585,1
1.1488248044346727,-0.0384012126429504,-0.7216103990129897,0.4988797931096387,0.431249343606974,0.5696274073966924,NORMAL,3581788,-0.07975318851932477,-0.2575769280837762,0.9435352800000001,-1.255086554,-0.670080182,-0.08194018583298328,1
-0.40096124811600753,-0.4922352967646154,0.02300980488308597,2.543966689540763,2.1836663477031917,1.113576985771164,NORMAL,3581789,-0.9692445221793576,1.7046788906079462,-1.5273424,-0.40994104600000003,0.733395574,-0.0457332927996001,1
-0.3668730911039232,-0.751430601788523,1.5947962546482986,0.2980230520927853,0.03913395925322525,0.15242332877727896,NORMAL,3581789,0.4077716090386142,-0.7509012246665902,0.03359449999999997,-0.23412696,1.5480928660000002,-0.22391758201884102,1
0.17616797733870537,-0.5699750813396781,0.09507913574798985,-0.012391945346083759,0.5571135655715439,0.11545588774654571,NORMAL,3581790,-0.9624675714128075,-0.4525078421661587,0.53517687,0.16390585999999996,-1.4771099300000001,-0.21029511232584458,1
0.5968618005322258,0.1342879437359185,0.11449392007190673,-0.05804120811921057,0.5135451344114675,-0.0007275230506705625,NORMAL,3581790,-0.9531666688080045,-0.5157964918448293,0.41460143,0.6361494900000001,0.019122119999999992,-1.0352140018377705,1
0.06912158560394079,-0.5963775873206337,0.688856383352735,-0.3228069439806146,0.1214297849264493,-0.03769496926853528,NORMAL,3581791,-0.6126253984009119,-0.8199069244916749,-0.5200975999999999,-0.65999845,0.5657043500000001,-0.780296502724669,1
0.527600372125979,-1.2773585094593898,0.7945033983720758,-0.15846959955171838,-0.377186094813863,-0.27006177703061723,NORMAL,3581792,0.15093488409505115,-0.5867188480339398,0.45183920000000005,-0.61511914,0.10405445999999996,-1.0244227154695973,1
-1.0686450952053796,-0.44083421763498476,0.945295991473467,-0.36845620466133333,-0.2610037543651327,0.24220140479204208,NORMAL,3581792,0.026047191949270326,-0.5878700082663812,-1.573129,0.75561897,0.14851950000000003,-0.037368979930934576,1
-0.08545655420067162,0.05630315536221503,0.19477223971348617,-0.20411884528666485,-0.3190949483636323,0.18410971668387216,NORMAL,3581793,-1.4753244350225443,-0.6073205697861523,0.9689502259999999,0.449056212,-0.73921013,-0.4927428400560043,1
-1.0769028826228364,-0.3239784609001679,0.5300116295484284,-0.6423517836914178,0.019770235052632368,-0.058819225855712955,NORMAL,3581793,-0.27621724162324274,-0.6907465911510532,-0.977088426,-0.343502282,0.33018589,-0.7057622737599275,1
0.12129594289486119,0.8322475467543584,-0.43751311066540105,0.9371126418397583,0.4215675017146918,-0.0693813533366512,NORMAL,3581794,-0.7458672431728693,-0.37214627804279454,1.18084678,1.0444004,-0.95293998,0.05375289071816208,1
-0.06002220163546796,0.4358959693966914,0.021588383954612676,-0.2588979700601451,0.49902238742246724,0.1788286462692939,NORMAL,3581794,-1.336207993939839,-0.4712974378852557,-0.178692336,-0.35801802000000005,0.45218086,-1.1919117502975172,1
0.08435300356828844,0.5255503019402341,0.4660506016925219,0.09716628118438747,0.010088373348571506,0.3531037451746801,NORMAL,3581795,-0.9696691867493578,-0.6286092692334259,0.142284396,0.08098332000000003,0.43776226,-1.3291514755498786,1
0.17125756586573868,-0.2509276558878291,-0.5937861374801736,0.03325731922053572,-0.3190949483636323,0.3266984536183225,NORMAL,3581795,-0.9042860007482065,-0.5324309599930296,0.08564603000000001,-0.7013800800000001,-1.04386044,-0.5312754478024245,1
0.39812057486511987,0.5532698245632229,0.5672726128671568,-0.30454723074086376,0.019770235052632368,-0.27006177703061723,NORMAL,3581796,-0.7267969305194352,-0.7794325172802543,0.22357762999999997,0.72641868,1.1435566000000001,-0.41802942644415375,1
-0.26732761595368465,-0.17144384608914673,-0.010641461877788977,-0.08543076751679624,0.2811805010622757,-0.30702923535178867,NORMAL,3581796,-1.3399150805224755,-0.6698355371249473,-0.65581132,-0.65462223,-0.5692024233999999,-0.705349711622343,1
-0.7255197309634498,-0.589076893037025,0.07559753420106854,0.5080096572024002,0.30538515334125,-0.38624519647305255,NORMAL,3581797,-0.6319177822977536,-0.5218384321059328,-0.45155668,-0.37724123,0.0849390034,-1.2012690340948387,1
0.9563380140912211,0.4314720006303177,-0.8490096132545346,0.27976335379880674,0.08270233018549437,-0.1961268863239316,NORMAL,3581797,-0.1368733586508822,-0.8043995072061685,1.65750146,0.92184544,-0.91066934,0.31714009372011026,1
0.19130383136766482,0.886341167901396,-0.0032835757800049057,0.3345424486807425,0.179520947226103,-0.021851778773326322,NORMAL,3581798,-0.8089538147996356,-0.759078825473155,-0.75395513,0.41087601999999995,0.8329773077,-0.5958859795359107,1
-1.3756908628557727,-0.9638300129971497,-0.14731475295516586,0.08803643203739817,-0.0915711725628897,-0.006008584820029723,NORMAL,3581799,0.2239529106375897,-0.8831322285973997,-1.54430183,-1.67122994,-0.14186000769999998,0.4941942809096137,1
-0.4406930653442054,0.4028120428361221,-0.5930725405037807,0.5536589776662079,0.09238420377662244,0.955145046238198,NORMAL,3581799,-0.8170044502963563,-0.04471565763409953,0.9214573699999999,1.23446584,-0.4390383,-0.18796775644790906,1
-0.4755690312269139,-0.367250036603039,0.2464459142942326,0.4988797931096387,0.7846373096734405,0.29501204842129103,NORMAL,3581800,-0.954727923041924,-0.14517394575858902,-0.03437089999999998,-0.69558472,0.8268633,-0.7117920615811594,1
0.5301733331682787,1.2230406062424872,-0.3558627484394236,-0.9618965785649042,-0.2610037543651327,0.009834600488047773,NORMAL,3581800,-0.256327334354034,-0.45394688932688165,0.99117743,1.43648402,-0.5932292800000001,0.055001429502045056,1
-0.3605649784370745,-0.1669293077962904,1.0058825921953738,1.5122935117443894,1.670527649651476,-0.38624519647305255,NORMAL,3581801,-0.43915129501514244,0.8150630749097116,-0.8778388399999999,-1.25553752,1.34121798,0.24896188383804146,1
0.03610721390896731,-1.5646380507697064,0.3128460296925785,0.5080096572024002,0.6975005107509797,-0.02713284227172931,NORMAL,3581801,0.1007516517743577,-0.28528403369847805,0.390927675,-1.26252788,-0.68258952,-0.3029185345025173,1
-0.3776002798350141,0.4269508309786588,0.33187738407776857,1.6401113998022396,1.5301405935260797,0.24220140479204208,NORMAL,3581802,-1.0447883046520297,0.7256188937153062,-0.407716275,1.79897028,0.018744470000000013,0.05637561368209752,1
0.07805395212402441,-0.0384138288307489,-0.6738891951701497,-1.2084027297201985,-0.716051274267772,-0.3439966936729602,NORMAL,3581802,-0.9141319343981237,-0.04269898854261498,0.44905555,-0.42035643,-0.99060535,-0.6263200409730679,1
0.36683290386063677,-0.46037462895342784,-0.3028751168741589,0.80016497936378,-0.1351395482499857,0.601313734786752,NORMAL,3581803,-0.8879232695278012,-0.262251986424062,0.28459692,-0.38115042,0.3654213,-1.1958997120390988,1
0.06910525916817528,0.06596001128292085,-0.8883823802381773,1.9048770997937903,1.9174150616885142,-0.03769496926853528,NORMAL,3581803,-0.6757850054651555,1.1000073114139293,-0.29341602,0.47542963499999996,-0.57668115,-0.9916009127004257,1
0.16279198929252936,-0.039645678455641105,0.8921292397975438,-1.5096878262997064,-0.20775351301162004,-0.23837538912402403,NORMAL,3581804,-0.625054753273501,-0.1993547124595607,0.09232998000000002,-0.095391925,1.75367165,-0.0301368200256875,1
0.7601544681660652,0.8759297463793374,0.3976093780113212,1.1197097742372664,-0.1932307184743509,-0.1697215688319167,NORMAL,3581805,-0.357215572873492,-0.38067034647537124,0.58871161,0.82702459,-0.48706531999999997,-0.6666400763129431,1
-0.8925204578765962,0.4239549734880126,0.06482746289263101,0.17933495339883557,0.21824840196705797,0.07848842942537425,NORMAL,3581805,-0.6474002025660706,-0.7471133274913027,-1.62874126,-0.40826155999999997,-0.32776546,-0.07829152309814603,1
-0.12811865919632132,-0.7305084987059697,0.6649672310543072,-0.6058323871034605,-0.45948190146777956,-0.11691092866075536,NORMAL,3581806,-0.5334647860724044,-0.4611680152238839,0.7533319039999999,-1.04280833,0.59109308,-0.37512073703006144,1
-0.6130263268218542,-1.1952337250377942,1.3648639861729919,1.0649306793553306,0.49902238742246724,0.2580446073905578,NORMAL,3581806,0.5111780315200902,-0.21733231238578538,-0.47788534399999993,-0.41977884,0.6893462999999999,-0.8557503765264717,1
-0.725579597943572,-0.33739683277016863,1.0197976520106338,-0.34106664227459316,0.5910000438933775,0.11017481733196742,NORMAL,3581807,-0.19592678106688957,-0.39974512324086137,-0.11092330000000006,0.7748703,-0.3398646999999999,-0.9408570141901488,1
0.71893168916529,0.9420587523585097,-0.6273338051571618,-1.0623250686395087,-0.29489026438581206,0.27916888040365173,NORMAL,3581807,-0.2371456536636434,-0.32267428675716747,1.4235921999999999,1.1557117,-1.6223021,0.6635805871739554,1
-1.1055432459132644,-0.8176709459571384,-2.08072983598268,0.08803643203739817,-0.18838978960349834,0.2527635283307604,NORMAL,3581808,1.1935894325474605,-0.6595651817277932,-1.7980532999999999,-1.5895356,-1.4314871000000002,1.0117678517565827,1
-0.657142101534938,2.296205136206174,-0.4461132924029443,0.8914635156709896,-0.3626633082013053,0.34254162163596175,NORMAL,3581808,0.8348153820234165,-0.30990174359089867,0.4419074999999999,2.8127143,1.6099758400000002,1.491071968220651,1
-0.6813194321919902,-0.030233167625982202,0.7662415101310887,-0.19498901108544778,-0.12061675371271657,0.765026736089077,NORMAL,3581809,-0.5301540527083991,-0.24951593305640266,-0.02382720000000005,-2.10143439,1.1940794,0.6322094559109269,1
-0.2774890718695672,-1.109410878689021,-0.07093274956175064,-0.20411884528666485,0.07786140923935328,0.5062545797121913,NORMAL,3581809,-0.4019765846620063,-0.4842913637680104,0.3979821800000001,-0.9748039099999999,-0.8245544419999999,-0.4539820392608974,1
-0.0805628344535186,-0.6563998425099715,0.29668172406649085,0.44410069822770293,-0.30457212212751716,0.30029312748108844,NORMAL,3581810,-0.8454066614712576,-0.4994468179501033,0.19407439599999998,0.40919759999999994,0.362072942,-1.2160241316010048,1
0.10832711119519037,0.8498113924624605,-0.4346741452429998,-0.06717106324450876,-0.28520840664410696,0.3953522652652107,NORMAL,3581810,-0.7345494909132931,-0.5053319617382959,0.186154484,1.36053644,-0.72033119,-0.23939261169829726,1
1.312658811626057,-0.07545151764280451,1.4442553556600024,-0.377586083699867,-0.048002796875793674,0.45344396201859977,NORMAL,3581811,0.6270981151632249,-0.5062974038762994,1.18689084,-0.83577514,1.8506059499999998,0.566726028031983,1
0.4881578747629035,0.23560929411194018,0.5117238947089101,0.04238717135667947,0.26181675388001957,0.45872504107839707,NORMAL,3581812,-0.8307362788707722,-0.4781521610638024,-0.8125606999999999,0.28097624,-0.9184741999999999,-0.5337184395056997,1
-0.3951312798283649,-0.3421043225698168,-0.03238300303713379,-0.3319368080733761,-0.3384586400729081,-0.40736943490527017,NORMAL,3581812,-1.1014205731104267,-0.5285853258203799,-0.87049756,-0.5218394399999999,-0.535904866,-0.6447426428759878,1
0.11638130014550281,0.6062904719287313,0.4988536649779743,0.8640739383384772,0.19888467063422477,-0.3281534910744445,NORMAL,3581813,-0.8764113097794362,-0.4645134097271677,0.50410497,0.8566697999999999,0.523228646,-0.6693282279371373,1
-0.4894625033610982,0.475678276873578,-0.0020829204386834856,0.0697767292596879,-0.0915711725628897,-0.259499662137118,NORMAL,3581813,-1.0422305887677785,-0.8077463097080467,-0.59707011,-0.11797989999999997,-0.49338531599999996,-1.0111610775184587,1
0.006747071945919894,-0.16788420132241536,-0.011308600121206245,0.22498422902532653,-0.1012530382293063,-0.07466241721544381,NORMAL,3581814,-1.4467116340232768,-0.8424357382380447,0.48902358,-0.58131966,-0.009086609,-1.0350729675291876,1
-1.160154412527963,-0.04172905433263704,0.3786351548392972,-0.18585914699268627,0.10206606151832757,0.015115670902626043,NORMAL,3581814,-0.31815555956224484,-0.8670447363404395,-1.15000268,0.11395391999999999,0.384065625,-0.5742674684422281,1
-0.15400770249024714,0.4691047072079103,-0.4044195686152995,0.882333651578228,0.6490912537412998,0.26860675686493346,NORMAL,3581815,-1.0802006914853615,-0.17486593109850665,0.99157592,0.46142794,-0.7712507200000001,-0.45306326870521924,1
0.18180839053216807,0.6816719061861705,0.00273519224745247,-0.13108003417582384,-0.24164000718287654,0.12601800264004492,NORMAL,3581815,-1.021200940664388,-0.7048346352450715,0.33095288,0.19200854,0.401017187,-1.2417409173071439,1
-0.31556675429004477,-0.4118387064429543,0.2220222749770202,-0.8066891281203139,-0.44980006750020884,0.18939078709845045,NORMAL,3581816,-1.0413268882621864,-0.36409618174392044,-0.49017226999999997,-0.98775059,0.21598148299999997,-0.6689723463561754,1
-0.6882607142757238,-0.22421086335421317,-1.2567869723511447,0.7088664430565703,0.0439748912939624,0.13658013482398235,NORMAL,3581816,-0.03046174846524934,-0.5885819883333976,-0.36729669000000004,0.16948122,-1.45651723,-0.2786534925585029,1
-0.13710944980083667,-0.46451848646701316,0.527271432997838,0.4806200798698879,0.05365674903566752,-0.0693813533366512,NORMAL,3581817,-0.8498602454621709,-0.746585678838162,0.543169616,-0.21706601999999997,1.75716497,0.06369629628226231,1
-0.3474588382670626,0.03861130450193655,0.41137721859947823,0.681476865724058,0.2037256074297888,0.067926314531875,NORMAL,3581817,-1.1071925163605763,-0.5823791729024046,-0.207303156,0.454469067,-0.11414719000000001,-1.283864835926308,1
-0.06428196456274322,0.7273998301834922,-0.7693403141728542,-0.7153905768673321,-0.5901870443784906,-0.07466241721544381,NORMAL,3581818,-0.5840549153787181,-0.32481943338136143,0.27907597,0.622171623,-1.16291904,-0.44317899006818556,1
0.19934629044865163,-0.22523022165881365,0.2423036728960656,-1.1718832733491524,0.03913395925322525,-0.23837538912402403,NORMAL,3581819,-1.1949202359939732,-0.39745150773551957,0.25981044999999997,-0.86049544,0.9963941599999999,-0.44938915114904554,1
0.278869203362314,0.9216480388538576,-0.596787744612848,0.6084380725481436,-0.1012530382293063,0.19467184886780958,NORMAL,3581819,-0.5175378701038609,-0.5935799039921267,0.07837128000000002,1.03595673,-0.8264427000000001,-0.4638595758405888,1
-1.2670725773088625,-0.8592134751149536,1.6746940582765426,0.343672312773504,0.019770235052632368,0.42175759140244473,NORMAL,3581820,0.9372058034430417,-0.5328854507128069,-1.5235538,-1.6086236299999999,2.2372408,1.3681332648749716,1
-0.1592060031089808,-0.4941326514029502,0.8444022284100207,-0.6423517836914178,0.1456344372054236,0.6488433425822991,NORMAL,3581820,-0.5308678437069171,-0.28195843025089107,1.0918226999999998,0.32977164999999997,-0.81777576,-0.38752622117061025,1
0.32679287315426786,0.02157149998582491,0.68148685282327,1.4575142674047314,1.16707088858858,0.669967624240612,NORMAL,3581821,-0.7974408811239146,0.5044392321405097,0.47896075000000005,0.46582728500000004,-0.16045954000000007,-1.1080870672496708,1
-0.24665404596953638,0.9425305862686292,-0.5257060780987317,-0.09456061815836275,0.1117479192600327,0.4956925426256641,NORMAL,3581821,-0.5821588661186009,-0.49533903788472083,-0.56514239,0.831887565,-1.18899534,-0.2327434445561849,1
-0.03103280471867654,0.23883854443442923,-1.1886033518582233,0.3162827503867639,0.010088373348571506,-0.09578667293809959,NORMAL,3581822,-0.31941097025373943,-0.8333510817400136,0.212498663,-0.6356337300000001,-0.65290456,-0.858068037832774,1
0.33340629727279353,-0.45708229769194625,-0.5927839908186592,-0.5601831114769696,-0.6095507598619009,0.30029312748108844,NORMAL,3581822,-0.717199948928328,-0.2685949683628441,0.359161377,-0.62861413,0.5868378,-0.8618056573349582,1
-0.23253741205673756,0.6431506418119092,-0.8831575698682972,0.8549440742457157,-0.01411628051534508,-0.26478071526125807,NORMAL,3581823,-0.5033144941557084,-0.5232477656576351,-0.55774784,0.99382276,-0.28599640000000004,-0.617334363872654,1
0.5914313885286966,0.16441168929478453,-1.1780666179482189,1.4757740404275712,0.910501539562722,-0.1327541191559643,NORMAL,3581823,-0.15067761298125926,0.1620693383137084,0.81203627,-0.43243721399999996,-0.2904635,-0.8287939741692063,1
0.8849564929799337,1.1718481768947437,0.6137863855276002,-0.6058323871034605,-0.23679910208615837,-0.006008584820029723,NORMAL,3581824,0.04583003437553396,-0.6213741820867834,0.28927433999999996,0.910001214,1.76484207,0.21925336657613034,1
0.2861285617555202,1.4163979654780003,0.001571331864448122,0.07890658289040886,-0.15934420052896,-0.23309433599988397,NORMAL,3581824,-0.22687536724106588,-0.7834523020223356,-0.59015584,0.2208979000000001,-0.602986339,-0.9219470539023755,1
-1.1618771609830707,-0.18679494353466736,1.0671314763782407,-0.3958457670480734,-0.24648095190315203,-0.14859730878665137,NORMAL,3581825,0.13375547664472842,-0.6872579904325169,-1.42703603,-1.44813843,1.0494975690000001,0.5023381332697965,1
0.7816504683998506,-0.48422912111257965,-0.09362803718338558,-0.6880011041552253,-0.09641210143374226,-0.1327541191559643,NORMAL,3581826,-0.5699514718387504,-0.6475026220703745,1.9153818999999999,-0.26866751999999994,-1.143261874,0.4608410538699933,1
-0.8051837067173931,-0.24013505854786035,-0.39282550621624224,0.4532305623204645,0.4167265569944163,0.34782269205054,NORMAL,3581826,-0.654365228419928,-0.41353759361162046,-1.563854,0.22048625,-0.294687276,-0.18315490715384744,1
-0.7952519776540471,-1.5358991366299695,-0.3166110058135096,1.2749172844649455,0.5910000438933775,0.009834600488047773,NORMAL,3581827,0.2743577760722385,-0.12941759889205717,0.00978789999999996,-1.1704428999999998,0.07506562,-0.6194308319193055,1
-0.039188117623319155,-0.7711492516323748,0.19382721411208761,-0.377586083699867,-0.01895721255608223,0.07320737630123417,NORMAL,3581827,-0.7695354379537694,-0.7864367805191664,0.7451147135,0.6907863,0.50274372,-0.6589162680951997,1
-0.4258256284720545,0.31938078109399587,0.008833358853062459,-0.6423517836914178,-0.6966875270855158,-0.07994348157836872,NORMAL,3581828,-1.1996047649057635,-0.2509005425299222,-0.38103831349999995,0.98505828,-0.18220520199999998,-0.7211344366591252,1
-0.39349045781351244,0.1757319545932608,-1.4591564510062496,-0.7245204559058659,0.2811805010622757,-1.2523396378758433,NORMAL,3581828,0.04211215229310299,0.13843250347786906,0.031866899999999976,-0.12975568,-1.4458608880000001,-0.3386336060295533,1
-0.7004923906581212,-0.6003037834896189,-0.5255521172463326,1.101450150672149,1.6414819971792458,-0.5658013485025788,NORMAL,3581829,-0.48849789926892995,0.7405844120842943,-0.302556,-0.7009806300000001,0.9195309,-0.5970080876636114,1
0.4615440594843384,1.6995004149857083,1.0394224826359508,0.7910351152710184,0.6539321905368639,0.23163930718898107,NORMAL,3581829,0.5016312198125464,-0.20840425612214722,1.1452081,2.07737623,1.5413837,1.0464873917160338,1
-0.5584176462088728,-0.6923233191239048,0.5455020264711401,-0.15846959955171838,-0.3384586400729081,0.0837694998399525,NORMAL,3581830,-0.49722072317145927,-0.6380633249890021,-1.00519085,-2.160496,-0.48647494999999996,0.6472267909801368,1
0.33497576596489703,0.37647816422280667,1.063576995052969,-2.0757387723284877,-0.19807165526991494,0.9023343853185108,NORMAL,3581830,-0.3443699673074388,0.3750595889017049,0.88045549,0.96543123,0.51026535,-0.38822644714569876,1
-0.6865079714488802,-0.005127994554253726,0.44880087408763025,0.3162827503867639,-0.14966234278725485,0.04680205016400014,NORMAL,3581831,-0.7839982161365766,-0.7542235014988443,-1.00669084,-0.34469872,-0.6055088,-0.5677233477590778,1
0.15893054878076024,0.3557080067154856,0.49957211511233646,-1.500557962206945,0.4070446992527112,0.7227782419342038,NORMAL,3581832,-1.0129318065201602,0.0998787435051005,0.8331950699999999,0.32593737,0.05000589999999999,-0.8978951441330584,1
-0.8251324600703407,-0.9855970995387311,-0.3835707776419495,0.6449574242987842,-0.18838978960349834,-0.31759135024528795,NORMAL,3581832,-0.17786019618202173,-0.5563714118825365,-0.9698120299999999,-1.21157938,-0.86983013,-0.009642031074909982,1
0.6264052419973777,-0.9549025434416359,0.2378399351650565,-0.706260742666115,0.668455016772979,-0.38624519647305255,NORMAL,3581833,-0.32146154251022135,-0.22511625400275373,1.43051686,0.02772589999999997,0.61204338,-0.23383824975899736,1
-1.4940639147315666,-1.4462353054122157,0.23657440822972997,0.6906067298168195,-0.13029862730384462,0.2210771577146054,NORMAL,3581833,0.6771134199654215,-0.5393294027173696,-2.089761,-0.443813,-0.0012464499999999823,0.34979469241179434,1
-0.06146030695276484,-0.6037966718396909,-1.0007414345656915,0.5810484503783145,0.03913395925322525,0.46928719055277274,NORMAL,3581834,-0.33635782778974627,-0.4364363966499848,1.4118569650000001,0.7609613000000001,-1.21866417,0.22703279215479044,1
1.2576851961079751,0.6673926643798769,1.8900954844452935,0.4532305623204645,-0.13998047712083825,0.3953522652652107,NORMAL,3581834,1.0650457010634031,-0.506490711370137,1.3000419349999999,1.14824493,2.84725957,1.554552659228854,1
0.17327024300271582,0.0961224611715187,-0.706342709245209,0.35280216192049335,-0.3287767744064915,0.2157961045904654,NORMAL,3581835,-0.8606391688402684,-0.5506024570387676,-1.0687107,-0.516019208,-2.5572987,1.0367518398115159,1
-0.7745925322184293,0.22552344020200707,-0.6221438705145298,0.2980230520927853,-0.18838978960349834,0.04152098839464097,NORMAL,3581835,-0.5827133693274802,-0.7372311800381106,-0.9341360400000001,0.11688582800000001,0.08292959999999994,-0.8486116711379249,1
-0.3266971014710022,-0.5866089869152125,-0.6201889007091054,-0.925377241760036,0.1892028128925196,-0.11162986343330855,NORMAL,3581836,-0.6466370508095216,-0.5115207126393909,0.44140911000000005,-0.73358619,0.0019255000000000244,-0.9380569234711161,1
-0.37151557247347883,0.5575690042203787,1.276737846115716,0.3162827503867639,0.21824840196705797,-0.2119700802772282,NORMAL,3581836,-0.07406235129701778,-0.7133098147377848,-0.044169420000000015,1.03351762,1.8683318999999998,0.3490178737503176,1
-0.0404211942614637,0.5131561594898141,-0.8492516619699919,-0.22237855852641567,0.26181675388001957,-0.01657071700396716,NORMAL,3581837,-0.6256520104962221,-0.740705041082902,0.326299544,-0.040117409999999964,-2.0939417,0.33291820961106894,1
1.2755064799262978,0.1244539928947526,2.557221950324394,0.37106189010601637,0.45545401173537126,-0.02713284227172931,NORMAL,3581837,1.6805157692369284,-0.5294758365730059,1.296870706,-0.35110843,3.3551234,1.8363765697214236,1
-0.6991878485734767,0.770207033638736,-0.5879290662186124,0.22498422902532653,0.6345684750534537,-0.1538783748786201,NORMAL,3581838,-0.4468112449189935,-0.38375063621177724,-1.94609725,0.5832983599999999,-3.09774006,1.927303730017819,1
0.7740429987376529,-0.14260517372876017,-2.5737096628168046,0.024127467084391983,-0.3578223793304528,-0.06410028935411595,NORMAL,3581839,1.4626523005863084,-0.6511788408953835,1.45189585,-0.8245286199999999,-1.95584634,0.7876320358436668,1
-0.6086183921040822,0.6578027342577831,-1.62308414661076,-0.6788712251166915,0.5522726446254027,0.057364182347937574,NORMAL,3581839,0.3912259648827781,-0.3728533007474242,-1.362638,0.72299562,0.9362955,0.015928452372474113,1
0.2678206304174251,0.5973615410387235,-0.7697227897248675,-0.4232353144890413,-0.2513218886987161,-0.20668901850786905,NORMAL,3581840,-0.6035108140171629,-0.6603353455020721,0.8637466300000001,-0.05459555999999999,0.8404975299999999,-0.5856885527586242,1
-0.04911272708215634,0.08746995055763031,-1.6215445380867684,-0.377586083699867,-0.3626633082013053,-0.12219199129463644,NORMAL,3581840,0.18092036715937138,-0.6010992939925409,-0.3123436,-0.46057689199999996,-0.8389811299999999,-0.7865432031261247,1
-0.40907844959963496,0.12689853316366295,-0.7090393593637274,-1.8566222433430217,-0.3287767744064915,-0.8351356284181828,NORMAL,3581841,-0.787092454628334,0.20444982788122298,-0.35475278000000005,0.035615205999999996,0.8987497999999999,-0.8266612371134678,1
-0.33492305791953625,0.6414045685058547,1.9035020795092907,-2.0209595279888295,-0.2513218886987161,-0.33343455284380363,NORMAL,3581841,0.6389390707502909,0.07891554724011668,0.07308149000000003,0.464745046,2.5731592,0.8320973464547472,1
-0.9435846276824077,-0.8446784554893405,0.6717722113835082,-0.2588979700601451,0.07786140923935328,0.40591439744914815,NORMAL,3581842,-0.05408637139961468,-0.5645556941695367,-0.59984707,-1.34235495,-1.2131623999999999,0.1182263095612426,1
0.6535319346505652,0.4005848915722016,0.6049082843484372,-0.36845620466133333,0.2037256074297888,0.4376007680653031,NORMAL,3581842,-0.5753840437794364,-0.4890272054557309,1.57398748,1.1248264,-0.06585600000000003,0.14794826151061427,1
2.5047588356745263,2.0874246091648656,-1.521422061630639,0.2980230520927853,-0.5175730716921447,-0.1538783748786201,NORMAL,3581843,2.392177074619785,-0.46468174779723426,1.8244178500000001,1.52369525,-2.0942774,1.3875645011240054,1
0.7595514859128859,1.314439107928956,-1.597662635066144,-0.5327935341444574,-1.258235545544603,0.07320737630123417,NORMAL,3581843,0.7654712808352111,0.2601461771394562,-1.7199336500000002,-0.6982254000000001,-0.07509129999999997,0.06953984196397595,1
0.25475647830906484,0.19199336379212245,0.27654656052868415,0.13368569271811687,1.1525480623524649,0.015115670902626043,NORMAL,3581844,-1.2228742058144202,0.10883311638828368,-0.49748468,-1.01388723,1.8459568,0.3776180512047008,1
0.7437053558260334,0.8240493495356632,-1.6009373998599203,-0.40497561619506267,-0.15450328750753037,0.15242332877727896,NORMAL,3581844,0.5214023699448189,-0.688837449968636,0.48186803,0.57092603,-1.8491822,0.20697834936947662,1
-0.11374752364816124,1.1622663616073783,-0.2732838187063327,-0.66974136102393,0.431249343606974,0.06264524411729674,NORMAL,3581845,-0.5085488796192376,-0.4685777595156699,-0.84503544,0.30550600000000006,1.30764013,-0.20323911563233701,1
-0.969466178471567,1.248323353596673,0.5493518701781805,-0.5510532473842081,-0.07704837802562053,-0.006008584820029723,NORMAL,3581846,0.07457120973159186,-0.7198329253273918,-0.84332633,0.07773390000000002,0.8102350300000001,-0.6202650362335088,1
0.16994187228767826,-0.4056136318419665,0.7954454998950325,-2.1122581689164446,-0.34814052158874764,0.5379409849092228,NORMAL,3581846,-0.6091372373479779,0.24714131149759866,1.1229073999999999,-1.49397474,0.24238393999999996,0.09650160510872656,1
0.8717949707798359,-1.3037734589249765,1.2230065848517293,-0.9892862007347333,-0.6773237640538368,0.42175759140244473,NORMAL,3581847,0.6266714063525404,-0.06693805912267023,0.69168902,-0.8112933600000001,0.4211159,-0.6461929104936748,1
0.02477413582473016,0.2723222345448441,-1.2994082584939384,-1.619246016063578,1.9561425719024492,0.06264524411729674,NORMAL,3581847,-0.18321572793487206,1.0619833956924347,-0.83475447,1.42366195,-2.4843912,1.201058872676258,1
-0.07135068518265439,-1.3451098513534059,4.972883360164218,-2.1122581689164446,-0.7596195944818876,-0.8034492578020277,NORMAL,3581848,4.353651808967477,0.45928459709565217,-0.094732763,-1.46100045,6.1777412,4.587400201801285,1
1.5519416518234976,0.2970502172563736,1.7337120127510433,-1.5370774484695353,-0.20291257621605602,0.025677794441344378,NORMAL,3581848,1.0732301135184494,-0.19683157580399477,1.599784183,1.48333684,-3.1903430999999998,2.0886889201099432,1
0.00025412555876437007,-0.2980438697959159,-0.568082432059827,3.1008878611514157,0.9298652550461322,-0.31231028847592873,NORMAL,3581849,-0.9432096588145994,0.8500719542975097,-1.529216337,-0.53753894,-2.2670965,1.0042705745257492,1
-1.2860421909814939,-0.5804155413494477,-0.07139074147013251,1.2657875100468172,0.05365674903566752,0.24220140479204208,NORMAL,3581849,-0.08577217132152212,-0.2871334048093339,-1.267668463,-0.25506179999999995,0.4892044099999999,-0.40854955072880617,1
-0.8517192235914471,-0.04678983281693415,-0.29700159767136275,0.6358276199891115,0.010088373348571506,-0.291186032753273,NORMAL,3581850,-0.6970673021875252,-0.6160172327801329,0.4280332,0.48201553999999996,-0.22220993000000003,-1.1133903396922606,1
0.42835137043764016,-0.2839410177054819,1.3479066664122772,1.8774876270816832,1.5495043090094898,0.0837694998399525,NORMAL,3581850,0.01660870888824535,0.7889578211814356,1.2615329,-0.21421486,1.62011242,0.2774867342622672,1
-0.1397623647171315,0.7231340619468136,0.8016898897135262,-0.9436368802709257,0.1456344372054236,0.601313734786752,NORMAL,3581851,-0.5350931434583646,-0.23463119730169402,-0.55988644,0.9096747599999999,-0.5379829400000001,-0.5961853763809445,1
0.1953028035825823,0.8530372440751794,1.0630095410803637,-0.27715766835412364,0.28602143785783973,0.030958864855922648,NORMAL,3581851,-0.1818300716688842,-0.6985800585340751,0.33021283,0.11733946000000006,0.25738044000000004,-1.3619170905564753,1
0.8028232376757054,-0.0034447143485791974,-0.3745319739850911,0.3254126144795254,0.45545401173537126,0.2527635283307604,NORMAL,3581852,-0.6325420863827347,-0.45961915766493333,0.59872246,-0.77364641,-1.4158715800000001,-0.068095258749341,1
0.4011948964985782,-0.624168338929491,0.5568162606551503,-0.41410548028782423,0.16015722381798128,-0.48658541331697225,NORMAL,3581853,-0.5821230870231221,-0.5617489682673532,-0.39581204999999997,-0.56068969,0.91730881,-0.6468397217904343,1
0.21852440356324063,0.4163539638951638,0.5458118467963156,-0.5327935341444574,0.28602143785783973,0.1629854609612164,NORMAL,3581853,-0.9142060862479814,-0.5812103076713165,-0.1800251,0.9398871,-0.010838529999999902,-0.8365722143896788,1
-0.9619951142015357,-1.2801715783604073,1.8718706579044737,-1.4092594109539631,-0.4013907550175488,-0.5235528543477055,NORMAL,3581854,1.1538961076290715,-0.09452436622467819,-1.1634235,-1.5324443,1.3060694,0.5400116165876808,1
-0.10674847500208275,0.20455030111932124,0.6438598926590141,-0.03065165096349074,1.7431415430907071,0.12073694951590486,NORMAL,3581854,-0.9373670883183808,0.6878161286367862,0.84286115,1.34112545,-1.2094993600000001,0.20553853323768106,1
0.15207762630090865,0.907647646238744,-2.122918297597791,0.9645022640095873,0.3295898135449357,-0.10106773643650258,NORMAL,3581855,0.9375288325667526,-0.4115956387095587,0.25507784,0.6350965500000001,-2.72507094,1.0271422989684504,1
0.07523011799417549,-0.11865558412033747,-0.2768944971641569,0.08803643203739817,1.1380252361163499,0.0362399179800627,NORMAL,3581855,-1.3147649998485238,0.09469409267884867,-0.07573461999999999,-0.92704324,1.81819628,0.25516312978973926,1
-0.6951183652323104,-1.6232594839979215,0.26012371763370357,-1.9570506586887655,0.1456344372054236,-0.18028369669324454,NORMAL,3581856,0.30204791252472,0.0024804949838278197,-0.75919247,-1.3590845599999999,0.52892304,-0.14535485822059835,1
0.12081791013205885,1.0696199688287304,-0.024028767263346063,-0.03065165096349074,0.08754326698105841,-0.19084582455457247,NORMAL,3581856,-0.6357523498338715,-0.8780633848828296,0.80412007,2.4324348000000002,-0.2798690845,0.7931985883434971,1
-0.6567676792355301,-1.0743612136782257,-0.14882138437228626,0.17933495339883557,-1.6842373654267435,-0.40736943490527017,NORMAL,3581857,-0.26649605642452856,0.6723633330366482,-0.76632477,-1.9366238,-0.12291145549999999,0.2994813592980441,1
0.8894061620857131,0.3267296551330442,1.8343637677112328,-0.8979876644275235,1.055729405688299,0.07848842942537425,NORMAL,3581857,0.7279033235148957,0.11236606314649854,1.5237825,1.2655829,1.95329002,0.9991725052668234,1
-1.1156705066218569,-0.4427454328095811,-1.494094517982298,-1.2084027297201985,-1.0161889435077456,0.06264524411729674,NORMAL,3581858,0.5144490112414877,0.16848226182577253,-1.9760396,-0.6950545,-3.2782841,2.114254368082556,1
-1.8798017836687677,-0.20089988799039962,-0.005548360021835629,-1.0531952194925194,-2.473309048740613,-0.01657071700396716,NORMAL,3581859,0.46969203291157474,1.4693946914526947,-0.7530653,0.21845520000000002,1.4661073635,-0.12678047913489618,1
1.2261052626240923,0.4105838735747508,0.5905188740304017,-1.199272805844348,-1.4179861586591804,-0.058819225855712955,NORMAL,3581859,-0.02996209894997777,0.5088018070703413,3.0609279999999996,0.5523434700000001,0.5870819365,1.3848457066858706,1
-0.4208605249613152,-0.6655931863776727,0.4871685804843669,-1.162753409256391,0.10206606151832757,-0.30702923535178867,NORMAL,3581860,-0.6286589012881214,-0.3781552037808808,-1.6231148,-0.9720934699999999,-0.10179235999999997,0.10666901038050992,1
0.520988926661881,-0.7401137174866715,1.1859024661577418,2.20616234583102,3.73276422035293,-0.10106773643650258,NORMAL,3581860,0.07088510260526261,2.7986451295272614,0.9282098000000001,-0.06731320000000007,0.6882009600000001,-0.634946282850276,1
0.49966684507882325,-0.20812496928465776,0.32131549090950456,-1.080584692204626,1.4478447630980287,1.91629863407033,NORMAL,3581861,-0.9117574294285647,1.3159558300516856,-0.021013300000000013,0.48053690000000004,-0.8515539300000001,-0.8154723712447609,1
0.2567205211349022,-0.14149130472282956,0.8704942067740132,-0.6058323871034605,0.6297275065590439,0.15242332877727896,NORMAL,3581861,-0.6011383830238775,-0.3073940897828175,-0.23942803000000001,0.060189119999999985,0.5409002300000001,-1.2011907318976431,1
0.4415327603575819,0.31138396019686504,0.1921027286980054,-0.2406382717661665,-0.15934420052896,0.12073694951590486,NORMAL,3581862,-1.0569898977023218,-0.7490217064577355,0.18213583,0.40907496,-0.6681652,-0.9901782305777029,1
-0.6037441646397791,-1.2091870338983386,-0.3931430936247786,0.2523737764662944,0.03429302721248809,-0.1538783748786201,NORMAL,3581862,-0.11079043132499067,-0.8473202685669079,-1.03013946,-1.37350738,-0.57642365,0.02255588794627471,1
-0.35044029505271107,0.8169859560465974,-0.3968457587169167,-0.4597547409685429,-0.6773237640538368,-0.19084582455457247,NORMAL,3581863,-0.7337492680764129,-0.2951860248787493,0.24963557999999997,1.83020955,-0.0036468499999999793,0.058860714449011704,1
1.3359033335572401,0.5671932867737982,0.47140029457918586,2.3522400816405713,1.844801168249283,0.10489374691738917,NORMAL,3581863,0.0774731327206849,1.165286199805561,1.66192238,-0.22563371,0.85515785,0.09451487402297146,1
0.6540583581978088,-0.04705826446448616,0.9429392248616034,-1.0349355211985407,-1.1614168096333226,-0.5974877191187339,NORMAL,3581864,-0.32497622699518275,0.3316209404872622,-0.67197065,-0.5548435700000001,0.46443081,-0.8059574248816944,1
0.9120994004524833,0.72823897937526,-2.586333965367128,-0.17672929784569696,0.6200456488173387,-0.16444050273994795,NORMAL,3581864,1.5951903804252734,-0.40468914288983315,0.25430414999999995,0.70031356,-3.4760718600000002,1.7769071892098351,1
0.46256206196700506,-0.14679095604332207,-0.20994635057813305,-0.6149622063589054,-0.9338931130796947,-0.7295143498049039,NORMAL,3581865,-1.0359788880824017,0.12492465337183205,-0.44302723999999993,-0.7904005,2.34056523,0.7254835167668042,1
0.41718039488576586,0.6152274844413198,0.9364159916739268,0.005867759822950055,0.3295898135449357,-0.3598398616905995,NORMAL,3581866,-0.35516596142659906,-0.6045887702800269,-0.04472446000000002,0.6883190299999999,1.12908173,-0.468317763970995,1
-0.6003860430797046,0.0464539944645237,0.1653184341507239,-0.15846959955171838,-0.07220745707947944,-0.12219199129463644,NORMAL,3581866,-1.0298164008884905,-0.8943567849383267,-1.00283027,-0.513763967,-0.7594738,-0.4323792603080281,1
0.5318161236906132,0.9165121898452875,-0.39170618320300404,-0.13108003417582384,-0.5224140401865547,0.12601800264004492,NORMAL,3581867,-0.5062745442688222,-0.46032721858145903,1.11580587,0.785909607,-0.54862786,-0.3196004555465522,1
-0.0934805032231603,-0.290281083832148,0.15434114924187659,0.4532305623204645,0.7846373096734405,0.37950906266669504,NORMAL,3581867,-1.2723860588713751,-0.12089237756664226,-0.616241222,-1.090077,0.53781605,-0.42837085677887254,1
-1.2944259019961226,0.8939357121961803,1.6591097354869393,0.40758128669397353,0.024611166300898372,-0.01657071700396716,NORMAL,3581868,0.8915950891195301,-0.7825352705527893,-1.183553578,1.06968403,1.48208525,0.3911925101385978,1
-1.2561255448504283,0.6027816085356678,-0.5450104886145221,0.215854364932565,-0.628914507044157,-0.24893752130796146,NORMAL,3581868,-0.055943771937339105,-0.35535401979601766,0.03774569999999988,-0.26299482999999996,-2.17089465,0.4008208539356791,1
-0.7757907444582093,-0.14720828881924358,-0.2876587609279115,0.44410069822770293,-0.33361769535263264,-0.3704019938745369,NORMAL,3581869,-0.7620328664662687,-0.517261921048441,0.47337870000000004,-0.67745384,0.25347233,-0.9297051538295673,1
-0.12651132616133243,0.026600964950300968,-0.776994495616185,0.11542599442413828,0.910501539562722,0.067926314531875,NORMAL,3581869,-0.8079252907066958,-0.12134015599664204,0.6398767,0.15699911,-0.48195934000000007,-0.9781269659737462,1
-0.7254169424026639,-0.07917916052277058,-0.6161657545891396,-0.46888457516976007,-1.2291898930723733,-0.349277729506662,NORMAL,3581870,-0.6281744593404327,0.24480018747189064,-0.5902324,-0.09554949000000001,0.15840436000000002,-1.1770812306949,1
-0.2939762961379615,0.8350593646644833,0.23254060140711189,1.101450150672149,0.6200456488173387,0.23163930718898107,NORMAL,3581870,-0.8083652715299433,-0.13646322733853214,0.42519262,0.8258169900000001,0.8359127000000001,-0.5422568699915842,1
0.8382248660847237,-0.4944730205621859,0.37733379779000886,0.3619320260132548,0.8524103138653765,-0.0852245450767717,NORMAL,3581871,-0.42894700040272965,-0.16537117006828936,1.11580488,-1.20094527,0.14261053999999998,-0.14401418035933988,1
-0.6937195681682838,-0.7291768465775643,-0.3595673527641394,0.15194540595786768,0.8233647406402611,0.4640061114929754,NORMAL,3581871,-0.48359930046494287,-0.08124466785385046,-1.50975916,-0.21200419999999998,-0.72579288,-0.10072648426133687,1
-0.09640679309397351,0.45993667099667407,-0.20482807616342463,0.08803643203739817,-0.3675042132980235,0.11017481733196742,NORMAL,3581872,-1.24696563623827,-0.6052408229815455,0.588662626,1.07410716,0.15240668999999998,-0.557668885107372,1
-0.07767767218335472,-0.0797800014848521,-0.7479124947497336,0.681476865724058,0.5329088974431466,0.052083116255968856,NORMAL,3581873,-0.8314609684449016,-0.3747295847182673,0.018457890000000005,-0.48751741000000004,-0.5348978,-1.071028075931521,1
0.0378623564884886,0.24122488152175672,-0.36093455234361826,0.7179963071493318,0.4118856360482752,-0.042976034495982085,NORMAL,3581873,-1.2621633705854043,-0.4620202018083034,0.11386680399999999,0.28995856,0.38114452,-1.3041249160297759,1
0.16637497731811005,-0.41520036252717557,0.1980450043563837,-0.5145338956335676,0.29570329559954484,0.0996126937932491,NORMAL,3581874,-1.0835593201127476,-0.6051171646898228,0.12665153,-0.59293839,0.5505533300000001,-0.9754511623957335,1
-0.12190392278334998,-0.3310024758529059,-1.1053136172375295,-0.5784428247167204,0.34895352110363453,-0.1538783748786201,NORMAL,3581874,-0.3500721282359428,-0.5667084448022569,-0.28410411,0.07605459999999997,-1.2837113999999998,-0.47448844428837933,1
-0.27374544754528934,-0.25829749786272366,0.62480724732767,-0.4414950277287921,-0.20775351301162004,-0.21725113340136826,NORMAL,3581875,-0.8455555182911233,-0.6800794395986239,-0.14964259,0.06567324000000002,1.7040405,-0.07724692999174408,1
1.6416662228522365,0.2943614724945077,0.12628552021458558,-0.19498901108544778,-0.5659823604006704,-0.1538783748786201,NORMAL,3581875,0.28380043151059636,-0.437038216307927,1.8876731100000002,0.49920798,-0.49100686000000004,0.22604912240175454,1
-0.3559888986807255,0.005313258118771903,0.1429504219780737,0.2523737764662944,-0.6192326176036059,-0.49186644915067407,NORMAL,3581876,-1.3016418266493788,-0.2758829780476857,-1.96872553,-0.261092614,0.01641368999999998,0.1985602200274469,1
1.0643512778488498,-0.5745533094608994,-0.11586823869959016,-0.7153905768673321,-0.40623169181311286,-0.11162986343330855,NORMAL,3581876,-0.23145852721731197,-0.4684390487137788,1.39977113,-0.523784166,-0.25491715,-0.27412879170330245,1
-0.321255913411051,-0.5315677124902246,0.2615770861497632,1.384475548957678,1.2396847820278112,0.09433163202388993,NORMAL,3581877,-0.9156377802216923,0.39969553844680705,-1.3655411400000002,0.03882820000000009,0.3717556,-0.3750982623578309,1
-0.0868918762107401,0.43174469450347736,0.40264536195460415,-0.21324870937942636,-0.28036746192383144,0.02039673267198521,NORMAL,3581877,-1.104220975067429,-0.700728765404306,0.23097003,0.8701446399999999,0.13894176999999996,-0.8829455876240386,1
0.9603828302071881,0.06932307224098531,0.3878734354723549,-0.43236517858180284,0.1214297849264493,-0.11691092866075536,NORMAL,3581878,-0.4508866460490019,-0.7694508009673777,1.0321083100000001,-0.327369636,-0.014549250000000014,-0.7099754596289671,1
1.3573452505699999,0.2330270274952534,-0.9300625293977782,-0.20411884528666485,0.7168642737826587,0.07848842942537425,NORMAL,3581878,0.26127141957835676,-0.30294830865696104,0.3912137,0.147871156,-1.298069,-0.42740055001622423,1
1.3813166996971067,-0.2923826931781719,0.791221932565204,-1.372740014366006,-1.1372122049026172,-0.2278132742305248,NORMAL,3581879,0.2456658201960161,0.3153502319048673,0.023624300000000042,-0.47459417,1.6953373,-0.02814236765564214,1
0.1475453407625608,-0.05789597497160031,-0.995955276574277,-0.17672929784569696,0.8378875668763761,0.07320737630123417,NORMAL,3581880,-0.5265240692736134,-0.18980746572882068,-1.21590416,0.21180808999999998,-1.76023676,0.3633242460302309,1
0.2547072453281237,-0.07401646502823037,-1.1159839652874428,-0.24976812091315578,0.15047537400098765,-0.11162986343330855,NORMAL,3581880,-0.3592910211221651,-0.826831624301513,0.10561000999999998,-0.014561379999999985,-0.11821934000000012,-1.6391740310559735,1
-1.385807875149124,-0.42356165353197767,-0.6161028056782404,-0.66974136102393,1.1380252361163499,0.3055741806052285,NORMAL,3581881,0.10322457046739025,0.18648937621995326,-1.61675755,-0.31573856,0.49234580000000006,-0.06975891490932996,1
-0.1003393565928223,-0.3652136227027377,-0.8593187766985886,0.42584098498795214,1.4430038738507336,0.28444989894691536,NORMAL,3581881,-0.6059361559256636,0.4405960740373508,1.266852653,0.052704839999999975,-0.23954966,-0.501239874758472,1
0.9051269875390863,-1.5481394736248923,0.9068072505659515,-0.8705980870950113,-2.0521481973528823,-0.12747305479303941,NORMAL,3581882,0.627518043485121,1.0481836942625213,0.990905407,-1.06851794,1.7395029100000001,0.48346776516682627,1
-0.7745200728785899,-1.001523763502016,0.2614909070601322,-0.3319368080733761,0.29570329559954484,0.06264524411729674,NORMAL,3581882,-0.23105276571218572,-0.6691499383798284,-1.65532279,0.4937492,-0.63558865,0.05227477727511566,1
-0.02432104046039631,0.3288809719932968,0.905678241542875,0.234114093118088,0.47481774306820446,-0.02713284227172931,NORMAL,3581883,-0.6108593619895205,-0.5369540856296532,0.7393348190000001,1.20173325,0.63447666,-0.24304613948057596,1
-0.11959429527802122,0.510978915013008,-0.17441082736630073,-0.4414950277287921,-1.0984847739357964,-0.291186032753273,NORMAL,3581883,-1.2092369272798857,0.10946000186667958,-0.093893529,0.16448615,-1.06380748,-0.7123339159062329,1
0.3773551851685775,-0.187536825416855,-0.19110187323391228,-0.3228069439806146,-0.3917088893511322,-0.053538161492788054,NORMAL,3581884,-1.109791482645244,-0.5893877228825005,0.48975277,-0.63095806,-0.01643944,-0.9956524326978123,1
0.25704420870539296,0.7859977934940757,-0.10492581936494083,0.16107525510485698,0.2811805010622757,-0.15915944529319834,NORMAL,3581884,-0.8747323135565955,-0.7183337231639452,-0.11856866000000005,0.8793782,0.08487700999999999,-0.9026119507139186,1
0.2334675772387189,0.6079495847616749,-0.2821144442230176,0.90059330503489,1.1719116985887605,0.12073694951590486,NORMAL,3581885,-0.9914193606603023,0.2305510758342141,-0.023235199999999956,-0.16082809000000003,-0.17451763000000003,-1.5594335127675816,1
-0.4170590934869092,-1.0391832390705675,0.28783949361349015,-0.20411884528666485,-0.9919843387770401,-0.3598398616905995,NORMAL,3581886,-0.38474214930517003,0.004782044196593037,-0.64110589,-1.48782865,0.56136228,-0.07451110775229637,1
-0.2826799855117706,0.7761190616072404,1.4640971569669188,-0.4232353144890413,-0.15934420052896,-0.11691092866075536,NORMAL,3581886,0.19201547797219864,-0.7428691525977046,0.13243306,1.63973344,1.1585264,0.22476002288175895,1
0.18495470474595965,-0.8346750119882982,0.2553026940680911,0.22498422902532653,0.5861591070978134,0.0996126937932491,NORMAL,3581887,-0.6497663256331637,-0.4151771362651645,0.46086251,-1.4550044400000002,-1.19057273,0.14791904695368016,1
-0.4478953370204341,0.4766532305368483,0.11167431651613209,0.43497084908071365,-0.3287767744064915,-0.2119700802772282,NORMAL,3581887,-1.063616169691963,-0.5843670708653257,-0.6236852500000001,1.18450176,-0.14146328000000002,-0.44516612961419905,1
0.4154554851312063,0.6969795621426411,-0.3300486590579004,-0.3319368080733761,0.23761212537517967,0.28444989894691536,NORMAL,3581888,-0.7850739682193695,-0.5933596475565633,0.85084797,0.19901724000000004,-0.43506431,-0.8173617796780324,1
-0.4651709789761995,1.4112215201543572,-0.4755748447429672,-0.18585914699268627,1.6608457919097708,0.3266984536183225,NORMAL,3581888,-0.10203779955090403,0.6395678680465672,-0.86787343,0.6451633,-0.14333247999999998,-0.7019443739576583,1
-0.7479188093719589,-0.3065943593348321,0.4457285408076456,0.17933495339883557,-0.7983471046958228,0.5009735179428322,NORMAL,3581889,-0.6454371915328977,-0.06636849580723032,-0.27865313999999997,-1.55167552,0.90741538,0.030529482276745935,1
0.5270428989246383,1.2473375063489922,-0.3065535872478014,-0.08543076751679624,-0.5611414711533752,0.4111954678637264,NORMAL,3581889,-0.2507569963461415,-0.3069783143316725,1.2564980000000001,1.40364172,-0.740942,0.23710760152361496,1
0.5629126566773741,0.8601160812128754,0.705973471510532,0.07890658289040886,-0.2222763154736007,0.4111954678637264,NORMAL,3581890,-0.33343122936419173,-0.5227565959645678,0.035350299999999946,-0.3497708999999999,0.99726392,-0.7355936473040707,1
-1.6009285036387297,0.07330788829329844,-0.8956512026632537,0.005867759822950055,0.08754326698105841,0.5960326730173926,NORMAL,3581890,0.3958649934109792,-0.41160494348605947,-2.1325049,-0.7107112156000001,-1.5774813,0.9631740579323703,1
0.051107469227950154,-0.7100350917373803,1.0237307405758131,3.1830565782031806,2.556417831135282,0.45344396201859977,NORMAL,3581891,-0.22971257559969654,2.011595754042683,1.62811156,-0.7075811444,1.8904486,0.8094520216725506,1
0.46926497200039463,0.12524688863564112,1.3917267231856942,0.9553724148625979,1.5979136769651303,0.8495237676249192,NORMAL,3581891,0.036645923256506154,0.8135181180625832,0.41210184,0.75449681,0.36244870000000007,-0.8607639511148286,1
-0.25229252109635447,1.095239542713075,0.8459950287637219,-0.6514816477841793,-0.11577582484186398,0.1735475758547156,NORMAL,3581892,-0.21167070445328476,-0.6018070826260873,-0.7111080599999999,0.8761787999999999,-0.5375051700000001,-0.5419496846923098,1
-0.10940756332019218,0.2053179844119013,-1.2047870091978876,0.05151702648197765,-0.1690260661953766,0.15242332877727896,NORMAL,3581893,-0.3021064114145991,-0.7441927690141649,0.14081572999999997,-0.803851864,-2.01986793,0.3921794518684274,1
-0.8721816559277343,0.07333644398709065,-1.4382766018525062,0.5171395212951618,0.03429302721248809,0.12073694951590486,NORMAL,3581893,0.22925167783689387,-0.6830067727601353,-0.75172777,-0.11921680770000001,-0.22996989999999995,-0.9994659095245401,1
0.08803759296199844,-0.8410561283293877,0.30639541111953916,0.2523737764662944,0.7313870524705051,0.14186120523856063,NORMAL,3581894,-0.6465495149436801,-0.2687751753384004,0.94631357,-0.8259561383,1.7183723,0.3418797081819605,1
0.7010503861626586,-0.4987300429333319,-0.5909268253452817,-0.03065165096349074,0.3683172682858907,-0.09578667293809959,NORMAL,3581894,-0.44409835392146724,-0.6606454636740865,0.6041352799999999,0.30921766000000006,-0.8837957299999999,-0.6783571247508284,1
-0.11150780859928021,-2.269639171542665,-0.16120749636620701,1.2475278117528388,-0.03348000233852451,-0.22253220381594654,NORMAL,3581895,0.8290834615099123,-0.3378667193622172,-0.8007909099999999,-1.5996338000000003,0.42324160999999993,0.04991581300561375,1
0.48297704718480877,0.3955392467564905,0.3458272587019758,-0.18585914699268627,-0.45948190146777956,-0.12219199129463644,NORMAL,3581895,-0.9018636923418514,-0.5428584277220011,0.5858756599999999,2.4074129,0.49939155999999996,0.7432624099551355,1
-0.4767415006652414,0.04526813259333015,0.05607236591597496,0.7453858246987553,0.4651358774017878,0.067926314531875,NORMAL,3581896,-1.2008168916037878,-0.4025143032678314,-0.9458201199999999,-0.316394277,-0.28538704,-0.7557620098474419,1
0.5789990157056489,-0.28504293033827954,-0.19802791853304255,0.6723470016312965,0.431249343606974,-0.16444050273994795,NORMAL,3581896,-0.8602684875150859,-0.4580292922635751,1.04045152,-0.298364683,-0.2502699,-0.6817449171203661,1
0.23630398343439346,0.4968633426700464,-0.34731195113778573,0.5993081935096098,0.010088373348571506,0.12601800264004492,NORMAL,3581897,-1.0371586154246082,-0.6446232425050639,-0.3377322,0.7062833900000001,-0.14703367999999997,-0.9979966447480325,1
0.3769722089938742,0.3517376937437828,-0.0931806998858259,0.47149026061444305,-0.29973120118137614,-0.24893752130796146,NORMAL,3581897,-1.1398088519054441,-0.583251402610734,0.1386311,-0.13108967,0.2503004,-1.4827087231410456,1
0.6752682652952309,1.1702705445305583,0.6500316475567703,-0.14020988631196757,0.49902238742246724,-0.053538161492788054,NORMAL,3581898,-0.07701365504960304,-0.5300491913404662,0.29397619999999997,0.7393675900000001,0.73200894,-0.7116984788294143,1
0.5538237633716355,-0.3761893739659588,0.7737126929986055,-0.9618965785649042,-0.44980006750020884,-0.1327541191559643,NORMAL,3581898,-0.46144918428767445,-0.3477135817325883,-0.11968577000000002,-1.39689243,0.12181663999999992,-0.38362897834257365,1
-0.8451158348023013,-0.44953532426322934,-0.01949338910286113,-1.254051900726284,-0.25616283341899154,-0.27006177703061723,NORMAL,3581899,-0.6127314880553584,-0.30054363595307215,-1.37868047,-0.06625222000000003,-0.781249054,-0.20382324191149315,1
-0.246943873181948,-1.1924907337681954,0.314306180446135,0.0697767292596879,-0.2271172284950303,-0.021851778773326322,NORMAL,3581900,-0.2719139739524458,-0.7708397463623268,0.58950937,-0.6710997,0.328767774,-0.8418052297204845,1
-0.10622907314132142,-0.7332881119036463,-0.6648803937764697,-0.4597547409685429,-0.3094130668477927,-0.3281534910744445,NORMAL,3581900,-0.5464053897487038,-0.5617489691001353,0.138677,0.41479036,-0.96442602,-0.7340368453495909,1
1.2495416633000398,-0.026040244699688082,0.1883923066755565,1.037541146860135,0.8040010251568508,-0.9301947834927433,NORMAL,3581901,-0.17674965847214683,0.21138139769361491,1.33613677,0.6388456499999999,0.84041021,-0.08631621831938828,1
1.5481233561251995,0.8335623049703553,0.4169457401759179,-1.3909997724430734,0.431249343606974,-0.8668219990343379,NORMAL,3581901,0.38336914803371275,0.07433190838798594,0.29425769999999996,0.77646519,0.22510814999999998,-0.933857751017187,1
1.597977228678803,-0.7162006833820314,-0.4701031629588108,-0.8979876644275235,-0.9096885083489892,-1.1678426495660967,NORMAL,3581902,0.4651630421222786,0.3943263147220858,0.049131899999999895,-1.39987604,-0.87367726,-0.1385970429221005,1
-0.48713943115260644,-0.02210656472677894,-2.0228761317683084,-0.7519100332383782,-0.05284372574664624,-0.33871560596794364,NORMAL,3581902,0.7145415036644743,-0.5594346916339272,-2.05492047,0.62696408,-1.529366,0.8535964485503255,1
-0.19074525748721785,0.5336612397764898,-2.2525242163700563,-2.6509194927753965,-0.3287767744064915,0.025677794441344378,NORMAL,3581903,0.9759084076544547,0.3898418689933834,0.29210186000000005,0.5020161399999999,-0.22618630000000017,-1.1722954139285409,1
-1.2937553918187548,0.3419525204767132,-0.1338073827766493,0.6449574242987842,0.36347632356561516,-0.22253220381594654,NORMAL,3581903,-0.2095463046291956,-0.5036317637720409,-1.08703659,-0.17316741,2.086778656,0.5740515674261305,1
-0.219110618253024,-0.007647584313077036,-0.0134223341870534,-0.03978150384692309,-0.41107259690983095,-0.12747305479303941,NORMAL,3581904,-1.4909283418179786,-0.5966964176016355,1.05908201,-0.315788165,0.118570328,-0.6811836827836067,1
1.0921800884155204,0.40534773495116944,0.33558683140740353,0.10629614527714898,0.0633386107397284,-0.042976034495982085,NORMAL,3581904,-0.28096015090462967,-0.9228231583564016,1.29230089,0.373052045,0.343748096,-0.4027365259096168,1
1.1845016687480658,-0.005453562166379333,1.4725356615339527,-2.1761670382165086,-1.3647359807033597,-0.43377476104250423,NORMAL,3581905,0.5480685192772141,0.7620456974611408,0.09098460000000008,-0.37107022,1.11981012,-0.6090646608285697,1
0.1562452103139091,0.07272641433084207,0.8464617340197382,0.4167111208951906,-0.03348000233852451,-0.28590497962913297,NORMAL,3581905,-0.6870833206874616,-0.708553604520136,-1.01336548,0.0706187183,-0.6166362999999999,-0.6038934749746825,1
0.06829131176521308,-0.1315060836200993,-0.12563905696580457,-0.3501964914215825,0.3150670110829551,-0.44961793770536257,NORMAL,3581906,-1.4241725625090003,-0.5282619149655087,-0.08668017000000001,-0.1844799383,-0.9574470500000001,-0.8145728827596367,1
-0.3681336258847049,-0.6979291975159087,1.8466801282506573,0.7271261861878655,-0.890324792865579,-0.3439966936729602,NORMAL,3581907,0.6546235830716315,-0.019650741443561697,-0.43010473,-0.51164091,1.94258785,0.2673013467010051,1
0.20922009059852023,-0.0859369247589817,-1.5001471572957525,-0.08543076751679624,-2.047307149611358,-4.246702828207069,NORMAL,3581907,0.07144558975670921,3.2292276498201478,0.56899261,0.5528028,-3.2963762,1.6113961374069667,1
-1.2084158234103177,0.2928830005323155,-1.3685389555043874,-0.021521797930600665,-1.664873729190448,-0.9143515981846657,NORMAL,3581908,0.4052454357485362,0.7891452165136984,-1.39710603,0.34218196,0.12962429999999991,-0.34647274536475686,1
-0.27279940720211865,-0.4417165204771901,-0.2068875817731422,-1.3818699382418562,-0.8273926779209384,0.27388780998907347,NORMAL,3581908,-1.0514566598165342,0.10901975770766834,0.92206703,-0.6635519599999999,1.14414029,-0.1773821673345651,1
1.341921385631924,-0.04276385628586765,2.658918555675008,4.18734043274517,1.8786876307216935,0.46928719055277274,NORMAL,3581909,1.8253007229326492,1.8692140703481264,1.59133677,0.36036754,2.82260611,1.4803913126815895,1
-0.1810949945529578,0.1548652383021747,0.27098480088364113,-0.6788712251166915,-0.39654981029727326,0.7544646125503587,NORMAL,3581909,-1.3449366447080178,-0.10886078596609126,-1.5009604,0.17851519,-2.35193732,1.0131327000124637,1
1.372466127706983,-0.26184672508582707,0.1925887958206483,0.8640739383384772,0.6926596215036844,0.28973097800671277,NORMAL,3581910,0.0035619236092309945,-0.1410094689605513,1.5310628,-0.37640923,-0.07721424000000002,-0.21135706336421897,1
-1.0953812826500926,0.07922449510988401,-1.2692544102767271,0.19759466663858638,0.09238420377662244,0.5326599317850828,NORMAL,3581910,0.21726642972522422,-0.4553544881746473,-2.4321086,0.3080841604,-1.43980694,1.0607210222034982,1
1.0641648784548086,1.2842834742801155,-0.14368179870532347,-0.3501964914215825,-0.3917088893511322,-0.44961793770536257,NORMAL,3581911,0.1275924799367417,-0.4649777000890515,2.1282721000000002,1.0885104396,1.1086053900000001,0.8514328333993966,1
-0.2246734884868099,0.6243356502211642,0.1911702725726864,-0.20411884528666485,0.6055228225812236,0.3214173745585251,NORMAL,3581911,-1.0531149495808159,-0.32707722893131114,-1.2701737000000002,-0.5961202800000001,0.32980441000000005,-0.349374867768289,1
-0.21617452846197316,0.8605640466595923,0.3503887804589316,-0.41410548028782423,-0.15450328750753037,-0.06410028935411595,NORMAL,3581912,-0.7563702543541222,-0.7529564125002292,0.008375880000000002,0.21338131999999999,0.15681839999999997,-1.5327920047869117,1
0.1289168572602219,0.572191869976372,1.8052788326132894,-0.6423517836914178,-0.880642903425028,-0.12747305479303941,NORMAL,3581913,0.4915002243785381,-0.08365156119520914,0.34009385000000003,-0.26048196,1.4329586,-0.2947729370570333,1
0.29280826572390317,-0.15202603187818042,0.3015695648551077,0.0697767292596879,-0.13029862730384462,-0.13803518092532346,NORMAL,3581913,-1.1282255777374985,-0.8529892600383415,0.16151797,-0.65417441,-1.4810419000000001,-0.1624914814263485,1
-0.04163927175537981,0.5374034738599646,-1.37159573431155,0.2706334897060452,-0.7547786735357466,-0.28062390921455466,NORMAL,3581914,-0.03996701807489264,-0.2263157890798596,-0.32960414357,0.62275061,-1.6479434999999998,0.0036279967396013893,1
0.4008300935037729,0.9076611967949615,-0.9402681114242527,0.20672452325846177,-0.15450328750753037,-0.1961268863239316,NORMAL,3581914,-0.21218916039121863,-0.7807605943102779,0.43606162357,0.33444786000000004,0.4248256599999999,-1.1005618623913138,1
1.1323173471563863,1.0045105979220552,-0.36067505053496157,-0.5510532473842081,-0.20775351301162004,0.0362399179800627,NORMAL,3581915,0.035363393986869274,-0.6527081330722561,0.72089402,0.08748250999999996,0.5708561000000001,-0.8701070503610858,1
0.9539509856834565,-0.4310683738378136,-0.8228392127312218,0.234114093118088,1.9997108128694505,0.07320737630123417,NORMAL,3581915,-0.10662718830673647,0.9382882749539246,-0.1757833000000001,-1.29673545,-0.45519736000000005,-0.4055453469530454,1
1.2223503853369408,0.5449179879497686,-0.5512664732162812,0.24324395721084954,-0.5127321507460038,-0.3545587912760212,NORMAL,3581916,-0.023361194024376357,-0.42404601450003476,0.26451250000000004,0.88159282,0.2674789700000001,-0.8350999299905585,1
0.13926446904344694,1.176247612954763,0.15220804417165773,1.4757740404275712,0.6297275065590439,-0.13803518092532346,NORMAL,3581916,-0.5036935630686672,-0.025783683898861414,-1.06740091,0.5702699200000001,0.69287013,-0.3965010035496601,1
0.5559662300921284,0.4686594762280118,-0.3150462887965095,0.234114093118088,0.4844995849604866,-0.5658013485025788,NORMAL,3581917,-0.8259474874309197,-0.35562613195627346,0.41066718,-0.63915301,-0.46021080000000003,-0.9057834292571271,1
0.2347111767669881,-0.27043494362440745,-1.332717776226725,0.343672312773504,1.8835285992161035,-0.349277729506662,NORMAL,3581917,-0.08155173244659875,0.8431642304086548,-0.31660271,-0.66761213,-1.0023308,-0.5466528429070802,1
1.2750857875541175,-0.23969521900658755,0.48874007973886385,-0.23150840767340497,0.08270233018549437,-0.5341149778864238,NORMAL,3581918,-0.025619906761541116,-0.5753746429354921,1.02530814,0.027766700000000033,1.79400065,0.2795197445996973,1
0.5889464725349594,-0.17422218615449908,-0.38903762657423696,-0.3319368080733761,-0.28520840664410696,-0.5658013485025788,NORMAL,3581918,-0.8105048119496429,-0.45786802962140444,-0.6762028,0.05914074,-0.86454582,-0.6935830213253537,1
0.038255966662372944,0.1707986332607048,1.0059174577695718,0.3162827503867639,-0.29004932759024804,-0.21725113340136826,NORMAL,3581919,-0.5179999902609261,-0.6444787339059479,-0.54271553,0.31165177,1.37392711,-0.2805614446505611,1
-0.008462809126002467,-1.4976919927476307,0.33740620722814113,0.13368569271811687,-0.3675042132980235,-0.0852245450767717,NORMAL,3581920,0.034619957903437755,-0.6334284984924818,-0.046042205,-1.50712081,-0.6584339100000001,-0.1441852449918048,1
-0.6239659520098667,-1.7554797005323066,-0.16027601493370192,0.35280216192049335,-0.5611414711533752,-0.20140794809329077,NORMAL,3581920,0.3884381958662438,-0.40890034533483616,-0.6065895649999999,-0.2328555000000001,-0.49018001,-0.9805500037516238,1
-0.3372383677145037,-1.0717737659665147,0.3340772962179417,-0.4506248768757814,-0.5756642181423757,-0.2278132742305248,NORMAL,3581921,-0.3650455486092163,-0.3821443801324823,0.28257526,0.6175805999999999,0.48690128,-0.9586701530746541,1
-0.27041768564699875,-0.506803141062765,0.010461021735046669,-0.26802781920713437,-0.9338931130796947,-0.15915944529319834,NORMAL,3581921,-1.0303311654197913,-0.07809094703912459,0.065853,0.5103289000000001,-0.318737985,-1.1904218598668816,1
0.01860246102027446,-0.807175630550263,0.37056849558077465,-0.07630091538065249,-0.40623169181311286,-0.12747305479303941,NORMAL,3581922,-0.659700080363501,-0.6005624745661136,0.284834622,-0.27132164999999997,0.354679105,-1.2664910467105321,1
-0.8513362778575813,-0.3910968014025178,-1.0258099550159152,-0.012391945346083759,0.12627071379730187,0.38479011579083505,NORMAL,3581922,-0.10456087675366958,-0.5898573701035302,-0.857340482,0.37583732999999997,-1.37532902,-0.12571729780027538,1
-0.5872081842968955,-0.2613106478115494,-0.009967545762686393,0.4167111208951906,-0.18838978960349834,0.9023343853185108,NORMAL,3581923,-0.9785120370588489,-0.09271999948207928,0.26030305,0.11723374999999997,1.0005292939,-0.7526472853761748,1
-0.563987254014659,0.43877349200546845,-0.0361098760467327,1.0466709810613521,0.4457721302195317,2.650366695498305,NORMAL,3581923,-0.9929817348577644,1.5181860210955112,0.02288464999999995,0.63237477,-0.025748252899999997,-1.1622242163955074,1
-0.47497232993317456,0.40729878256144414,0.09478477851818531,0.9188530930035019,-0.6821647325482467,3.442526133806562,NORMAL,3581924,-1.0884508028142383,2.2367712316456716,0.08772583000000006,-0.028430600000000028,0.128921509,-1.639859384092074,1
-0.07324107132904988,-0.011624379188918142,-0.16633157832559836,0.8640739383384772,-0.6143917283563108,4.403679980995268,NORMAL,3581924,-1.5070714015642868,3.0595689295779818,0.395913477,-0.37840657,-0.25718021,-1.1906590971620081,1
0.3088000552174766,0.042165129393338246,-0.08475771324063365,0.8092948285107693,-1.3308494389838343,3.849168019725504,NORMAL,3581925,-1.2973458400454063,2.7526616225037146,0.376508493,0.048587200000000004,0.08034419599999999,-1.408959679322428,1
0.8703873357260321,0.11256993699897655,-0.2727841871086961,0.2980230520927853,0.1214297849264493,2.755987757981106,NORMAL,3581925,-0.6014551710030779,1.5222325345216583,0.5534545,0.063595533,-0.18519210600000002,-1.2087412582552062,1
2.5111414675112083,-1.5038144307418444,0.32676588174750687,2.900031179917651,-0.16418513732452403,0.9657071697769163,NORMAL,3581926,1.7668962625978923,0.7696407366987817,1.6169931000000002,-1.460054063,0.5905122700000001,0.4713856954903275,1
0.6374003303910423,-0.9555933561115434,-0.8878963029624842,-0.05804120811921057,-0.30457212212751716,-0.30174817358242956,NORMAL,3581927,0.0030590429954908513,-0.6395385799870115,-1.8466060400000002,0.4951993000000001,-1.196352,0.46944736491718225,1
0.053887758754664165,0.9166518690673422,-2.3477739394700836,1.740539815147983,0.8233647406402611,1.715618200382491,NORMAL,3581927,1.1840085230233508,0.9906912306003187,-0.575062274,1.69116907,-1.437871,0.5074415347928308,1
-0.3734401944149476,-1.5084264909707457,-0.7590718136946311,3.676068581598325,4.250744124640399,-1.9758454028607177,NORMAL,3581928,0.25176183164110894,3.854611160047598,-0.421139486,-2.19053437,1.5647535499999998,0.9416822309789044,1
-0.09934227508297191,1.0864440250199432,1.5421106560187479,-1.254051900726284,0.2666576986002951,-2.884188372999258,NORMAL,3581928,0.4069706486607867,1.5973506322449964,0.270128495,2.3439049,2.26649375,1.4918695549499648,1
0.6422511184105857,-2.3167264687409155,2.3102376341305195,-2.212686584262188,-0.9193703660906944,-4.9226789075894235,NORMAL,3581929,2.133184809184601,3.5644809013394054,0.730853805,-3.0740293,0.756548,1.4690858353536616,1
0.1648169949686334,-0.6384642421631597,-0.7679905473804745,-4.321682260318743,-2.923515631847688,-3.903433769972628,NORMAL,3581929,-0.510365903080889,3.976962504442702,-0.47052003,1.5159473399999999,-3.03182604,1.6432929262145142,1
-0.6107265215600439,-0.09523449941654157,0.6328700179679869,-0.9527667593094593,-2.1053982960615887,-3.105993053764534,NORMAL,3581930,-0.6921270804790406,2.4330506301047023,-0.76431227,0.49069071000000003,1.37974357,-0.13760284340311002,1
-0.9669944636542941,-0.2508300675274888,-0.7297283819399953,-0.5236637298347847,0.5667954312379605,-1.1255941554112237,NORMAL,3581930,-0.2911204508464162,0.10910184749271858,-0.35110854999999996,-0.14054698,-1.34205818,-0.3966707818217536,1
-0.1524835957192684,1.6213423787653074,0.9104992549554373,2.1879024980793194,2.0723249440500253,1.2772899438473935,NORMAL,3581931,0.27000973813845597,1.5970665021827724,0.802715305,1.69110333,1.6155023499999999,0.6880873525367572,1
-1.9915896706700427,0.37079721530652965,0.8211259751366474,-0.04891135598306683,1.1719116985887605,2.4919344966087658,NORMAL,3581931,0.7991475561274959,1.5434760682621613,-1.8124725549999998,-1.1295973799999999,-0.08802603999999992,0.35090638023102405,1
-0.6866435853792755,1.329627797972753,-0.5260701258647317,-1.1171040887925834,-2.5894915001353036,2.9672304881120457,NORMAL,3581932,-0.05546941742485871,2.746011240709286,1.28604815,0.8660962799999999,-1.32688806,0.25360897535992366,1
-1.73683172345832,0.19333490649808055,1.5683565952351397,1.5122935117443894,0.9637517175185428,4.430085246615968,NORMAL,3581932,1.0130876910279072,3.1929531995482825,-1.03497955,-1.0263951359999999,2.0628547,0.7416221083319636,1
-0.9613915738663383,-1.2179766287584834,0.643817310766706,2.4800578202406993,-0.48368657752088823,4.48289586430956,NORMAL,3581933,0.2138669389138983,3.2863977293724895,0.7642104,-1.274815064,-0.9106025,-0.045827833118343916,1
-1.9789464747544532,0.2624560125669349,-0.10643147608924734,1.6218517015082612,-0.5998689021201957,4.27165313417862,NORMAL,3581934,0.5766494667006644,3.005956059115041,-1.0028188999999998,1.3372510499999999,-0.73893931,0.03912834936167894,1
-1.0994679650643622,-0.21641732294177538,1.0844964411022784,0.5901783294168483,-0.2610037543651327,4.377274196661421,NORMAL,3581934,0.10182992234586005,2.9852800630168352,0.8667421,-0.4325586,1.17297551,-0.26898586446371375,1
-0.81747987708719,-0.4958908471428758,-0.0694716302072103,1.6675009621889798,-0.6918465902899518,4.113221281097845,NORMAL,3581935,-0.6108039874900788,2.8892914766763464,0.27790439999999994,-0.25244395000000003,-1.136572808,-0.5951975158762568,1
-0.44744268176903607,-0.4770565703650958,-0.6666988050574435,0.4532305623204645,1.457526620839734,2.3440648535189004,NORMAL,3581935,-0.6275632310907123,1.5788119872411008,0.3646784,0.01701269999999999,-0.588224392,-1.102878727440358,1
-0.24614951953129358,-1.4281792999596679,0.6138628684543427,-0.20411884528666485,0.0004065116445106421,1.4885325010739514,NORMAL,3581936,0.08465017235977738,0.38446661227713214,0.19837808,-0.8591338999999999,1.2612581,-0.25122908947592365,1
0.4751232604137188,-2.4712219619578986,1.3807552356684794,0.30715290123977457,-0.06252558348835138,0.37422802683299317,NORMAL,3581936,1.5463802985846704,-0.5737015780282892,0.7108274699999999,-0.9421637000000003,0.755332,-0.3897172925988118,1
-0.6250088550974859,-0.6295392967308628,0.29421360895368676,0.08803643203739817,0.0439748912939624,-0.07466241721544381,NORMAL,3581937,-0.6294433107607829,-0.9440520738059911,-1.0842002499999999,1.6635624000000002,-1.07016277,0.4698362960521214,1
0.12208884553226859,0.11093525059351504,-0.0511442091252851,-0.17672929784569696,0.005247442496541074,-0.09578667293809959,NORMAL,3581937,-1.5205040454633303,-0.9280407512134945,0.7362784,0.668858777,-0.34015179,-0.7417684018719141,1
0.5649220563508633,0.09291734279546976,-0.2000390042466185,-0.3136770798878531,-0.2271172284950303,0.24220140479204208,NORMAL,3581938,-0.9718568558270664,-0.619397679054048,0.43642020000000004,-0.016275287,-0.14665031,-1.3358774783444465,1
-0.4151225082963618,-0.010583045513327819,-0.12370541871873487,-0.04891135598306683,-0.7983471046958228,1.4145976363029231,NORMAL,3581938,-1.2495567929706863,0.5319639919867463,-0.9658517799999999,-0.09349024,0.07518290999999999,-0.8202353394145607,1
0.14572112284961894,0.7514978559502181,0.8015185062270782,1.530553210038368,-0.6724828748065416,1.6258401070772897,NORMAL,3581939,-0.5025937129006711,0.8287742678949842,0.55272162,0.68837545,0.91127682,-0.5229735396546992,1
0.2958181542516367,1.2918469873583331,0.24230656651535695,0.06064687861812139,0.5522726446254027,1.4832514825306875,NORMAL,3581940,-0.3217913711084248,0.4745849881083911,0.14792336,0.48808870000000004,-0.5507822099999999,-1.0441885792386505,1
-1.1308669785049266,0.6243884021822557,1.1748215287599637,-0.08543076751679624,-0.41107259690983095,2.153946456917588,NORMAL,3581940,0.2649443023214976,1.0184583533185503,-1.4060242,-0.60290463,0.9184579500000001,-0.004306913378186528,1
-0.19077937151894167,0.2779967845873518,-0.254296031059315,1.6309814759263892,-0.03348000233852451,2.0852927835942054,NORMAL,3581941,-1.3213003822232385,1.0968238511710158,0.92647347,-0.31288998999999995,-1.40757461,-0.07517390931493756,1
1.004265428106169,0.5322869986041562,0.06343702704259031,-0.08543076751679624,-0.6870056534943877,1.5202188716901062,NORMAL,3581941,-0.3925514661460303,0.564277532547612,1.1777384299999998,0.22969627,0.312943454,-0.5518534558375242,1
1.070588098074624,1.3341701126917118,-0.3344659262783957,0.3162827503867639,-1.0597572637218613,0.6963728898613123,NORMAL,3581942,0.20328360175254884,0.24907550427491304,0.06536220000000004,0.7243281499999998,-0.39190484400000003,-0.9682433895936964,1
0.12554022767103845,0.08853167538477034,0.23784284909044812,1.2018784912890312,0.35379444204977567,0.42175759140244473,NORMAL,3581942,-1.3712640145050714,-0.17040843714094514,-0.9313619,-1.1251652129999998,0.56368162,-0.2243566378331879,1
-0.6142767349507442,0.841066921840177,0.3687258794282551,-1.7835833604924742,-1.5244867523121661,-0.7242332880355449,NORMAL,3581943,-0.5682488827770645,0.8361613356819955,-0.7291031,0.679753013,0.12891005999999997,-0.788196052951769,1
0.45603670319093353,1.3441570054725378,-0.12046849434284929,0.01499761494824824,0.08270233018549437,-0.14859730878665137,NORMAL,3581943,-0.22928543298565915,-0.9083219267066868,1.0548134,0.4544332000000001,-0.48182010999999997,-0.5463777212454324,1
-0.09075428372644237,0.8563540305480043,-0.0728489529911113,1.0649306793553306,1.002479227732478,0.37422802683299317,NORMAL,3581944,-0.8781035458619171,0.1767952566591876,-0.538872483,-0.44062460000000003,0.04690171,-1.0974900781002042,1
-0.008628162739794372,0.9740428586515797,0.46197127874610366,0.6084380725481436,0.16499816061354533,1.7261803239212092,NORMAL,3581944,-0.6075516281521891,0.633697536619626,0.08093678900000001,0.10630642999999995,0.52675819,-1.2526333895308208,1
-0.7632290893989352,0.5445496209501131,-0.8552162134203884,0.8092948285107693,-0.24164000718287654,2.201475969615725,NORMAL,3581945,-0.31648557901889246,1.078386091505529,-0.743672966,-0.38795435,-1.29733181,-0.24522975358771001,1
0.08292057952593569,-0.3037195822635893,-0.0059385729087728534,1.7861889861540683,0.3295898135449357,2.0430442029871414,NORMAL,3581945,-1.2806425149957243,1.1192546897187887,0.83389592,-0.7662279599999999,0.8364753728000001,-0.3830192587803529,1
-0.4659164547890153,0.14014330070991543,2.247058959706588,2.7265639713959935,-0.06252558348835138,1.097733757236991,NORMAL,3581946,0.9862195121896584,0.7541702281591177,-0.5408889,0.40093422,2.2190351672,0.5334420122928235,1
-1.7027312886418378,-1.59308115538156,0.14262894595133183,1.0101515844733948,-0.5950279653246316,0.26860675686493346,NORMAL,3581947,0.9537903735100861,-0.15933236379425614,-1.21890356,-1.56559384,-2.0727072,1.0871033765116838,1
0.10712379504168129,-0.3364813952753825,0.24343654007819726,0.80016497936378,-2.1392849170282284,-3.047901244623297,NORMAL,3581947,-1.1536901489202964,2.4051946546743657,1.78364517,1.1350664,0.09928798999999999,0.32981948610927964,1
-1.1002826633413123,-2.5379207001875748,3.016674070378116,0.13368569271811687,-0.7741424207180028,0.712216083814609,NORMAL,3581948,3.0032088796539176,0.02790063976516564,-1.18992107,-1.9885248,2.7314329099999997,1.8040658363278494,1
1.3395323887166777,-3.880758458487421,0.8744418446600505,-0.6240920853974392,0.4457721302195317,2.9197008889617178,NORMAL,3581948,2.9805543041741562,1.712117976911769,2.4044822000000003,-1.2129637999999998,-2.10993957,1.6422942625337418,1
-1.5254417210554436,-0.8760673115318403,0.48979259568214784,2.6443952543442286,4.729996043231246,1.7208993053779456,NORMAL,3581949,0.39642769614735235,4.054065222543121,-2.8234842,2.7140893,-0.37885093,2.1588495267232317,1
-1.9383211479214055,0.6113594206013361,-0.8431612533099978,4.18734043274517,3.432626471865842,2.0747306600554873,NORMAL,3581949,0.7906714145322473,3.4113788556809714,-0.40690020000000016,1.3435687,-1.3128605,0.13421637189698532,1
-0.5667176347738426,-0.603454365305179,0.6052781904243709,2.2700712151310842,-1.43250906414241,1.8634881028289296,NORMAL,3581950,-0.5146972687821434,1.5131184663581871,1.3517402600000001,-1.0973218,1.42660523,0.465001557301386,1
-1.8612577329022928,-1.8696766809331011,0.47786543201393256,-0.5145338956335676,-1.839147247788255,1.5096567481513878,NORMAL,3581950,1.343929201266638,1.2930927509996557,-1.2757928600000001,-1.1437583,-0.12549210000000005,-0.07105289656955614,1
-0.19603064934161055,-0.9076368970108181,-0.42222121602607465,-1.19014303142622,0.03913395925322525,1.4357217969281686,NORMAL,3581951,-0.5319699103304749,0.46342174467694025,1.64111164,0.8689951000000001,-0.88651847,0.27070196804218216,1
-0.6038860595296144,-0.8024141710107782,0.4502261592669888,0.16107525510485698,0.4215675017146918,0.42175759140244473,NORMAL,3581951,-0.4383278623848009,-0.4088262902961919,-0.40194894000000003,0.09504599999999996,0.85929584,-0.8402203491945013,1
-0.9047909970613441,-2.62668879978478,0.32668841397490034,1.4301247946926248,0.13111164266815445,-0.1961268863239316,NORMAL,3581952,1.4050636887160677,-0.24132572537043998,-0.29654729999999996,-1.6478379999999997,-0.12167550000000005,-0.11057880223318123,1
-0.5586949115024046,-1.2760619072174098,0.9398243096893106,0.24324395721084954,0.3102260742873911,-0.23837538912402403,NORMAL,3581952,0.22239110233257692,-0.6534401427019639,0.34108399999999994,1.2199995999999997,0.6038933000000001,-0.3875831738607429,1
0.42248876957235804,-0.23702141971113802,-0.2193918245055003,0.24324395721084954,0.0633386107397284,-0.47074221071845657,NORMAL,3581953,-1.0293610878548416,-0.6223626290040877,0.9669744,0.9385486000000001,-1.14174176,-0.02257446667756269,1
-0.18164753633864775,0.016467502533866717,-0.5818841838354685,-0.5419233683456743,0.1214297849264493,-0.7928870996824332,NORMAL,3581954,-1.0220308039748587,-0.30185105774999954,-0.59538734,0.22897247599999998,-0.35702804,-1.063938601993416,1
0.2473917540308437,0.6066691457648561,0.3826312126214761,-1.0349355211985407,-0.08188931482118458,-2.0075317734768725,NORMAL,3581954,-0.9147824645200524,0.8018015196193672,0.42282604,0.5331196739999999,0.9499759999999999,-0.6238193290137207,1
1.5814836727162398,0.5060257106747604,0.8611562130354812,-1.464038505835899,0.668455016772979,-3.058463627518589,NORMAL,3581955,0.49860471046245997,1.837119342390607,1.3147719,-0.09090959999999998,0.47131156999999996,-0.3913156388389967,1
0.5913860316810448,0.30710288116014667,0.34780350930050413,-2.093998470622466,-0.8080289624375281,-4.373448483576071,NORMAL,3581955,-0.8313036658586508,3.0626055947369313,-0.97575927,-0.1796838,-0.5056142699999999,-0.6791029129110385,1
1.422882445465361,-0.05834349758968267,-1.8333730043789838,-2.1944267365104873,1.365548932669978,-3.9720876162003926,NORMAL,3581956,1.0426493375807697,2.88592441236719,0.81945487,-0.33010185000000003,-2.1482968,0.5373920491781119,1
1.4445691068104167,0.925614643135746,-0.6416332086856615,-1.1718832733491524,0.12627071379730187,-2.509232857696471,NORMAL,3581956,0.39157999194554943,1.2531237657734817,0.021372600000000075,0.8887936000000001,1.17377515,-0.3180659942203122,1
0.41439272447068903,-1.849836851033403,0.5656875592907162,-0.5054040165950339,0.1746800342046734,-1.3209934841036082,NORMAL,3581957,0.5390244517822412,0.14720669392771749,-1.0152576,-2.5070208000000003,1.18912125,1.1729469930634162,1
-0.11920431771072736,-0.941989173346483,0.24241308216442842,0.11542599442413828,0.30538515334125,-0.4284937079183641,NORMAL,3581957,-0.5724959692598053,-0.5731792666300658,-0.52586961,0.82004424,-0.31840134000000003,-0.7683159808959981,1
0.09838060817878362,0.20549735657861457,-0.16241298831602602,0.37106189010601637,1.0315248009575935,0.4640061114929754,NORMAL,3581958,-1.4425677441795286,0.11203118140205214,0.21443391,1.03650617,-0.3987236,-0.6615038849186392,1
0.37624403372361914,1.1280409556755138,-0.25681740907317985,-0.30454723074086376,0.39736284151100604,0.6171569200948294,NORMAL,3581958,-0.45285551716137357,-0.2762166607330893,0.27383947,0.8333188300000001,-0.09298134,-0.9119796686738423,1
0.10310292571776322,-0.3296837986034931,0.518603499956677,-0.06717106324450876,0.2714986353958591,0.45344396201859977,NORMAL,3581959,-0.9390984025699928,-0.47850271215484685,-0.26918553999999995,-1.31673938,0.7637319800000001,-0.2442786621311089,1
-0.6062128556672086,-0.8045030379628427,1.2195672391151027,-0.17672929784569696,-0.06252558348835138,0.18410971668387216,NORMAL,3581959,0.13849559677113946,-0.7611566861762422,-0.69904363,-0.42889660000000007,0.6903972,-0.720883940378118,1
-0.24393822607755186,0.5610090520436324,-1.660946901211584,-1.1536235451636294,-0.5127321507460038,0.1312990644094041,NORMAL,3581960,0.30944053948399525,-0.21505327865441398,0.35702825000000005,1.23344516,-2.8370924000000004,1.333408969644397,1
-0.43599505988732284,-1.1021969788177857,-0.5876347089888078,0.562788752084336,-0.23679910208615837,0.6858108095486897,NORMAL,3581961,-0.19776624814750554,-0.23304620885067148,-0.18927550999999998,-1.5023473200000002,1.05713276,0.05842611155919835,1
0.439150663365468,0.4582519405272213,0.3754437364341616,0.4897499589084217,-0.08673024369203713,0.11017481733196742,NORMAL,3581961,-0.889860086129728,-0.6868019811065401,0.86247206,1.4095284700000001,0.94856071,0.11740804779754241,1
0.2564397652920209,0.29459182087948793,0.13950918777411983,0.08803643203739817,-0.01895721255608223,0.015115670902626043,NORMAL,3581962,-1.267143455955705,-0.9120578291532755,-0.18006492000000002,-0.14783155999999997,-0.232378,-1.468295924168806,1
-1.1293529527245836,-0.8388484172425242,0.280438021588269,-0.21324870937942636,0.8862968555849017,0.6435622721677207,NORMAL,3581962,-0.06160482310723754,0.05933649995518,-1.3657239799999998,-1.02381838,0.13880443,-0.07659687512353668,1
0.07775844769544697,1.405880121164342,0.14729117581267617,-1.8566222433430217,-0.9484159393158098,0.43231971494116306,NORMAL,3581963,-0.2705293695529232,0.3937055376570742,1.1896302849999998,2.02762727,-0.13113975,0.5692305823731185,1
-0.004080149435482237,-0.4471093097302456,-0.6155547846436126,-0.24976812091315578,-0.6143917283563108,0.12601800264004492,NORMAL,3581963,-0.8046808813379072,-0.36674670971701995,-0.080653429,-1.67377562,-0.75134659,0.048088150544092045,1
0.05801397772848395,-0.49452350302652526,-0.47260032594807977,1.2749172844649455,1.1573889515997602,0.3900711948506324,NORMAL,3581964,-0.8844999475556605,0.3570883899584447,0.061194894,-0.04282848,0.14079952,-1.6389773751679362,1
-0.07645415143140173,-0.29738222846230983,0.3585938968622818,-0.46888457516976007,0.058497680283933526,0.2580446073905578,NORMAL,3581964,-1.1246377673158932,-0.6359839344488585,-0.132520792,0.17807455,0.81866455,-0.9460311169993235,1
0.29598689796001487,-0.010871736570910775,0.156790877180868,0.5262693554963788,0.9443880020351325,0.2369203343774638,NORMAL,3581965,-1.268051942555185,-0.01796003399747117,0.367047442,0.25880033,-0.19876097999999998,-1.3052556971968097,1
0.06201440095664846,-0.3666849319117661,-0.0850143072157288,0.15194540595786768,0.09238420377662244,0.052083116255968856,NORMAL,3581965,-1.2143430185527158,-0.8484999954122504,-0.23058415999999998,-0.32140035,-0.23816014000000002,-1.334837389180209,1
-0.15565108153543702,0.5123728952717271,0.5094533173397275,-0.15846959955171838,-0.21743537867803664,-0.1538783748786201,NORMAL,3581966,-0.9417376037835796,-0.7661609024417091,-0.21451330000000002,0.79403883,0.58550644,-0.7836733278020747,1
-0.6470370626376113,1.257514261906884,-0.19563919011932243,0.7453858246987553,0.19404374968808366,-0.1538783748786201,NORMAL,3581967,-0.24569193568265033,-0.5679271056594035,-0.48426984,0.67307424,-0.6944637300000001,-0.7112786726787486,1
0.4880723765977325,0.6671822875663151,0.4305276682628694,-0.14933973545895685,-0.1351395482499857,0.04152098839464097,NORMAL,3581967,-0.6925547306878379,-0.8265139786422346,1.1186710400000002,-0.5332374000000001,0.61672783,-0.40681907623670543,1
0.6835389799216156,1.9401887378756362,0.6340222571697953,-0.36845620466133333,-0.4159135257806836,-0.0693813533366512,NORMAL,3581968,0.5910322320775991,-0.5587871017022473,0.19263589999999997,1.1498863,0.20042705,-0.6092465836266092,1
-0.9497015820376427,0.7972167019605315,-0.8767282523944621,0.6997365640180365,0.2811805010622757,-0.03241390577013229,NORMAL,3581968,-0.04891125369282056,-0.5515781252418981,-1.6095883400000002,-1.0324283,-1.4879769999999999,0.6380993445623027,1
-1.1790087568964949,1.4421942833411123,-0.5816498514381213,0.46236042641322594,0.4844995849604866,0.13658013482398235,NORMAL,3581969,0.38251260855284774,-0.45322689570203606,-0.22598639999999992,0.5825979000000001,0.2906303,-1.1060328835220268,1
-0.31360596863380397,-0.34845982127439734,-0.863848346806738,-0.46888457516976007,-0.48368657752088823,-0.11691092866075536,NORMAL,3581969,-0.5653826861063862,-0.47539244938845837,0.85287022,-1.61746912,-0.27794454999999996,0.06126871416898473,1
-0.4160473719636825,-0.7753772133743783,-0.3482598906645759,0.14281555681087837,0.5813182178505181,0.07848842942537425,NORMAL,3581970,-0.6195653827953436,-0.4319815008557509,-0.10095787,-0.38562763,0.50781632,-1.1498794898808447,1
0.15606764890964517,0.5868630040535318,0.22804007917542732,0.35280216192049335,0.18436188402166706,0.1471422756531389,NORMAL,3581970,-1.0655265242992695,-0.6882928265506981,0.5638297800000001,1.23048973,0.56761265,-0.3228443044808979,1
-0.38262947145532145,1.442753797320874,1.1974423214220746,0.10629614527714898,-1.3453721859728347,0.1735475758547156,NORMAL,3581971,0.36492968074422666,0.3303999917277744,-0.53089583,0.7731124200000001,0.9547891799999999,-0.4529845870316638,1
0.46658643198721833,1.198817658517953,-0.0013112091292790161,0.12455584357112756,-0.9242112553379895,0.04152098839464097,NORMAL,3581971,-0.37269318311423194,-0.09114634095366735,0.83691775,-0.22034360000000008,-1.1806831576999999,-0.3266867418897552,1
0.11058000712664405,2.0224048557031087,-0.15459324108398032,-0.23150840767340497,0.3005442086209745,0.2369203343774638,NORMAL,3581972,0.39264480407199154,-0.6028983776501353,-0.35085081999999995,0.7439331,-0.1509714123,-0.9580698600035864,1
-0.34403069263413677,1.215142978959497,1.3875582869181529,0.7179963071493318,0.08270233018549437,0.19467184886780958,NORMAL,3581972,0.3622690933269698,-0.555226425771235,-0.44802713,-0.7291867000000001,1.51890467,-0.045497451024811425,1
-2.0282889412405725,-2.7680385928634905,1.9302040937381968,-0.3319368080733761,-0.5611414711533752,0.02039673267198521,NORMAL,3581973,2.7762938681679383,-0.4259721406088503,-1.6598671999999999,-3.597944,0.5344658,2.222778827220417,1
0.0037258289858546627,-1.874627505067438,1.9878210288231855,0.5536589776662079,-1.258235545544603,-0.7981681528065732,NORMAL,3581974,1.4443258573981494,0.419006452784623,2.00258759,0.8070039,0.05674840000000003,0.37338790608662503,1
0.561632041090887,0.02417836684023288,-2.790599323075813,-0.4414950277287921,-0.7015284480316569,-0.47602328113303477,NORMAL,3581974,1.6368096350418502,-0.19790366751631455,0.54982674,1.715160876,-4.706389,3.269998904127136,1
-0.7627194793408548,-0.017406625155349856,0.6188639868234277,-0.5601831114769696,-0.6385963727105736,-0.27006177703061723,NORMAL,3581975,-0.5887345946323915,-0.29702203217866746,-1.30517256,-0.037563056000000004,3.35806803,1.825156524430301,1
1.0777985177483167,-0.07656441242573907,-0.9242606704229056,-0.04891135598306683,0.4651358774017878,-0.01657071700396716,NORMAL,3581975,-0.007267384201403013,-0.5644433304605567,1.81386403,-0.05343627999999999,-1.51986313,0.5818546352658317,1
-0.348500929599019,-0.5721205085790911,-0.7220683929519816,0.2706334897060452,0.9927973382919271,-0.13803518092532346,NORMAL,3581976,-0.5644498698011846,-0.03845763996652604,-1.4056441,-0.44762787000000004,0.19914437000000007,-0.3018588697263337,1
-0.5182121492576137,-0.5401790245420971,-0.5834236908289585,0.08803643203739817,0.08754326698105841,0.052083116255968856,NORMAL,3581976,-0.6133304437092832,-0.8669479104780154,-0.1672535,0.028852230000000034,0.13655472999999996,-1.580175938909326,1
-0.4578795663812636,-0.9070567914995497,-0.29659880586600934,-1.1718832733491524,0.23277118857961565,0.38479011579083505,NORMAL,3581977,-0.4969680684366409,-0.25985517031050953,0.05945886,-0.3313948,0.2825012,-1.3571869999246047,1
0.12424279859538823,-0.08954912221391899,-2.224855428706341,-1.6648953365273855,0.21824840196705797,-0.3439966936729602,NORMAL,3581977,0.9063896282039645,-0.104239104339107,0.5736922,0.73844156,-1.8991895000000003,0.33022713052541747,1
0.15532361396313069,0.11973344297159969,-0.41150633669822545,0.8275544969132034,0.13111164266815445,0.3108552510198067,NORMAL,3581978,-1.191475847224543,-0.44262014503952746,0.030630710000000005,0.18904158299999999,1.7860141200000001,0.007649711227529165,1
-0.5066188781161254,0.15868042176076294,0.37980482682820454,1.1744888691192021,1.6947322543821814,6.252052205436312,NORMAL,3581978,-1.0019080591553757,4.906471032459512,-0.65235639,0.035180181,0.7793827,-0.7762710650702012,1
-0.40863331323506247,1.6007655713105493,-0.6642723276032843,-0.03978150384692309,-0.5272549294338499,1.1980739740809105,NORMAL,3581979,0.14587649981848494,0.23704754108144807,0.09656656000000002,1.302612376,-1.02833842,-0.1269912948137007,1
-1.9763032968473322,0.25801461849379137,1.8824035336554232,0.343672312773504,-0.5369368188744009,1.382911265686768,NORMAL,3581979,1.4763641653507507,0.4050818772420095,-1.54496734,-1.21288539,2.5082865,1.4055138148381827,1
-0.5553793462329457,1.5593417202267952,-0.9354887255172848,0.1884648174915971,-0.03348000233852451,0.37950906266669504,NORMAL,3581980,0.3081190283937942,-0.5932261956534105,1.40034645,1.17546789,-2.7754145,1.5439993634316036,1
-1.1209374817696527,-0.6034389770101282,-0.09938440643238841,0.5901783294168483,-0.06252558348835138,0.606594796556111,NORMAL,3581981,-0.24391562828964822,-0.3250753602906719,-0.5573678499999999,-1.9536050999999999,0.82350063,0.4058769549524609,1
-0.7496137146078369,0.3797061967665508,-1.084093031720919,0.0697767292596879,-0.5708232971962345,0.28973097800671277,NORMAL,3581981,-0.16839651000509817,-0.3581739859276769,0.3659463399999999,0.8880592599999999,-0.96986483,-0.4261815730503651,1
-0.6602265701141797,-0.8978191647683929,-0.23651569490079422,0.3893215734542227,0.2037256074297888,0.2263582367744028,NORMAL,3581982,-0.4073442632451684,-0.6224200062614228,0.08809265999999993,-1.15396816,0.8348007000000001,-0.3638160311907194,1
0.7478895098014982,0.4189778010499196,1.6460603247270442,-0.21324870937942636,0.6878186530092746,0.0837694998399525,NORMAL,3581982,0.4710658435340764,-0.32890925511350994,1.38772406,1.18944157,1.8541975000000002,0.8197854907135133,1
0.7004848867272032,0.37761349934679744,0.9952200112288216,-0.4597547409685429,-0.15934420052896,-0.10634880166394939,NORMAL,3581983,-0.2152380200400225,-0.7293416441991544,-0.046718119999999974,-0.037363709999999994,-0.64102935,-1.1516593283122103,1
1.458339831341459,1.725079082574936,-0.05674274819447851,1.1470993366240065,0.6152047120217746,-0.11691092866075536,NORMAL,3581983,0.7875804722925519,-0.16424487214518455,0.74687986,1.21714404,-1.036105155,-0.02448471331561764,1
-0.46400466873396257,-1.3539004425779784,-0.5358109621738678,-0.012391945346083759,0.6926596215036844,-0.10106773643650258,NORMAL,3581984,0.023526107286579553,-0.3445196560118335,-1.89450554,-2.7811928000000004,-0.471846595,1.6190105201837024,1
0.18487233184008992,2.041607123076205,0.23240019487665634,0.22498422902532653,-0.12061675371271657,-0.7664817821904181,NORMAL,3581984,0.4342560668446828,-0.3613148997583639,0.63948011,3.0671075,0.7566309099999999,1.4430367058902864,1
0.4773180955213998,0.5575771965501182,-0.2693874943357284,-0.24976812091315578,-0.4207544625762476,-0.29646710316785124,NORMAL,3581985,-0.8649631749850595,-0.5295510970437255,0.28821063,-1.34050042,-0.49422359,-0.33313688333961006,1
2.0022284031367557,0.6847128325610987,-0.8304343034227085,0.215854364932565,-1.035552658991156,-0.5393960569462212,NORMAL,3581985,0.9581592812717035,0.09926396589514119,1.5028269,0.11483958,-0.55258942,-0.18442719292291082,1
1.0263410218831028,-0.09540553090592299,-0.05395896967614058,0.4806200798698879,0.029452096756693236,-0.3228724206598662,NORMAL,3581986,-0.44662276425426245,-0.6644289673067231,-0.9617548,-0.7046684000000001,0.76477051,-0.3743909813674253,1
-0.4553682987693269,0.5025309956565709,0.9711148934007591,-0.06717106324450876,2.2804849251202435,0.3319794980972434,NORMAL,3581986,-0.3871781666562181,1.2323128170397544,-1.46025154,0.54010647,1.00962159,0.06738785159915107,1
1.220886992816057,-0.3167461614991665,0.5661242419774537,-0.11282032392522746,-0.5466186845408175,-0.45489900811994083,NORMAL,3581987,-0.029879594728728323,-0.3658130452691714,1.65198014,-0.74003991,-0.3988857,0.06533264115253115,1
1.4868269757505579,-0.14407379275383364,-1.118650562377532,0.3345424486807425,0.8427284957472287,-0.5129907308089872,NORMAL,3581988,0.520102632662562,-0.08808855317409953,0.26208870000000006,0.15597218000000002,-1.6593780000000002,-0.1020796075648089,1
1.0364958822842263,0.08734144168788213,-0.8383014958580819,-0.021521797930600665,-0.5611414711533752,-0.6133309476529069,NORMAL,3581988,-0.1170167940717188,-0.2709899416417946,-0.44380949999999997,0.209033668,0.2761230000000001,-1.233012227416843,1
0.4782031730143037,-0.9248826810521504,0.1457971341777356,-0.41410548028782423,-0.8128698833836692,-0.8192924344648863,NORMAL,3581989,-0.45968981411828475,0.05457971498367042,-0.5502076400000001,-0.9143258080000001,0.9692640299999999,-0.349123171051259,1
1.7229534055231521,1.537661273107565,-0.3173081650017177,-0.377586083699867,-0.06252558348835138,-0.06410028935411595,NORMAL,3581989,0.9144045687567004,-0.8146536532161536,1.2267240400000001,2.2243764400000003,-0.45612431000000003,0.7969191680650328,1
-0.1418199116483629,0.41116118926562145,-0.5196514690935489,0.5171395212951618,1.8302784212602827,-0.29646710316785124,NORMAL,3581990,-1.0113131095158283,0.7977328469035743,-1.83776809,-1.0175494500000002,-0.19929312,0.32336765456615607,1
1.972089538893033,1.4158838414332808,1.1772093230930705,-1.4914281280057278,-0.03348000233852451,-0.5658013485025788,NORMAL,3581990,1.3904446190832311,-0.13036955506363335,2.0832962900000003,0.90754985,1.6712818,1.0383139174448368,1
1.9280348487935655,-2.2469403292711143,0.5477038676908408,0.11542599442413828,1.5495043090094898,-0.6027687981785311,NORMAL,3581991,1.767553907485659,0.56622563002027,-0.043416700000000086,-3.3085703,-0.6200161000000001,1.587203797991043,1
0.7596727926497266,-0.6282776225974332,-0.3975942415736079,-0.7336503199986273,-0.890324792865579,-0.6767036888852168,NORMAL,3581991,-0.4207898961386298,0.08518460853233463,-1.1514421000000001,1.46211205,-0.9310483999999999,0.2940666893700208,1
1.055834743313916,-0.3702300629699999,0.615393714896059,-0.26802781920713437,-0.01411628051534508,-0.3968072854308945,NORMAL,3581992,-0.15478148593198895,-0.6906595873947925,0.29187299999999994,0.23309021999999996,0.99771787,-0.7276146062469482,1
-0.1648709719112394,-2.034646953379032,-0.7002435689620902,0.47149026061444305,-0.2706856200315493,-0.03769496926853528,NORMAL,3581992,0.7126370412179182,-0.6349003676064316,-1.2030277299999999,-1.50344107,-1.2958049699999998,0.5354572869888546,1
-0.6978562141435907,-1.4666627689099698,-0.549694953655684,-0.14933973545895685,0.22308932291319905,-0.13803518092532346,NORMAL,3581993,0.23069719173979422,-0.7845822700046077,-0.52526667,0.5130509999999999,0.14827919999999994,-1.045771463886353,1
-0.6353782219324705,-1.7263791061052958,0.08583408709170542,0.09716628118438747,-0.628914507044157,-0.14331625133990172,NORMAL,3581994,0.3585748998967571,-0.38099315669314754,0.061573199999999995,-0.23459759999999985,0.625948884,-1.1240133463615767,1
-0.5836671538921292,0.032237442800952684,-0.20253133438401844,-0.16759944122582157,0.9782745437546578,0.5696274073966924,NORMAL,3581994,-1.0398718958576707,0.09494360767506532,0.05096219999999996,1.58853011,-0.284018514,-0.1751607241253465,1
0.7032181289250978,1.353357102476916,0.5108001702067158,-0.7153905768673321,-0.29489026438581206,0.12073694951590486,NORMAL,3581995,0.02174563288007687,-0.5158358616521258,1.2682489000000001,1.19334619,0.70257853,0.08968770442890978,1
0.2756777859745152,0.8676731068515967,-0.7824933266564292,-0.5693129905155034,-0.2706856200315493,0.11017481733196742,NORMAL,3581995,-0.41922635946172426,-0.5864430262281342,-0.42134879999999997,-0.4387105600000001,-1.273798,-0.37931421847902896,1
0.5339220208185025,2.673618792744143,1.521649214061481,0.16107525510485698,-0.25616283341899154,-0.053538161492788054,NORMAL,3581996,1.68152598763523,-0.7338310492958651,0.25450439999999996,1.63128176,2.2694092,1.0238548770524125,1
-0.6777298486516503,0.3004841319030386,0.8240666436623513,-0.3867159029553119,-0.6385963727105736,0.030958864855922648,NORMAL,3581996,-0.46298771458497034,-0.34498394533902865,-1.194105,-2.14361446,-0.6870670000000001,0.7640235610081106,1
0.3706268468890547,1.9585717722748037,-0.8938124345167391,0.005867759822950055,-1.3405312967255396,-0.43905584010230153,NORMAL,3581997,0.6128997502865741,0.3474220181340204,1.03317463,1.49772396,-1.6919832499999998,0.7001419531401173,1
-0.2050128576593823,0.504216257520385,-0.27502379767493623,0.0697767292596879,-0.2755265489024018,-0.11162986343330855,NORMAL,3581997,-1.1341277092589814,-0.7255567633370545,-0.56730342,-1.3136960000000002,0.60946083,-0.2347019355389565,1
-0.16294139826022838,1.5214942639028746,-0.09164502059224057,0.6997365640180365,0.31990794787851917,-0.43905584010230153,NORMAL,3581998,-0.15425137272289047,-0.4269972465315597,0.04146219000000001,0.9188909,0.18061447000000003,-0.8563328172172906,1
-1.1078011442889895,0.7148985121327938,-0.09455467154975145,0.8366843759517372,0.6732959060202742,0.1312990644094041,NORMAL,3581998,-0.2848467390704198,-0.20566938010961008,-0.9311765,-0.7285849999999999,-0.002865790000000007,-0.6099202887281687,1
0.20213733979667436,0.3638972587957627,-2.3895319117590463,-0.18585914699268627,0.21824840196705797,0.15770439054663812,NORMAL,3581999,1.1180211294236104,-0.7121882830009738,1.29096825,-0.3170538,-2.26038206,0.8386215731001241,1
-0.9311647356026737,-0.024910489216492783,-0.3532648773457661,-0.8432085695455878,-0.5320958979282598,0.3108552510198067,NORMAL,3581999,-0.5896012441367012,-0.253037334591925,-1.11688985,-0.3512038,2.0055717299999998,0.536840327286455,1
-0.782184537935253,0.7947915509433853,0.21384329252474327,-1.1353637870865618,-1.5971006457513972,0.0837694998399525,NORMAL,3582000,-0.5263278677132732,0.6642242581251163,0.14682269999999997,0.7404237,0.55855941,-0.8546861138960904,1
-0.30661697561099677,1.0559847659178194,-0.5842844664202536,0.024127467084391983,-0.12545769050828057,-0.2278132742305248,NORMAL,3582001,-0.42913550747696155,-0.8151228161692351,0.4686805,0.23593164,-0.78609654,-0.848546123559731,1
-0.6174308115780601,0.5648019014400368,0.7923925792469252,-1.0258055973226903,0.03429302721248809,0.3319794980972434,NORMAL,3582001,-0.44582844290307816,-0.3804979310231014,-0.30631270000000005,-0.4436776,1.3559245999999998,-0.33143130950177474,1
-0.4864318135945086,1.241315922576299,-0.14198926494004763,0.1702051191976185,0.07786140923935328,0.052083116255968856,NORMAL,3582002,-0.3523317654825223,-0.849325760637537,0.12910190000000005,0.61108426,-0.9202966899999999,-0.6804592094005121,1
-1.4642555365120098,-0.052191893794525664,-0.0658754726417035,-0.1036904702945065,0.42640843851025584,-0.2753428474451955,NORMAL,3582002,-0.03463524087019629,-0.5628919316113362,-0.9636631,-1.1684048550000001,0.07496643,-0.2738817840906554,1
-0.741169061036833,-0.782800958664814,0.8125035379131862,0.6540872883915456,0.8040010251568508,-0.25421859172253974,NORMAL,3582003,-0.14266605465822563,-0.14489719806498447,0.7126149,-0.659947445,0.86513806,-0.49085946777942624,1
0.03501058172873046,0.6004346167725205,-1.3105588458157114,0.30715290123977457,-0.6966875270855158,0.3319794980972434,NORMAL,3582003,-0.08405653454185823,-0.21541047584169273,0.7649391839999999,1.2494545,-2.0910587,0.7691041611126411,1
0.6369793741982717,0.45151123626415646,0.16318823285284653,-0.6332219195986561,0.7313870524705051,0.7016539516306716,NORMAL,3582004,-0.8045380361326625,0.022818617535958614,0.5932512160000001,-0.13452009999999998,1.45153137,-0.2160841439621661,1
0.2299940646111954,-0.04593329153054407,0.627081703162008,-0.11282032392522746,0.1892028128925196,0.9762692933156346,NORMAL,3582004,-0.8955112217293475,-0.0593440566263581,-0.40109144,-0.44933366,0.45690060000000005,-1.0388068536628134,1
-0.2892083782246313,1.190906524961609,-0.06198786974117377,0.09716628118438747,0.1214297849264493,-0.49186644915067407,NORMAL,3582005,-0.48479233763668406,-0.612364756024353,-0.51168347,1.11721756,-0.67868233,-0.3871601973929466,1
-1.3017513880349993,0.25145263986763333,-0.21719579083048257,-1.5462072228876635,-3.99820239590676,-0.9090704931892112,NORMAL,3582005,-0.20257223036019198,3.046993774077413,-0.99787959,-0.8485936200000002,-0.15286827,-0.47264537971498444,1
0.02459063845718293,-0.06617447916317215,-0.4208482089019129,-0.06717106324450876,0.5861591070978134,0.765026736089077,NORMAL,3582006,-1.2042647288691863,-0.07720420011364626,1.30713424,-0.28690748,-0.2005825,-0.43804450696088154,1
-1.4533392492992994,1.2916547997309358,0.7525685599495869,-0.770169746478129,-0.3723451500935875,-0.0007275230506705625,NORMAL,3582006,0.5799961355484319,-0.4707090757090742,-1.45652684,1.2265054,1.15572833,0.44140982190228134,1
-0.24391573029875005,0.30505066934830766,0.03696935739469142,1.4209950202744965,1.1477070938580551,0.09433163202388993,NORMAL,3582007,-1.3774552265496136,0.33466228733029396,1.1919089200000001,-0.8911836799999999,-0.704812044,-0.14279578598766574,1
-1.8773327273512903,-1.479099278990001,-0.3524186104631282,1.101450150672149,0.5910000438933775,-0.042976034495982085,NORMAL,3582008,1.055085766258266,-0.1983973487810958,-1.6097622200000001,-1.61159402,-0.383518216,0.5243642844363032,1
0.22007029075334344,0.841555804652727,-1.05593182112517,0.13368569271811687,-0.10609396710015886,0.04152098839464097,NORMAL,3582008,-0.20598292993302397,-0.8400376902835117,2.0670289,2.0962105,-0.6929082400000001,1.2430930121666395,1
0.618579308592463,0.4351160596055112,0.8729197298414589,0.8366843759517372,1.0218429432158884,0.12601800264004492,NORMAL,3582009,-0.36796792918009313,0.08547946026433545,0.3927379,-0.3671305,1.89977546,0.18683934978354289,1
0.5543990647567177,-0.03711185729157474,0.8309897445769394,0.0697767292596879,-0.5901870443784906,0.11017481733196742,NORMAL,3582009,-0.5010795898238245,-0.40205647598194716,-0.06325079999999994,-0.4265559,-0.04129791999999999,-1.363536877632357,1
0.4173105497593297,0.5242850630362964,0.20226665275973485,-0.06717106324450876,-1.035552658991156,-0.40208836449069185,NORMAL,3582010,-0.9577930229405411,0.05181710496161316,-0.13510323000000002,0.50710083,-0.61924553,-0.9827652921334941,1
0.38739713035702306,0.18866123330711018,-0.46564136446037935,-0.6423517836914178,-0.01411628051534508,0.009834600488047773,NORMAL,3582010,-0.9736494074685275,-0.6825397060332178,-0.02948022,-0.30316362,-0.65783977,-1.0700554747562603,1
-1.4856080589324177,1.5653308668020074,0.5307920335947756,-0.5601831114769696,0.15047537400098765,0.15770439054663812,NORMAL,3582011,0.7048228994612576,-0.6412005691842797,-1.8458807499999998,1.24352359,0.98141286,0.6476379818866425,1
0.04328818613130205,-0.3179680585504971,-0.8571324188803592,-0.8432085695455878,-0.7450968078693301,-0.30702923535178867,NORMAL,3582011,-0.6271580631769451,-0.1348587309987929,1.506755114,-1.7011536999999999,-1.3670024600000001,0.86846733240981,1
0.42996041221829895,-0.07188506438581685,-0.6091806591503659,0.10629614527714898,-0.31425400364335676,-0.2278132742305248,NORMAL,3582012,-0.8062263239508048,-0.6575800270840282,0.38107252599999997,0.22228282,0.24421406,-1.292057750073298,1
0.11563472846254245,-0.04807885161854753,0.19820670183299335,0.2615036405590559,0.2037256074297888,-0.28062390921455466,NORMAL,3582012,-1.3856907800828642,-0.7053904869171573,-0.30977369,0.021503770000000005,0.7952165600000001,-0.9405296289112917,1
1.079433495122398,-0.21548558935323764,-0.013676989335692842,-0.5236637298347847,-1.0403936274855656,0.43231971494116306,NORMAL,3582013,-0.3610758030097553,0.1367755154979973,0.94984125,-0.15121581999999997,-0.20868969240000002,-0.8092615201222231,1
0.7000464980815766,-0.09802978874788155,-0.1304474846574072,0.5171395212951618,-0.6095507598619009,-0.058819225855712955,NORMAL,3582013,-0.814590478183769,-0.34488773636519643,-0.3738928,0.10609593999999997,-0.11501026160000001,-1.3915819251010801,1
-1.1801522162168276,-0.19610925711461347,3.2453301004501927,-1.016675822904562,1.5156178465370793,0.34254162163596175,NORMAL,3582014,2.3560358330449587,0.5874899117170614,-1.8529700999999998,-0.08859361000000002,3.324890094,2.030782413169153,1
-0.9592205333465195,0.43879760402462,0.5823805342378553,0.35280216192049335,0.6539321905368639,0.2580446073905578,NORMAL,3582015,-0.37679292377030804,-0.29145433639569185,0.21773220000000004,0.57350118,-2.6228074599999998,0.9103387282089518,1
0.0651855143059347,1.2553563579706921,-0.6912725369149498,-0.5327935341444574,0.7991600883612868,0.8442427058555599,NORMAL,3582015,-0.21276368592638303,0.14137918003754,1.00957083,0.73758442,-1.25445364,-0.017617440580372432,1
-1.1778002556536904,-0.15497421886631677,-0.2891431165530138,-0.12195018203968008,-0.8467563617055027,-0.02713284227172931,NORMAL,3582016,-0.31662169408874996,-0.17284202675083693,-1.22498513,-1.27392898,0.3960676,0.022661172065021454,1
-0.1369034525957093,0.4450778772149052,0.22674356513105817,1.2018784912890312,-0.7547786735357466,-0.31759135024528795,NORMAL,3582016,-1.2275101485191675,-0.0070282927379290774,1.02582277,0.54201743,0.50811005,-0.5251622562813761,1
0.08018855496153506,0.5483718298849887,-2.994722741143471,2.470928045822571,0.5183861029058775,2.703177226739706,NORMAL,3582017,1.8397664995610352,1.826556044089017,0.21394813000000001,0.09330377000000001,-3.17290495,1.4011357909062465,1
0.6234779496083211,-1.3814632038643344,1.4717445358666523,1.4392545691107528,1.230002924286106,-0.7717628007336819,NORMAL,3582017,0.7615597682690559,0.5328233015333915,0.5354216,-1.74318902,4.3991384,2.991203872974713,1
0.5963161586696687,0.5380837250669378,-0.8941290573855116,-0.8979876644275235,0.14079350040985958,-0.33871560596794364,NORMAL,3582018,-0.3429716828920924,-0.4827907454467045,-0.026768440000000004,1.73389594,-2.3302097,1.1226562212556919,1
-1.4169573751928743,-0.4686869652526798,-0.06024401230741486,-0.6880011041552253,0.15047537400098765,-0.01657071700396716,NORMAL,3582018,0.008621754397612213,-0.6381903711062986,-1.98411776,-0.90939981,0.82131481,0.5466062493623218,1
-0.5448623920715413,-1.2344931404629969,0.7348520966295286,-0.824948856305837,-0.5320958979282598,3.0041977043670824,NORMAL,3582019,0.05238515158525309,1.8172638403058243,0.8594654999999999,-0.6917404299999999,0.78311059,-0.4383051658349677,1
0.3982115219401766,0.4149060913916194,-0.8098382320205184,-0.9801563366419718,-0.1448214139164023,-0.22253220381594654,NORMAL,3582019,-0.5850246352722523,-0.47578806060055,0.92941653,1.48987586,-1.5214052,0.5379476771701736,1
-0.1477241454321944,1.646989131257098,-0.17304750625197735,0.17933495339883557,0.0681795435729367,0.4111954678637264,NORMAL,3582020,-0.012440667503340328,-0.5655369019464737,-0.53802955,1.11292084,0.62719155,-0.4048881981036676,1
-0.912540929842341,-1.1758125896120688,1.369364528710777,1.2657875100468172,1.0750931211717092,0.2210771577146054,NORMAL,3582021,0.63364917269209,0.2503619751009581,-0.7537408800000001,-2.5497915,1.51916125,1.2812026227388833,1
-0.32129740427235937,0.2711507646042736,-1.630525723184054,1.530553210038368,0.3925218967907305,-0.1327541191559643,NORMAL,3582021,0.23069512679605947,-0.12290773095591365,0.58268127,1.30701878,-2.954669,1.5032313285804277,1
0.048059133922643216,1.3539855870165096,0.274579985786944,0.35280216192049335,-0.23195816529059435,-0.259499662137118,NORMAL,3582022,-0.30139899634032224,-0.66052616200029,0.3640076,0.97810732,1.87638757,0.36058670260546044,1
-0.5029047712571314,-0.6934692489229773,-0.33953384156438476,-0.6332219195986561,0.26181675388001957,-0.5658013485025788,NORMAL,3582022,-0.6486475451137577,-0.4133184181500502,-0.54298497,-1.8494331000000002,-0.60485649,0.23290282329801212,1
0.3469118415227322,1.2137808380796027,0.1071156985315177,-0.4232353144890413,-0.7596195944818876,-0.24893752130796146,NORMAL,3582023,-0.40700855253186413,-0.2157959033366552,0.83750976,1.7227884000000002,0.43991661,0.17784512612719167,1
0.6963918117370903,1.4786487114878784,1.5697461416779876,-0.21324870937942636,0.6539321905368639,-0.0007275230506705625,NORMAL,3582023,0.8292236643269304,-0.37244729212091254,0.3444188799999999,0.23925090000000004,1.44058231,-0.2899856463330904,1
-0.11975517510341724,0.8825611383939621,0.8131581050560359,0.9827619623035657,0.7507508075774726,0.5643463024012378,NORMAL,3582024,-0.418496230783117,0.044141179684508036,-0.8043277299999999,-0.5384363400000001,-0.7451829999999999,-0.5704914084504282,1
-1.5905123593836836,-0.9517277388997655,-0.9863412924736528,-3.8469302541330217,-3.9062246284898894,-3.5231972361265766,NORMAL,3582024,0.7120418436630255,4.2839492969139465,-1.44945801,-1.65688371,-1.7723732,1.0437553733411433,1
-0.5345647438493537,-0.4885047976399564,-1.3019887577187979,0.7453858246987553,-0.8467563617055027,3.785795192041003,NORMAL,3582025,0.023762726664569418,2.5571994834482443,1.0406556200000001,0.41842185,-0.3108892999999999,-0.62845991529816,1
-0.24858446181704744,-0.6322775940169355,0.7158749899912634,0.562788752084336,1.2880941499834513,0.2210771577146054,NORMAL,3582025,-0.5448437981552838,0.29782821693648776,0.28183877999999996,-0.12986766000000005,1.98744586,0.22420800486981887,1
-0.5837066255112267,-0.10550739307099531,-0.7007160919158397,-0.8432085695455878,0.19888467063422477,0.5960326730173926,NORMAL,3582026,-0.6647072155562024,-0.2581208763727811,-0.33026900000000003,0.47582307,-1.39523696,-0.27961933805880895,1
-0.38566135856151346,0.6539401614928678,2.3081936220753234,-2.230946282556167,-2.429740728526497,1.0237988924659627,NORMAL,3582026,1.1094624551419174,1.8031747590587894,0.19517721999999998,0.68599679,2.9635525,1.2670306057939984,1
-1.0101509968477431,-0.5814226443715869,-1.9826730991090564,1.2657875100468172,-0.19807165526991494,-1.9969697363903456,NORMAL,3582027,0.9699047644552883,0.8485996164696566,-0.61544592,-1.1158834,-4.2261849,2.6411445898233947,1
0.13604327036977382,1.9667255759228846,2.5626599239820687,-0.20411884528666485,-0.09641210143374226,-0.924913721723384,NORMAL,3582028,1.9390652697469632,-0.23281340264062342,1.12959534,2.3017014,4.4768153,3.3904885432400547,1
-0.6496259543847911,-0.44434324708878636,-0.689071660235013,1.557942757479336,-0.29973120118137614,-0.14331625133990172,NORMAL,3582028,-0.5038596759227019,-0.1363389705796779,-0.77429134,-2.17787978,-3.202714,2.1739296156185297,1
-0.31845142950681105,-0.15373419905311703,0.9605172005776837,0.5719186161770975,3.001783604242177,0.052083116255968856,NORMAL,3582029,-0.5062605240124938,1.9250885676815022,0.32637853,0.26250249000000003,1.62472246,-0.1114664320792325,1
0.5477588019665949,-0.6132275268455362,1.772872733282407,-2.860905948427289,-2.5314002744379587,-0.6502984232645165,NORMAL,3582029,0.6152543194674892,1.9160141037042975,0.85366597,-0.41505295,0.8001098399999999,-0.5504635986509729,1
2.242087488385236,0.06574072586430345,-1.4197991674240782,-0.861468237948022,-0.44011820975850374,-0.5763634979769545,NORMAL,3582030,1.4458105792063864,-0.2451077976448328,1.6697918,0.6133011279999999,-3.1445445999999997,1.835054193922637,1
-0.2967198171919348,0.9816649800995809,2.726785604064407,-1.7653236024154066,0.6152047120217746,1.39875440776875,NORMAL,3582030,1.6618804176422426,0.6863294189665577,-2.50204087,0.8273396820000001,4.0840779,3.0901617015426903,1
0.31454967998840616,-0.05320978522927418,1.9610193116418553,-2.6600492671935245,-2.9622431420616238,1.6944940397572452,NORMAL,3582031,0.6432748380275898,2.5593870129744394,0.60241723,-0.9347857700000001,-0.7542228999999998,-0.44758074529614256,1
-0.650869005977988,-0.19069507923850887,-1.716786544868686,1.6309814759263892,2.39182632877341,0.622438025090284,NORMAL,3582031,0.4380673600384638,1.540562051064419,-0.95143771,-0.12418826,-3.6223655,1.9703218715130923,1
3.771131458773838,4.123013519719947,2.1346582981795796,-0.07630091538065249,-1.9262839674636012,1.1241391957620732,NORMAL,3582032,5.042677946467877,1.1581080480613455,4.35796205,3.89650376,3.793387,5.211053345031328,1
-2.019729688063891,0.7973107366210795,4.636287411146349,-0.08543076751679624,-2.415217902290382,-0.0007275230506705625,NORMAL,3582032,4.284405161243676,1.3554876087736059,-5.7069992,-3.0040539600000002,2.4639188,5.145843313539238,1
-0.1777744877209024,0.03208777004368749,-1.1069994296836092,-2.358764021156295,1.767346306315642,0.24748247520662037,NORMAL,3582033,-0.4150336792738297,1.1045695814703849,1.8152804200000001,-0.691213627,-5.6567108,4.217268844830953,1
1.2525448548435563,-0.6644226795893825,3.3895075752600947,-3.9199691967666586,4.241061712168892,-0.45489900811994083,NORMAL,3582033,2.64257897099772,3.594113191830314,1.40960578,-0.629146713,4.4287253,2.918686667063775,1
-0.0571659490285356,0.05776277943064907,-0.9381485606759774,1.8774876270816832,1.9077332039468091,-0.4813043601928322,NORMAL,3582034,-0.6248604906063359,1.1170376791207832,-1.290743867,0.652338537,-4.2624197399999995,2.728613078449897,1
2.39190004001527,-0.9746459474061595,-0.22940471179327238,1.34795607764086,0.3441125843080705,-0.1697215688319167,NORMAL,3582035,1.3796109097029623,-0.22507022596354154,2.4135991669999997,-0.932558237,0.6980600299999999,0.8966697271446724,1
-0.6862646781298314,0.018396734191460026,-0.01895793551370282,2.224422044124999,0.1892028128925196,-0.29646710316785124,NORMAL,3582035,-0.9574100244048619,0.18229337696074843,-3.03358743,0.8969995199999999,0.207274438,1.3897988804738877,1
-1.7575606145908795,-0.24307101239496715,0.7768508485026803,-1.6831550348213642,-0.3384586400729081,0.12601800264004492,NORMAL,3582036,0.5332188607721792,-0.0716253334389828,-1.05578167,-0.23617962000000003,0.783812522,-0.4553760993940144,1
-0.7195501812896105,-0.04957048666190205,-0.5371045622928454,-0.587572688809482,-1.4712364951092307,0.43231971494116306,NORMAL,3582036,-0.6972110635436845,0.529527610229363,1.0229782,0.17478592000000004,-1.29414845,-0.13054996420958812,1
-1.1964899150921575,-0.702742589783511,0.531950090494317,-1.4092594109539631,-0.23679910208615837,0.18410971668387216,NORMAL,3582037,0.005866573228936391,-0.2219666468529164,-0.47003280000000003,-0.5899998799999999,1.0529394,-0.49632430130508653,1
0.16662354704896631,0.26654759416021084,-0.8688136452149113,0.20672452325846177,0.2811805010622757,-0.0852245450767717,NORMAL,3582037,-0.6588649732265507,-0.7204750548682326,1.34337316,0.87554427,-1.3796482,0.32863911224887105,1
-0.5767916240170722,0.8730760147389519,0.5641547533103219,-0.03978150384692309,0.2037256074297888,-0.04825709799438507,NORMAL,3582038,-0.461200706591049,-0.8209603446796572,-0.7326492,0.54786739,1.4113674,-0.10735311659398535,1
0.48977844347397226,0.018263533552328733,-0.8247611851236748,-1.3818699382418562,-1.045234516732861,-0.24893752130796146,NORMAL,3582038,-0.571156673241145,0.24551230143050268,1.05112424,-0.7721383980000001,-1.367979,0.10204352517531015,1
2.01860993681787,0.23325423179692822,1.8560065170528735,0.13368569271811687,-0.8612791403933489,0.3055741806052285,NORMAL,3582039,1.5604769641736629,-0.09391342578892052,1.5066913,0.194197648,2.640357,1.2650477407720684,1
0.3247202072738191,0.3590891804717749,-0.7877529518352566,0.40758128669397353,-0.4159135257806836,-0.042976034495982085,NORMAL,3582039,-0.6628675755251275,-0.5387388955553882,-1.6693592000000002,0.11366469000000001,-2.60390664,1.3143016894248665,1
0.3863615838050969,-0.14414925075316198,1.0282564626779578,-0.15846959955171838,-0.1690260661953766,-0.33871560596794364,NORMAL,3582040,-0.376923249314844,-0.7048892489787891,0.06074869999999999,-0.4545672,1.78863434,0.058189735369050005,1
0.9590827324847968,-0.0905930685784532,1.4959348885506825,-0.21324870937942636,-1.38409969618677,-0.5499581545492823,NORMAL,3582040,0.41742914416101295,0.41865755901386276,0.5644271300000001,0.04837643999999999,0.4606284999999999,-1.0648244057827723,1
0.7956431066351762,-1.381096763169239,-1.01068266162554,-1.0988443904986047,-0.9193703660906944,-0.18028369669324454,NORMAL,3582041,0.4861960553515552,0.05717339138120746,-0.16107273,-1.1656912799999999,-2.4688320399999997,0.9519375987041312,1
0.5689217794397687,-0.10852004483760713,-0.18616369362267635,-1.2357922024323054,-0.23679910208615837,0.0996126937932491,NORMAL,3582042,-0.9445948784747477,-0.3228038905108011,-0.22343800000000003,1.14949813,0.81208992,-0.36576814962521675,1
-0.6301775063406404,0.21733967919679847,-0.5320531152541915,0.8366843759517372,0.1214297849264493,0.052083116255968856,NORMAL,3582042,-0.7804094737670582,-0.5402757767655424,-1.1817342,0.29434386,-0.34067538,-0.5271801230745675,1
-0.5689767101952784,-0.9210718196010353,-0.14332838118282532,-0.40497561619506267,0.2908623667286923,0.12601800264004492,NORMAL,3582043,-0.4613104083385088,-0.6312056544099331,0.06031449999999994,-1.02830884,0.38286498,-0.69383236130513,1
-0.8701177671553882,-0.7064093658676573,-1.5369221141040388,1.3570860015167103,-0.5805051866367855,-0.4601800785345191,NORMAL,3582043,0.49945587238459754,-0.02894816846383474,-0.29678000000000004,0.19390114999999997,-1.37258628,-0.37323195243640067,1
-0.26217685377594624,1.6869422377383327,-1.148574037886953,-0.012391945346083759,-0.8370744960390861,-0.7823249588532766,NORMAL,3582044,0.49035518152527996,0.03300326429610876,0.59913685,2.1618760999999997,0.3824939999999999,0.4899928000274064,1
0.07153403211089285,1.26922641504794,-1.1373818230595854,0.16107525510485698,0.0004065116445106421,-0.47074221071845657,NORMAL,3582044,0.13349688190573017,-0.6388488967686187,0.32887816000000003,-0.377316,0.011023500000000075,-1.2956782867695174,1
1.8771886049423443,2.5178062164608312,0.9845361088569649,0.20672452325846177,-0.19807165526991494,-0.1961268863239316,NORMAL,3582045,1.9450577501982722,-0.7493411212597874,1.77950549,1.1278221,2.0899315,1.185945833979256,1
0.7559983806426374,0.6174598278709804,-0.9381689276945684,1.1470993366240065,0.14079350040985958,-0.3651209148147395,NORMAL,3582045,-0.16496483989948782,-0.33774671981925475,-1.1049533999999999,-1.7165523999999999,-1.8937216000000001,1.00182918248761,1
1.6209003968370255,0.7319013050316292,0.6554036060824022,-0.9801563366419718,-1.2388717508140783,0.1629854609612164,NORMAL,3582046,0.5043715658086882,0.3200061502577955,0.8523767000000001,0.10337314999999997,1.56955054,0.00041064189248766483,1
0.8391294663013148,1.3287526578837117,0.16233035088084274,1.6857607202660472,1.5059359887953743,-0.21725113340136826,NORMAL,3582046,-0.00702557439889624,0.7001261612146659,-0.7704495000000001,0.53912625,-0.48564052,-0.7346562235148687,1
0.5961520216746762,-0.07525276508089987,-1.0850468092515426,1.284047058883074,0.3247488688246602,-0.6872658124239351,NORMAL,3582047,-0.2363271168246738,-0.0849266179935059,-0.2394586999999999,-1.26821557,-1.22857382,-0.006805627601319432,1
1.491205585795016,-0.3957670714554316,-0.232338567622329,-0.3228069439806146,0.20856653630064137,-0.12219199129463644,NORMAL,3582048,0.17721931601521726,-0.7585592622971079,0.8820916,-0.28951543,0.8398542600000001,-0.5399455772351673,1
0.8263119458571664,1.5578042192076165,0.6088394844462897,0.6997365640180365,0.7217051947287999,-0.5024285813346115,NORMAL,3582048,0.31019672976900653,-0.13223224767125094,-0.6552648,1.7646296,0.82849788,0.26957321559882064,1
0.660636339034713,0.5925362145394198,-0.859348768808717,0.28889321789156824,-0.3675042132980235,-0.6186120007770468,NORMAL,3582049,-0.3080124231633832,-0.37570707861926284,-0.16327633000000008,-0.8719110999999999,-1.4460563400000002,-0.09274016499254636,1
1.3371157921089,0.8727499268031806,-0.5026786760844129,-0.11282032392522746,-1.0936438846885013,-0.5129907308089872,NORMAL,3582049,0.20653082664656477,0.13743814534698204,0.6666828300000001,0.25311255,0.35129354,-0.9996268154691001,1
-1.2112605196606974,-0.8858329007025465,-1.2191435236334531,0.5080096572024002,0.38768095999516655,-0.44961793770536257,NORMAL,3582050,0.5235030974798677,-0.4388570831920801,-2.5114713,-1.5884996500000002,-0.70566464,1.2732044903449318,1
0.7687514172463323,0.698748385769796,0.10123055408630546,0.20672452325846177,0.6442503327951588,-0.20140794809329077,NORMAL,3582050,-0.5487839333141032,-0.3699296586667969,1.9513378499999998,1.43132685,1.30047036,0.9643651332275074,1
-1.1469111262387426,-0.6940266594667247,-0.8035318679839395,0.9279829421504913,-0.793506136201413,-0.49186644915067407,NORMAL,3582051,0.09098592826028404,-0.011074999930946421,-1.88792035,-1.25807135,-0.8911237599999999,0.6526556187009419,1
-0.8966339688155168,-0.7148394503008378,-0.7495459682223158,0.14281555681087837,-0.8419154249099386,-0.26478071526125807,NORMAL,3582051,-0.13271175261101445,-0.1572832559003728,0.24665270000000006,-0.01879986,0.053172099999999944,-1.54478583186015,1
0.06618900665613102,0.07336109005757549,0.39716494854732304,-1.4549086716346817,-1.6890783339211535,-0.3281534910744445,NORMAL,3582052,-1.2271661150036701,0.8187993764075171,0.94887959,0.7119689007000001,1.12942505,-0.15159840452143453,1
-0.4136432763931102,-0.0549701951123725,-0.5066853742631438,0.7819052810698014,-0.01895721255608223,-0.23309433599988397,NORMAL,3582052,-0.9733514370472917,-0.5681598914073914,-0.47288346,-0.11591959069999999,-0.89022541,-0.7785915659085778,1
0.8168584423485924,0.4084075147552139,0.6486673517496329,0.37106189010601637,0.16499816061354533,-0.03769496926853528,NORMAL,3582053,-0.39864328612511407,-0.7553550523748904,1.21268187,0.41856165,1.13793659,-0.07424347304644127,1
-0.14582662598291313,-0.47589177606619115,-0.6304961756858324,-0.49627415250227236,1.1815935563304658,0.3319794980972434,NORMAL,3582053,-0.7644067979955738,0.21119209145424692,-0.94874368,-0.79877336,-1.2598810299999998,-0.02087614983923474,1
0.5626655278128191,1.756916025842027,0.43799884097733616,0.3345424486807425,1.394594585142208,-0.15915944529319834,NORMAL,3582054,0.295718787174242,0.3544665242524279,0.69823193,2.01685946,1.0523882,0.5945340423160028,1
-1.0698570464097505,-0.07059813794950173,1.4897049769816957,-0.36845620466133333,-0.4788456407253242,0.07848842942537425,NORMAL,3582055,0.42847526672502767,-0.4850697353248283,-1.60888075,-1.65076422,1.0358524,0.7429103255530127,1
-1.2874318152065323,-0.9373097367408338,0.6475819196177788,-0.21324870937942636,0.0633386107397284,0.38479011579083505,NORMAL,3582055,0.27230534588377214,-0.5905462120441122,-0.2144238999999999,-0.78288668,-0.82942864,-0.6318581027528316,1
0.8023006801148055,-0.39579499180084043,-2.047545708419184,0.005867759822950055,-2.0279433548808328,-0.39152626688763087,NORMAL,3582056,0.9319661306053659,0.9976879768218315,2.05946946,0.48914157999999996,-2.65450046,1.6160818420592251,1
0.6400896566075863,-0.648562107799805,-0.35681938913018807,0.19759466663858638,0.5425907868836976,-0.30702923535178867,NORMAL,3582056,-0.5225918465603905,-0.4379760593554044,-0.15986192,-0.22832047999999994,1.6652398,-0.10084091703346838,1
-1.0708148166222469,0.572731589516169,0.05319563114703426,0.8366843759517372,0.4215675017146918,-0.27006177703061723,NORMAL,3582057,-0.3934215752818623,-0.38520965915327937,-1.6861275400000002,1.103175,0.40383433,0.26795967135644455,1
0.43220156813348126,-0.26793716871119394,0.272071197555259,-0.5510532473842081,-0.19807165526991494,0.09433163202388993,NORMAL,3582057,-0.9709442079160537,-0.6410046548223152,1.4812500400000002,-0.7593626,0.21557617,-0.11085117334756722,1
-0.28660747249364393,-0.8184667090134355,-0.8743995894253999,-0.2588979700601451,-0.3529814425348887,-0.2278132742305248,NORMAL,3582058,-0.281548478988989,-0.6103839779838915,-0.70839941,-0.49728449999999996,-1.12918854,-0.3680897274159675,1
0.10697754711210498,-0.9258743514963753,1.3115365117132731,-1.1079742545913662,-0.8322335671682335,-0.10634880166394939,NORMAL,3582058,0.18639535093864842,-0.015720403286703395,0.38788521,-0.0970196000000001,2.1529846399999997,0.4035411814484051,1
-0.5351101624791037,-0.2561799245444241,-1.5770777320191136,0.28889321789156824,0.1746800342046734,-0.259499662137118,NORMAL,3582059,0.25219462088602834,-0.7262607443199741,-0.63278914,0.6049242300000001,-2.8450704,1.1951427386944526,1
-0.07781266309127893,0.6074894968810871,-1.0025520990694046,-0.29541736664810225,-0.4788456407253242,-0.053538161492788054,NORMAL,3582059,-0.4177427197105885,-0.5135839468380647,0.45067502,0.78013873,0.5658650600000001,-0.7290480860145158,1
-0.6587916905109473,-0.7076273660270038,0.38592429351771373,-0.16759944122582157,-0.02379814459681938,0.052083116255968856,NORMAL,3582060,-0.5069920186241502,-0.8756516746933931,-0.57256542,-1.18792396,1.3675460799999999,0.11179834294843452,1
0.3848528344365614,-0.18836462712486238,-0.5136104448694601,-0.8979876644275235,-0.16418513732452403,-0.24365645089338317,NORMAL,3582060,-0.8896317781703403,-0.5032254319497765,1.0285307,0.4690417,-0.88597488,-0.354494373681456,1
0.2067389391216687,-0.05252420236554082,0.6918076719688907,-0.012391945346083759,-0.2271172284950303,-0.5024285813346115,NORMAL,3582061,-0.8339775771903893,-0.5593297926069806,-0.17553449000000002,0.122702476,1.18724728,-0.5857096719847308,1
1.2962348637115682,-0.39690857296815857,-0.8280881873604471,0.5993081935096098,-0.5272549294338499,-0.8879462461117744,NORMAL,3582062,0.1999823624896104,-0.054387731821021405,1.07371809,-0.311076876,-1.49698449,0.08014262245598175,1
0.286880217058318,-0.05207800380507579,0.46925074156773205,-0.8158189922130755,-0.3723451500935875,-0.5129907308089872,NORMAL,3582062,-1.0234496348465334,-0.32924842251026315,-0.9947374,0.31147992,1.27778245,-0.14046533213747878,1
0.8778164220813575,0.42734262361308234,0.6367731245760883,-0.6423517836914178,0.1214297849264493,-0.45489900811994083,NORMAL,3582063,-0.3452145326022981,-0.5278637079428149,0.5823784000000001,0.43305296,0.16499710000000006,-1.050614638840937,1
0.2916818837133239,1.8373814206627825,-0.9878372936472714,-0.07630091538065249,-0.4159135257806836,-0.38096414334891254,NORMAL,3582063,0.5359832865722605,-0.509599368379069,-0.57764627,1.2736654200000002,-1.6001205500000002,0.3385140046153549,1
0.7650127547785426,0.9892971205454387,-0.32959648281664156,-1.080584692204626,-0.01411628051534508,0.004553538718688605,NORMAL,3582064,-0.3029805437606931,-0.4599680414135689,0.4664762,-0.7660609400000001,0.64831829,-0.6860224852466538,1
-0.20897843627572657,0.5902741351669488,-0.5247532752609221,0.28889321789156824,-0.7838242784597079,-0.28590497962913297,NORMAL,3582064,-0.8773982047896539,-0.1963970317051636,-0.95988607,-0.36043105999999997,-0.19221494,-0.7499059597490283,1
0.2537298813633197,-0.7147678670520617,0.5831086703820559,0.11542599442413828,0.16983908948439788,-0.15915944529319834,NORMAL,3582065,-0.5603508196347602,-0.8211511684152868,0.45600748,-1.1788235,1.0911617,-0.11956551599925391,1
-1.703903159410364,-0.5829331328440577,-0.25310699720378105,0.5353992345349126,0.04881582016481496,-0.259499662137118,NORMAL,3582065,0.38794460180227736,-0.6730286419908954,-1.92928304,0.11908419999999997,-0.8236103,0.3143217976868674,1
0.3955537730189106,-0.2857582867852573,-1.6377631219189317,-1.4183891853720914,-0.29489026438581206,-0.39152626688763087,NORMAL,3582066,0.3071466086808875,-0.17909947768183623,2.06905307,0.26843327,-1.3637834000000002,0.708127051471171,1
0.4334595661778171,-0.44024402670156426,0.1889083963674782,-0.14020988631196757,-0.29004932759024804,0.009834600488047773,NORMAL,3582066,-0.8937198286662109,-0.7038892254095278,0.03735685,-0.13954448999999997,1.7991357200000002,0.016375298246087088,1
-0.15918846512788876,1.1073226201891513,-0.2000515940287983,-0.0032620923131936857,-0.8515972826516438,-0.31231028847592873,NORMAL,3582067,-0.5807174352658638,-0.14266390580124635,-0.5840654359999999,1.3978921199999998,-0.38309669,-0.22730567728334575,1
0.8395922684984963,0.2122768570583529,0.6522354077029483,-1.3636102399478776,-0.20291257621605602,0.6330001486290023,NORMAL,3582067,-0.41520343345697663,-0.053403569990558133,0.984316616,-0.808480476,0.83943937,-0.26470747682714024,1
-0.17622364882125724,-0.5824875365305356,0.005548986227934139,-0.21324870937942636,-0.3094130668477927,-0.07994348157836872,NORMAL,3582068,-0.9863168113378249,-0.6840793075332424,-1.0011051,-0.7178979240000001,-0.636938075,-0.40422028669285676,1
0.15664729318752257,0.34739271453509796,-0.801781248618784,-0.7884294148805632,-0.24648095190315203,0.19467184886780958,NORMAL,3582069,-0.7154852108100094,-0.4870340987905491,0.32805038,0.8399459100000001,-0.795160295,-0.5898937476281216,1
-0.45432766859756324,0.7957456252365364,2.3426940925901207,0.07890658289040886,-0.10609396710015886,-0.0693813533366512,NORMAL,3582069,1.198176304003228,-0.8857324884767018,-0.60212696,0.40498999,3.0970745699999997,1.4006044536579982,1
-0.7821313070576732,0.3133744084848994,0.41575574178062025,-0.41410548028782423,-0.8031879939431181,-0.2119700802772282,NORMAL,3582070,-0.6835691331277064,-0.1824627967625728,-0.32305645999999993,-0.43571818000000007,-1.8978910999999998,0.18633787320180914,1
0.867586372811979,-0.8412106644521319,0.41368363623567267,-0.6058323871034605,-0.08673024369203713,-0.20140794809329077,NORMAL,3582070,-0.17473898986098588,-0.6738626533359258,1.62582684,-1.04291817,-0.002040870000000028,0.14378304787343532,1
0.9827708484447932,0.413990764603992,-0.7373302751750793,-0.3958457670480734,-0.33361769535263264,-0.30702923535178867,NORMAL,3582071,-0.1958385607273791,-0.5695467059511733,0.11351639999999996,1.13380331,-1.13366318,-0.18237427939664952,1
0.5253366899911575,1.0697931148248419,-0.26932068726577413,1.4575142674047314,-0.17386700299094063,-0.8509788569523558,NORMAL,3582071,-0.4238589107530787,0.041772161628788114,-0.4508097,0.5923757399999999,0.46095467,-0.9185250551512826,1
0.5274184373880823,-0.1637814825889803,-0.09621041472252174,0.005867759822950055,-0.4013907550175488,-0.6608604603510438,NORMAL,3582072,-0.9932303584763561,-0.34640399914043263,0.0020515999999999313,-1.1142681399999999,0.17050075599999998,-0.6653522419146204,1
0.44506335970208283,0.5098794600791322,-0.7620560489585073,-0.11282032392522746,-0.4788456407253242,-0.6502984232645165,NORMAL,3582072,-0.5668182000710695,-0.3038856425060617,-0.08116242999999995,0.60850712,-0.655808476,-0.8956508604415351,1
-0.5563490999884121,0.4240268002925376,-1.419241460379612,0.30715290123977457,0.179520947226103,-0.5710824275623761,NORMAL,3582073,0.08827336335382575,-0.5026439598517075,-0.9869102299999999,-0.07754932999999997,-0.6472787999999999,-0.6094772818334103,1
-0.10257145027072541,1.230822987373334,-0.4142988316101129,-0.1036904702945065,-0.4207544625762476,-0.6238930711916252,NORMAL,3582073,-0.38746760161169536,-0.35925488435669095,0.4472061439999999,0.7287660499999999,0.9897938199999999,-0.4835439614429137,1
0.5620043629725178,0.5982693508102794,0.2325009029810448,-0.2862875324468852,0.3005442086209745,-0.5499581545492823,NORMAL,3582074,-0.7732670034416689,-0.4781783237535053,0.654951576,-0.57137555,0.63704968,-0.7152677600773626,1
-0.9442411046337572,0.07114489692033865,0.3608635198447507,-0.377586083699867,-0.8515972826516438,-0.5341149778864238,NORMAL,3582075,-0.5704094183672942,-0.0554516026859571,-1.48443236,-0.47614306100000003,0.12642763999999998,-0.22594228158167112,1
-0.7210265213133138,-0.15258260104752222,-0.33880665980689784,-0.14933973545895685,0.37799912602759583,0.02039673267198521,NORMAL,3582075,-0.7946910701603046,-0.6376300828802315,0.2199820400000001,-0.202089459,-0.68912314,-1.0437531593724505,1
-1.8536367678022032,0.9631398973451637,1.1935363415007822,0.8640739383384772,1.065411263430004,-0.01657071700396716,NORMAL,3582076,1.0162180801658551,0.11709902050295809,-1.11620804,1.00781423,1.509244,0.34398443264798156,1
-1.0586294509004048,-0.01182923835769329,0.47367767449196546,0.43497084908071365,-0.2706856200315493,-0.12219199129463644,NORMAL,3582076,-0.389357086416222,-0.6454229100769775,0.7834942,-0.880673976,-0.7090073,-0.4155596112462611,1
-0.5003582937433263,0.634356042988194,-0.506792854451979,0.13368569271811687,-0.4352772650382282,-0.5182717839331272,NORMAL,3582077,-0.7233037798924159,-0.4135282614520108,0.5501864000000001,0.583688796,-0.9656906199999999,-0.5364565449495307,1
-0.11380752253857855,-0.23389430781320933,0.5649962381063416,0.40758128669397353,-1.0597572637218613,-0.21725113340136826,NORMAL,3582077,-0.9597769404819126,0.06434171731450801,0.38095282999999996,-0.78427661,1.0556326200000001,-0.42199776545589796,1
0.5519384709920234,-0.5040303142139129,1.232070517307697,-1.016675822904562,-0.47400470392976024,-0.006008584820029723,NORMAL,3582078,0.019254112563137964,-0.3111111554856405,0.65610481,-0.24400951999999998,0.6570186,-0.8335427307191807,1
0.12091443802729646,-0.7550367103497351,-0.40860152874563377,0.7545156588999723,-0.11093489597101143,-0.349277729506662,NORMAL,3582078,-0.6838045637020235,-0.522163323091379,-0.42478203999999997,-0.22673005000000002,-1.61594006,-0.10310681919681987,1
0.05323166535786535,-0.8406416850103067,0.18367393044691013,1.0284112827673735,0.2037256074297888,-0.349277729506662,NORMAL,3582079,-0.6932577020329929,-0.38266306597771227,-0.066702606,-0.0773256,0.58334732,-1.2035632375206644,1
-0.874642188810754,-0.2761113092643168,0.2872691663276937,0.3254126144795254,-0.6095507598619009,-0.28590497962913297,NORMAL,3582079,-0.6088810221920454,-0.3509356077006777,-0.914436594,0.5099312300000001,0.10203361,-0.741073054862666,1
0.3155992597663508,-0.3032573466641238,-2.494423783520801,-1.7196744314093213,-1.664873729190448,-0.4284937079183641,NORMAL,3582080,1.269755342761257,0.870902099238169,1.17300464,-0.024520580000000014,-2.73976087,1.1988662268141654,1
-0.814647661580124,-0.3971080229851626,1.737507629017259,0.09716628118438747,-0.10609396710015886,-0.09578667293809959,NORMAL,3582080,0.5895361971455677,-0.8792011476863089,-1.11387894,-0.08477381,4.168138,2.541656533715988,1
-0.383357058202721,-0.270167762967748,-0.3928865057415135,0.7910351152710184,-0.44980006750020884,-0.33871560596794364,NORMAL,3582081,-1.0055103022866136,-0.34982189749097115,0.42504475,0.11466310000000002,-2.09827993,0.35743676932814544,1
0.4769941644242101,-0.19674255741560795,-0.6148343851236225,-0.7975592939190969,0.7555917364483251,0.37422802683299317,NORMAL,3582082,-0.7340947798399178,-0.09133112101095864,0.8478918099999999,0.06632380999999998,-0.21860217000000004,-0.9159502429373758,1
-0.7063642252440662,0.645262823691583,-0.27003236531568964,0.5536589776662079,0.5813182178505181,-0.006008584820029723,NORMAL,3582082,-0.6808360182667788,-0.37629515128168906,-1.16622126,0.76056995,0.33960437,-0.35763462930546003,1
-0.690161135751499,0.7053566621296968,1.2563344796052782,-0.5145338956335676,0.019770235052632368,-0.04825709799438507,NORMAL,3582083,0.08590368642418314,-0.756272661825973,0.015968439999999973,0.054281799999999936,1.50335793,-0.2859200788123372,1
-1.176844514830351,-1.5096992911736185,-0.11746878583055206,-0.24976812091315578,-0.29489026438581206,-0.09578667293809959,NORMAL,3582083,0.46346414821974957,-0.6903899359115981,-0.4796353400000001,-2.0008245000000002,-1.3530941399999998,0.6779328415464101,1
-0.45707578621797634,0.7029198868608935,0.46122184150269885,-0.7884294148805632,-0.21259444188247262,-0.10634880166394939,NORMAL,3582084,-0.7219406681181928,-0.5584975211798714,0.7093452,1.9986234,0.56996727,0.4098070726321327,1
-0.07092441909315529,-0.7637725015307812,0.1798618459333591,0.2706334897060452,0.2714986353958591,-0.1697215688319167,NORMAL,3582084,-0.7806270385758592,-0.700495262317717,0.38055921000000004,-1.3248397,-0.27711869,-0.38493488968026557,1
0.3917923712456201,1.2902094070677446,-0.7075607706711077,1.0101515844733948,0.15047537400098765,-0.20140794809329077,NORMAL,3582085,-0.09361305493996937,-0.446334258430415,0.45601583,1.8553289,-0.87404534,0.3142028179538916,1
0.14677106791761174,-0.18039071153885405,-1.1240429488400556,-0.16759944122582157,-0.20775351301162004,0.004553538718688605,NORMAL,3582085,-0.35777950126474134,-0.7764421062919481,-0.24147296,-1.3283694899999998,-0.410204,-0.3798206808334074,1
0.09063014775660609,-0.5824141376843579,-0.2531108756689365,0.024127467084391983,0.8185238513929658,0.11545588774654571,NORMAL,3582086,-0.9327727258413951,-0.20502944065374937,-0.055327899999999985,-0.36314130999999994,0.85780338,-0.860603847504253,1
-0.5057979090266811,0.7038070940302266,1.1403085699934876,-0.7519100332383782,-0.377186094813863,-0.01657071700396716,NORMAL,3582086,-0.11250393308875954,-0.4755225486944642,-0.58779072,1.161823,1.37241462,0.10375283788552646,1
0.4695804405448009,0.49082741124959345,0.29404513939263033,0.005867759822950055,-0.29973120118137614,-0.042976034495982085,NORMAL,3582087,-0.8933161115267488,-0.7074496461741246,0.96125314,-0.19238112999999996,-0.8335066,-0.504880246083353,1
1.0020104723447212,1.2321079653636573,0.16584323515967006,0.215854364932565,-0.12545769050828057,-0.04825709799438507,NORMAL,3582087,0.04094931145037415,-0.8287491906254283,0.5247195,0.6695868299999999,-0.12626934999999997,-0.9341726018578672,1
-0.0022001730407659476,0.8189298076915607,0.2557577842347415,-0.07630091538065249,0.14079350040985958,-0.04825709799438507,NORMAL,3582088,-0.8641640395740323,-0.8792646485436716,-0.989667893,-0.3732171999999999,0.08855915,-0.7315809922957379,1
-1.1763526923682288,-1.2817302244468858,-0.5734776309172409,-0.5419233683456743,0.12627071379730187,0.0996126937932491,NORMAL,3582089,0.3790217089791467,-0.6833468988442053,-1.157148707,-1.8974924999999998,-0.81673527,0.5826163694364095,1
-0.26628226745213174,-0.27296849909129306,-0.5207233570565095,0.0697767292596879,0.4215675017146918,-0.11162986343330855,NORMAL,3582089,-0.9586971463279796,-0.6048425893317516,0.8968909899999999,0.9111982799999999,0.051959039999999956,-0.512075359337,1
0.5157994234451415,-0.331845842987418,-0.08712707064998208,-0.16759944122582157,-0.9435749708213998,-0.1961268863239316,NORMAL,3582090,-0.9218486376101148,-0.07088698878703178,0.77075576,-0.05318296,0.427060125,-0.9112846290260717,1
1.4762842990815923,0.5371115390826335,1.129772749857996,-0.14020988631196757,-0.3287767744064915,0.11545588774654571,NORMAL,3582090,0.5700316505427963,-0.6367651465765771,0.9465753499999999,0.78491526,1.1985559049999999,-0.07191549772365813,1
-0.8053129788066739,-2.2249290891618707,-1.6864676080561165,0.8092948285107693,-0.9629387180036559,-0.5288339247622839,NORMAL,3582091,1.588198807930942,0.10955700811599069,-2.2485557,-2.49490698,-2.7737875,2.582628826879572,1
0.7639018367133372,0.04695179695284515,-1.4147234545955776,0.2706334897060452,0.0439748912939624,-0.49186644915067407,NORMAL,3582091,0.1900940538924165,-0.6017526050351463,1.5464898,2.0521535500000003,0.2676478,0.7996166926301733,1
0.726795369208519,1.1016184670524236,0.7690107647111941,0.215854364932565,0.2714986353958591,-0.10106773643650258,NORMAL,3582092,-0.024717286130566424,-0.7259281073576448,-0.03656910000000002,0.95266348,2.15081595,0.567355078453533,1
-0.48744582832748234,-0.18250656889619465,-1.8173283422958053,-0.16759944122582157,0.09238420377662244,-0.2119700802772282,NORMAL,3582092,0.49439150764184864,-0.8424357364399655,-1.19665683,-1.15992954,-2.54735185,1.262918478562675,1
-0.283687597521955,-0.3618007866990776,-0.5152865205404508,0.5993081935096098,0.08754326698105841,-0.29646710316785124,NORMAL,3582093,-0.9039798108046129,-0.6222980926717747,0.20080745,-0.16195359,1.28241445,-0.4834077136002259,1
0.5920080090167305,-0.03855741158721736,-0.37233883392936473,-0.18585914699268627,0.2521349119877374,-0.47602328113303477,NORMAL,3582093,-0.8506128430060916,-0.5689031842816926,0.86301398,0.291980554,0.14079284999999997,-0.8719328369821241,1
-0.2729283545891342,-1.4474746720531795,-0.20605196544010643,-0.4232353144890413,-0.3529814425348887,-1.0041296914898672,NORMAL,3582094,-0.02953564635941978,-0.07954376520197305,-0.8524105499999999,-1.2726523539999999,0.16378021,-0.24964967373353067,1
0.43480271739116744,-1.5266194411785299,0.03262376055516979,0.4167111208951906,-1.0936438846885013,-2.3032713190131773,NORMAL,3582094,0.10654276602832452,1.2697914254240057,0.6974818700000001,-0.07149019999999995,0.235077856,-1.0554080562516612,1
1.944028972084669,-0.24416738966983276,0.5668426718057157,0.3893215734542227,0.2763395801161346,-1.7065112093973047,NORMAL,3582095,0.7426442028771335,0.491431072275277,1.48736998,1.15841836,0.526165934,0.16966561828050886,1
2.155042116921149,0.9643402286419913,0.7341268642576695,-1.5918563938937489,0.3102260742873911,-1.2048101251777064,NORMAL,3582096,1.176153753629882,0.3213391205990245,0.2079572999999999,1.09162554,0.16476249999999992,-0.6692091003412917,1
2.0070196894662247,0.2615743296848179,1.7484238839416848,-2.221816209222594,0.8475694246180813,-0.39152626688763087,NORMAL,3582096,1.4681690245562264,0.41824816041784924,-0.1458788000000002,-0.63479716,0.9990072000000001,-0.5996149199654268,1
1.708940980743549,0.8980982127952805,-0.34015449751975013,0.9279829421504913,-1.3405312967255396,-1.262901761414562,NORMAL,3582097,0.5585031292524609,0.7546705229224077,-0.29376199999999986,0.57496181,-2.05709452,0.36958450341569826,1
0.45217150830922453,1.0559946852792335,-3.568182750562159,1.0558009049372026,-1.7278058441350885,-5.825741204993465,NORMAL,3582097,2.646695578576705,4.436516287356004,-1.23856922,0.14262534999999998,-3.1793679800000003,1.6361309608668788,1
0.13130668622502273,2.3493109173766755,0.2181414441609372,-0.2406382717661665,-0.24164000718287654,0.052083116255968856,NORMAL,3582098,0.7545532934076369,-0.7201682034664634,-0.31621813,1.1682318,3.729248,2.1447857971767954,1
-0.7035447441539583,1.2089728261799102,-2.8625490144590278,0.04238717135667947,-1.4470317318842958,-0.988286462955694,NORMAL,3582098,1.9435217170170707,0.6312457910205532,-0.8227613,-1.0300491,-3.0342512,1.5286783655641443,1
-0.7406018772083777,1.382663058683202,1.1455488637648388,0.9097231691276515,0.8040010251568508,0.26332567780513605,NORMAL,3582099,0.40328397133126453,-0.05134547699376594,-0.03652048000000008,0.15689160000000002,3.9476785999999997,2.1752093317468013,1
-0.800623466343412,1.745454956536764,1.456916513782352,-0.13108003417582384,-0.4255953835223887,0.067926314531875,NORMAL,3582099,0.9299945622269102,-0.5652804719791049,-0.059152369999999954,0.32770409999999983,0.3066740000000001,-1.343912794364003,1
0.17438501690731886,-0.18511806220276217,-1.3180068188105967,0.47149026061444305,-0.6821647325482467,-0.23837538912402403,NORMAL,3582100,-0.13010159258932166,-0.2730225614740967,0.96088863,-1.7438556299999999,-2.7330933,1.6022899199381517,1
-0.7811410260308869,-0.7328352753419494,-1.028771904334723,0.4806200798698879,0.24245306217074372,-0.27006177703061723,NORMAL,3582100,0.006427059253496921,-0.6212597536035542,-0.94168833,-0.49474417,0.28487490000000015,-0.6915188514369761,1
-0.7423959789862343,0.5630792205566026,0.8795988529610622,-0.17672929784569696,0.10690699038918013,-0.058819225855712955,NORMAL,3582101,-0.28880142268264813,-0.8873910931193034,0.038183949999999967,1.17057877,1.8796034,0.4285304017528615,1
-1.392032113162127,-0.6749798249443577,0.5233528429882656,0.11542599442413828,0.3247488688246602,0.16826652273057557,NORMAL,3582102,0.17681329670624676,-0.6310735853458294,-0.6402282499999999,-1.11831887,-0.35087585,-0.4558184169323176,1
-0.3672472292888491,0.22661660696927213,0.19771772078495883,-0.19498901108544778,-0.13029862730384462,0.067926314531875,NORMAL,3582102,-1.2403819746798508,-0.8071436518654447,1.00994418,0.81439759,-0.32072639999999997,-0.4548949213511363,1
0.03936299844734322,0.25488745124228335,-0.5677900242156503,-0.4506248768757814,-0.9193703660906944,0.0996126937932491,NORMAL,3582103,-1.0294870458798187,-0.06584352612568548,0.40072179,0.02553660000000002,-0.75396825,-0.9399956036378038,1
-1.2528257580816626,0.6667170296614188,3.225367274785548,-0.5419233683456743,-0.49336838771432456,0.18939078709845045,NORMAL,3582103,2.401020650462726,-0.4057887327577169,-1.27347557,0.37199904999999994,3.7359781,2.188876400002422,1
-2.3863841960662286,-1.0532131572848904,-1.4970559596485986,0.05151702648197765,-0.14966234278725485,-0.01657071700396716,NORMAL,3582104,1.7785709028959265,-0.8436476621641732,-1.1171425,-1.5535853400000001,-4.651236,3.2601525653325507,1
0.1467352593459421,0.6895725889867391,-0.140856397757916,-0.12195018203968008,-0.13029862730384462,-0.10106773643650258,NORMAL,3582104,-1.0103329387245792,-0.8620183016010601,2.49643539,1.5742304000000003,1.3357557999999998,1.4595458818814822,1
-0.14903717442229203,1.1312916056917675,0.32581407390861145,0.3345424486807425,0.4457721302195317,0.09433163202388993,NORMAL,3582105,-0.5129152799703396,-0.5249306125948224,-0.291489124,0.3989976999999999,0.45963574,-1.1204332499325678,1
-0.8963275817875868,0.0489659232879692,-0.2938944191232804,0.8732037725396944,1.0073201169797732,0.004553538718688605,NORMAL,3582105,-0.6573106567071261,0.06865559516452636,-0.736468316,-0.977647422,-0.61036682,-0.42341188953308057,1
-0.33741303723921934,0.5894759365531616,-0.5713958799746557,0.5262693554963788,-0.15450328750753037,-0.20668901850786905,NORMAL,3582106,-0.7916645737596548,-0.6617371085253225,0.55082047,0.488234022,-0.27331832000000006,-1.0094696535277237,1
0.1254572459484217,-0.3320096231579085,-0.6921972767221586,1.1562291708252237,0.4070446992527112,-0.31759135024528795,NORMAL,3582106,-0.7791194662168893,-0.2547268529423262,0.4561671,-0.83236312,-0.11898039999999999,-0.8370143923257806,1
1.02416500935985,1.0790011827446422,0.9509448845948546,-0.18585914699268627,-0.5272549294338499,-0.44961793770536257,NORMAL,3582107,0.28462020202897165,-0.38030349272101593,0.8856928799999999,1.27454342,1.61837294,0.45638747720569905,1
-0.07732664468214505,-0.55960525249712,-0.67620723804876,-0.6788712251166915,-0.33361769535263264,-0.19084582455457247,NORMAL,3582107,-0.671784397242205,-0.5219581022577667,-1.0855401,-1.4801269000000001,-1.60262394,0.6519308104146638,1
0.33559097528774534,-0.31927495655823074,1.066367560885329,-0.6423517836914178,-0.15934420052896,-0.1538783748786201,NORMAL,3582108,-0.31039139034767704,-0.642885213368359,0.40693784,0.21708649999999996,1.7163067,-0.011517685635423854,1
-0.15806158997574446,0.7979435387398601,-0.1604609628951437,-0.7427801990371611,-0.33361769535263264,-0.24893752130796146,NORMAL,3582109,-0.9144038356491216,-0.4849849584325205,-0.48650360000000004,1.0091655400000001,-1.2083349399999999,-0.14170907461869783,1
0.11359266577057651,2.005807527772789,2.061821128683188,-1.473168429711749,-0.6240735860980159,-0.15915944529319834,NORMAL,3582109,1.4924044613876504,-0.03577361883528313,0.26772022,1.09104416,2.18878274,0.6756050951221332,1
0.9361897717841716,0.296076581008291,0.5772148247728695,-0.21324870937942636,0.6103637910756335,-0.30174817358242956,NORMAL,3582110,-0.35760584920264143,-0.3817987728966715,0.8106844400000001,-1.54437253,-1.4622269,0.4903084782940797,1
-0.591059203895345,-0.8221013357387132,-0.08436556386244226,0.6997365640180365,0.14079350040985958,0.09433163202388993,NORMAL,3582110,-0.5453749865511844,-0.5895728726980416,-1.5051317000000002,-1.0100321700000001,-0.651607526,0.13835484105402027,1
-0.7781615783405035,-1.2805443293635448,-0.7727718826730701,-0.16759944122582157,0.48934052968076214,0.316136321434385,NORMAL,3582111,0.21202059176726124,-0.4257435258360078,-0.1843927999999999,-0.4141041999999999,-0.678029074,-0.9788477554588536,1
0.01253723376525423,-0.17203868672323003,0.3339911171283107,0.19759466663858638,0.6490912537412998,0.0837694998399525,NORMAL,3582111,-1.2299452951187206,-0.36273628030356186,0.77924809,1.0012953599999999,1.09007932,-0.11658862944951527,1
-0.046104668759033705,0.5951727055224081,0.3163676354414804,-0.36845620466133333,-0.2658446911606967,-0.43905584010230153,NORMAL,3582112,-1.0469123272278462,-0.5484885224875244,-0.0577926637,0.6930097399999999,-0.017357820000000024,-1.0995330397530272,1
0.24384977996011958,0.1809722491635774,0.5922171747281599,-0.18585914699268627,-0.34814052158874764,-0.8351356284181828,NORMAL,3582112,-0.9304559046466803,-0.23721269802284944,0.2857553937,-0.374140626,0.27169129999999997,-1.2525153906823272,1
-0.17900986822308707,0.28881010630741777,-0.9304449947967411,-2.1761670382165086,-0.17870792393708174,-0.7242332880355449,NORMAL,3582113,-0.5996028293845784,0.26042450777850484,-0.41673589,0.09740820600000001,-1.4997091,-0.23043521645155637,1
2.3375091635935292,0.6393313555460217,1.7302397711319466,-1.9479207348129148,1.055729405688299,0.5485031257383792,NORMAL,3582113,1.8069598715823547,0.5170394272516702,2.48007537,0.31662021999999995,2.6205768,1.844223046288235,1
1.2956796228382998,-0.3843069542317331,-0.274465105784606,-0.5145338956335676,0.571636360108813,-1.717073332936023,NORMAL,3582114,-0.03631175291812699,0.5815869237644866,-1.0267419999999998,-0.92463606,-1.97448535,0.6249828193345155,1
1.5988708701939482,2.4300302744193485,1.5372238914534464,0.0697767292596879,0.6055228225812236,-1.7751649691728786,NORMAL,3582114,1.9560935505281078,0.6221990993085826,0.2988005,2.54214566,1.7843790499999999,1.339515615428825,1
-0.2936767988862184,-0.816007017362794,-0.22987238158905246,0.7362559606059937,-0.009275350059550222,-3.0901498252303616,NORMAL,3582115,-0.6735263224911004,1.718805832608143,-1.86514022,-2.9320934,-1.74045853,2.1103913470776225,1
-0.45835434197446945,-1.5265043057335455,1.099663473530921,-0.14020988631196757,0.1214297849264493,-1.400209453870091,NORMAL,3582116,0.5088095661748306,0.1859377532252939,-0.16229272000000003,-0.6417808,1.30949403,-0.32325456225233407,1
0.9663516695948224,2.8653383502747505,0.7299681749182676,-0.36845620466133333,0.7555917364483251,-0.47074221071845657,NORMAL,3582116,1.6313128959717833,-0.1804639322728097,1.40407374,3.9670810000000003,-0.36412239999999996,2.449821609900886,1
-1.9453516622463582,-2.1619144637573835,0.714903789826591,0.4532305623204645,0.7701144834373256,0.10489374691738917,NORMAL,3582117,1.6941343531322721,-0.21439184796608016,-2.8695367000000003,-4.5410368000000005,-0.014837299999999942,3.6044464372437246,1
0.37471654294622164,2.4283293696340187,1.7809113092042288,1.2110083404360206,-0.5030502771548756,-0.23837538912402403,NORMAL,3582117,1.6162169184293056,-0.1855190842214569,2.2864695,4.1462936,1.0499382000000002,3.0795609247125886,1
-2.4931369656308586,-0.5446355080009632,2.433056848063844,-0.6240920853974392,0.35379444204977567,0.08905057025453078,NORMAL,3582118,2.4169340273335167,-0.5327280995657909,-2.8263219,-2.6854314699999997,0.6423148999999997,2.1754755253421463,1
-1.257177884597626,0.4629463558114344,2.8526307315324537,-0.12195018203968008,0.10206606151832757,0.067926314531875,NORMAL,3582118,1.968782321207508,-0.8510423745993773,1.2180601999999998,0.91013253,0.41324910000000026,-0.21423139199093474,1
-1.6434801266593007,-2.0830084899732175,-1.6218718724234442,0.4988797931096387,0.135952571539007,-0.006008584820029723,NORMAL,3582119,1.8392879598985798,-0.7087656634701693,-0.3807079,-2.29972016,-4.4070526,3.215969984631262,1
-2.025232376762235,2.064723331335825,1.8243401689555578,-0.04891135598306683,-0.875801966629464,0.12601800264004492,NORMAL,3582119,2.1204057871297026,-0.12941757533787854,-0.3762238,3.7465796,3.3942628,3.300374582662491,1
-1.6484471580897386,1.2340203208219878,1.6390500497239109,-1.7835833604924742,-0.028639073467671947,0.18410971668387216,NORMAL,3582120,1.2666085274650816,-0.07243557202586812,0.37132870000000007,-0.7503607000000001,-0.18249700000000013,-0.9373305437314411,1
-2.7673094700878154,-0.213282860088513,3.11756980313329,-0.18585914699268627,1.4478447630980287,0.30029312748108844,NORMAL,3582120,3.1826422362131637,0.4320688387437244,-1.1026592000000002,-1.30732574,1.4562321,0.46031535942175017,1
-1.180948447052452,-0.6696963590104583,0.1333964931690573,0.17933495339883557,0.8427284957472287,-0.11162986343330855,NORMAL,3582121,-0.14145495966257965,-0.1911490121858368,1.5633877,-0.41227099000000006,-2.93918898,1.5752354920356555,1
-1.4052387689770693,-1.1579406901643379,0.3575539910072781,-0.04891135598306683,-0.9290521842088422,0.19995290199194968,NORMAL,3582121,0.41723892005886837,-0.06388491628345538,-0.22104219999999986,-0.44102326999999997,0.22077848000000003,-1.255623414483647,1
-1.234466584667361,-0.7802792267224711,0.6982563411563021,0.22498422902532653,1.0508885164410038,0.3266984536183225,NORMAL,3582122,0.1615435853655843,0.07166866553389606,0.16829910000000003,0.34113554,0.3355665,-1.2890378787620482,1
-1.7981676769215171,-0.9708641244427556,-0.1181853068853867,-0.7610398973311397,-1.2243490038250777,1.2561656103177659,NORMAL,3582123,0.6473461105733671,0.72051852266288,-0.5555377000000001,-0.17215228000000005,-0.80413436,-0.8009787896675866,1
-1.6995568166534971,-0.6324987204956011,1.2167525090233973,0.7910351152710184,-0.11577582484186398,0.7967131067052321,NORMAL,3582123,0.8308738107282755,-0.12135899563415825,0.09718280000000012,0.30564004,1.3148145599999999,-0.4378778125217642,1
-1.7106519945203693,-1.541600223178403,1.3535885163344354,1.0284112827673735,0.16015722381798128,0.6805297477793304,NORMAL,3582124,1.3679311066170325,-0.1355619062640769,-0.01093450000000007,-0.8211767999999999,0.13477329999999998,-0.9621156655636512,1
-1.7074873650694387,-0.5848534149349466,-1.2949552322308324,-0.021521797930600665,0.19888467063422477,0.15770439054663812,NORMAL,3582124,0.8648102076382137,-0.7372311854117372,0.003118799999999977,0.86421404,-2.6086188,0.9651208967857468,1
-0.8417509655232808,0.03314873541971927,-0.7429975554702796,-0.377586083699867,-1.0984847739357964,0.46928719055277274,NORMAL,3582125,-0.438786664580207,0.18651964499892495,0.853199,0.558231426,0.5436373,-0.6369524747156649,1
-1.0430927519252173,-0.02110806918622399,-0.3310818131345577,1.5122935117443894,0.920183397304427,0.6382812017531425,NORMAL,3582125,-0.4746634518901235,0.3375851621945139,-0.198426,-0.049009301,0.4057064,-1.3423216913345606,1
0.3824527266156819,0.0637701185132404,-0.235447685402989,0.6540872883915456,-0.43043632824266415,0.3372605512213835,NORMAL,3582126,-1.1546780201446203,-0.3481464866369186,1.4049010499999999,0.076669105,0.09419250999999998,-0.3807636924286999,1
-0.9604351227567939,0.6600734487886281,-1.0011635983907214,1.1288396233842557,-0.15450328750753037,-0.1538783748786201,NORMAL,3582126,-0.007064007735605898,-0.3888990456652119,-1.3234404499999999,0.53863123,-0.75417328,-0.1740072105664725,1
-1.1717381658343065,1.4987264510714915,-0.32237222212865163,-0.587572688809482,-0.7789833416641438,-0.5922066659945937,NORMAL,3582127,0.344328073862348,-0.06416740771005369,-0.20824299999999996,0.7575417999999999,0.6685590699999999,-0.7615580973446707,1
-1.450430627290484,-0.4815135298647439,-0.3296197231484235,0.22498422902532653,-0.1012530382293063,-0.40208836449069185,NORMAL,3582127,0.08949139128487418,-0.6685796728975564,-0.2746565000000001,-1.788719,-0.007138250000000013,0.021174719824762843,1
-1.2333951686620908,-0.7077557863310251,-0.017229572649770226,-0.29541736664810225,-0.3094130668477927,-0.5393960569462212,NORMAL,3582128,-0.07601327529102958,-0.4687627418360708,0.21389239999999998,-0.20436100000000001,0.307681087,-1.3699410750756904,1
-1.5166955611374315,0.5653136895637091,0.43351284776040916,-0.8158189922130755,-1.4421909218841154,-0.1961268863239316,NORMAL,3582129,0.16996360203635633,0.467933754186014,-0.2791976999999999,1.1499432299999999,0.443947793,-0.5278896184452837,1
-1.0826444304249223,-0.7717472917033428,-0.6168115901088644,-1.016675822904562,-0.24164000718287654,-0.2753428474451955,NORMAL,3582129,-0.025512663489673616,-0.4125308713569274,0.4277652999999999,-1.20774573,-1.03449153,-0.14273763470012996,1
1.282068814172804,1.6393320706298304,2.2315569781536606,-0.7610398973311397,-0.7499377367401826,-0.006008584820029723,NORMAL,3582130,1.7797916789807473,-0.1754527662427434,2.3304679999999998,2.1778893,2.8054314,2.473924795864537,1
-1.7086601490630855,-0.08866253500467429,0.8593232727397498,-0.34106664227459316,0.24729397519217333,0.11017481733196742,NORMAL,3582130,0.5041678005051278,-0.6852751741951033,-2.9474179,-1.5608697999999999,-1.3515482399999998,1.8207930571675988,1
0.04767326586839162,0.8730200744116916,0.8192959284602073,-0.9801563366419718,1.2590484975112215,0.14186120523856063,NORMAL,3582131,-0.4190182558984388,0.3171977713144696,1.73089859,0.86867247,-0.039423960000000036,0.14928547159548008,1
-0.6521687282633852,-0.4326227687694005,-0.52790985855101,-1.254051900726284,-0.44011820975850374,0.11545588774654571,NORMAL,3582131,-0.6243783304121582,-0.2205304783201489,-0.6897070399999999,-1.17936623,-1.3268976000000001,0.1165794297537246,1
-0.17626090840617392,0.4574952017443443,0.8544954770896905,-0.43236517858180284,-0.3917088893511322,-0.0693813533366512,NORMAL,3582132,-0.6142758663055993,-0.5656808275573657,0.46901582999999997,0.80402928,1.36156654,-0.14014443724009001,1
0.17776320912615295,0.016023378625554575,-0.31522638359998195,0.16107525510485698,-0.048002796875793674,-0.07466241721544381,NORMAL,3582132,-1.27190055926918,-0.8996168203476967,0.34889722,-0.398774414,-1.1520891199999999,-0.5236586565020164,1
0.7110009986921075,1.1215261272282198,-0.5550098114273003,-0.34106664227459316,0.21340746517149392,-0.26478071526125807,NORMAL,3582133,-0.15034538606411124,-0.6994914493888922,0.5255155599999999,0.998582894,-0.23616886000000004,-0.6395682197416543,1
-0.876887099095876,-0.12122405662505784,0.7077444274351281,-0.5145338956335676,-0.7208921952139131,-0.12219199129463644,NORMAL,3582133,-0.4048929238961078,-0.25263300670336253,-1.56489266,-1.1225563,1.2437191,0.5069230334271172,1
0.23862269245619838,1.0335985163794017,-0.19243227815966554,0.2615036405590559,0.09238420377662244,-0.021851778773326322,NORMAL,3582134,-0.6186516614041476,-0.8377693821218829,1.09935523,1.0431327,-0.88660717,-0.03305889187510027,1
-0.6182622523155529,0.4483578092746193,-0.10982138662471815,0.08803643203739817,-0.21259444188247262,-0.20668901850786905,NORMAL,3582134,-0.9244908972241329,-0.7545059210698327,-0.84447573,-0.52863854,0.08136559,-0.7937433693777913,1
0.2468382381383586,0.6870420447545684,0.09232149625725028,0.46236042641322594,-0.7596195944818876,-0.11162986343330855,NORMAL,3582135,-0.9743945026635914,-0.21828093901018736,0.8525723,0.21559964000000004,0.19909572,-0.8922703118421759,1
0.10905227282254772,0.542833372152596,0.33558295294224816,0.44410069822770293,-0.3190949483636323,-0.011289652641042263,NORMAL,3582136,-1.0547435400830327,-0.6055912590049923,-0.13579058,-0.13026138000000004,0.23959446,-1.4928446342114845,1
-0.29156094760451545,0.29125722162483797,0.21221563674989416,-0.49627415250227236,0.3247488688246602,0.24748247520662037,NORMAL,3582136,-1.2674210513587931,-0.5273620941111274,-0.39481162999999997,-0.22724470000000002,-0.12150764,-1.325035287357773,1
-1.3648893375998727,1.0715735073500745,-0.3764626983067692,0.05151702648197765,0.571636360108813,0.9604261512336527,NORMAL,3582137,0.2216572162831438,0.060559496179335155,-1.05778469,0.70484718,-0.57980442,-0.393881353918522,1
-1.784891717466874,-0.1528761742908012,-1.0860828264883409,-0.587572688809482,-0.23679910208615837,1.208636097619629,NORMAL,3582137,0.7104792079309208,0.19205901849601062,-0.41391999999999984,-1.10602575,-0.6989231,-0.41886359708806215,1
-1.8263918124959098,-0.8897194969208865,-0.6238790267843144,-1.0623250686395087,-0.44980006750020884,2.6186801519777676,NORMAL,3582138,0.7420101740372164,1.491489046319371,-0.04089910000000008,-0.66557875,0.4552364000000001,-0.98709029450982,1
-0.8009588837832284,0.4027679260334044,0.05346674804505684,0.5810484503783145,0.07302047244378924,0.6541243957064391,NORMAL,3582138,-0.7573166291605827,-0.29031273118506284,1.01058284,1.16748315,0.66713526,-0.10721179983335649,1
0.5711734475907826,1.7557397622814876,-0.8347934545841738,0.5536589776662079,-0.5369368188744009,0.06264524411729674,NORMAL,3582139,0.45837885344749535,-0.3883034848668973,1.35226142,1.22211775,-0.8748703,0.23451904044383615,1
-0.3556043598763715,1.3520902804606096,-0.452281168835545,-0.8705980870950113,0.2714986353958591,0.42175759140244473,NORMAL,3582139,-0.20476811786712498,-0.34077941419469643,-0.91335642,-0.36461009999999994,0.37674618,-0.7398959898803225,1
1.6024438127432032,0.2845523532690246,-0.24354048876563497,0.7453858246987553,0.5958409648395185,0.2052339637613088,NORMAL,3582140,0.24989909504916297,-0.2729319691950514,1.92969216,-0.96428988,0.20559406,0.3805959534840392,1
0.3766989720378185,-0.11441766980477246,-0.6425211436860947,0.7819052810698014,0.37799912602759583,-0.07466241721544381,NORMAL,3582140,-0.8014845469824802,-0.46098554277415044,-1.20799388,-0.36038322,-0.3929663,-0.47100477721832834,1
0.6693548282315739,0.1686097866736735,0.43705864822780666,-0.11282032392522746,-0.1690260661953766,-0.10634880166394939,NORMAL,3582141,-0.7280128487762505,-0.8271195050397836,0.28841768,0.25565416,1.0633058800000001,-0.6615680339879453,1
0.4650628173431101,0.5289686068775309,-0.40836720650133673,0.13368569271811687,-0.21259444188247262,-0.33871560596794364,NORMAL,3582141,-0.819834141192365,-0.676119032073422,-0.20133350000000005,0.32550634,-0.83268165,-0.8774160423270487,1
0.5281456689923795,0.9144794957055165,-0.6641425716224308,0.7545156588999723,0.741068941911056,-0.47602328113303477,NORMAL,3582142,-0.3574158908493117,-0.11486415497990524,0.06216929999999998,0.34822580000000003,-0.25191973000000006,-1.3624541452255832,1
0.13998805789420785,0.21071568242037084,0.0445654369932623,0.19759466663858638,0.741068941911056,-0.24893752130796146,NORMAL,3582143,-1.4591139067286576,-0.2710690301234025,-0.3825364,-0.63569856,0.69802473,-0.7745704246221217,1
0.8481746567115643,-0.646634109419959,0.42920307088179915,-1.3088309956082198,-0.07220745707947944,-0.47602328113303477,NORMAL,3582143,-0.3119998746780953,-0.2488903995362558,0.6979308000000001,-0.77443031,0.37883949,-0.683478854374487,1
1.0031318113232461,-1.0921013716071764,2.465243133859087,-0.20411884528666485,-0.21743537867803664,-0.7031090409581081,NORMAL,3582144,1.6905563627899955,-0.39476835529219634,0.15271309999999994,-0.4023834300000001,2.00534818,0.26392990147740775,1
1.2565160650148104,0.6740719593820447,0.028786505615004204,1.9687861185515765,-0.12061675371271657,-1.1361562789499418,NORMAL,3582144,-0.06103771861763624,0.3993340328426753,0.24971480000000001,1.59535603,-2.399728745,1.1103751428546789,1
0.7921544852053812,-0.2492478740283676,0.5802028674305499,0.1702051191976185,-0.3675042132980235,-0.8087302763452915,NORMAL,3582145,-0.4662102840385598,-0.2470970931418895,-0.45763679999999995,-0.83401999,0.5431041449999999,-0.6973437536920981,1
-0.5313724639711633,0.296814366725609,-0.27331092735021995,0.1702051191976185,0.22308932291319905,-0.31231028847592873,NORMAL,3582145,-1.024282184502907,-0.6936318331708439,-1.30435993,0.49324926,-0.84064767,-0.16131079409883184,1
0.14750892337414412,0.07072733387352717,0.6749471716943586,-0.5419233683456743,-0.0673665202839154,-0.11162986343330855,NORMAL,3582146,-0.8857615089689499,-0.7298666916583948,0.66904998,-0.20422078899999999,0.93396377,-0.6254692983108369,1
0.4025615277444713,-0.5889703927504144,1.2127118996571822,-1.0258055973226903,0.4022037624571472,0.14186120523856063,NORMAL,3582146,-0.026495481097251628,-0.3399192406835544,0.25135899000000006,-0.595894371,0.5296583,-0.9583801329076156,1
0.7958660350340377,0.6118438751275405,-0.6137983678868243,-0.03978150384692309,0.2521349119877374,-0.14859730878665137,NORMAL,3582147,-0.37472111040735506,-0.7641086485829517,0.38760875999999994,1.08467626,-1.7989769,0.34956123330855426,1
-0.8073783896208874,-0.21876935188064062,0.18970044596234167,-0.7336503199986273,-0.5030502771548756,-0.0693813533366512,NORMAL,3582147,-0.7330875011172859,-0.39022647874245664,-1.5800266,-0.7502796,0.79138663,0.13195119053943696,1
0.23169828474330262,0.5646772562501252,0.5239309068982726,-0.5510532473842081,0.03429302721248809,-0.042976034495982085,NORMAL,3582148,-0.8437648191344159,-0.7362351371624611,1.024029,0.70767475,0.32919217,-0.5040771858822164,1
0.22156101914616771,-0.1567114798825437,0.9500976734785532,-1.1810131075503696,-0.01411628051534508,0.009834600488047773,NORMAL,3582148,-0.5217438074755744,-0.40788291047170777,-0.009990459999999979,-0.65161887,0.41974259999999997,-1.019519231594517,1
-0.13614248747015517,-1.5884342223976873,0.5505031651463254,-0.7336503199986273,-0.29004932759024804,-0.01657071700396716,NORMAL,3582149,0.2041756794886474,-0.539063585537492,-0.352523325,-1.29325218,-0.39357089999999995,-0.39396027707058645,1
-0.3978588194427293,-0.17024019357755987,-0.23731257734752675,0.3254126144795254,-0.43043632824266415,-0.6397362997257982,NORMAL,3582150,-1.1526233102783947,-0.31964442216772504,-0.257926215,1.28103191,-0.77593997,-0.2704972294692441,1
-0.04655730503564311,0.7155630207818087,0.09570173093593286,-1.1262340126684338,0.3005442086209745,-0.30702923535178867,NORMAL,3582150,-1.0249762929065438,-0.3395746353910134,0.346214045,0.80013183,0.32799435,-0.862278463246064,1
0.9775231524939859,-0.6228727884055177,0.07992957671864659,-0.5784428247167204,0.22308932291319905,-0.46546113165865916,NORMAL,3582151,-0.29495154871149065,-0.5096549656320142,1.009249955,-1.20898759,-0.01553439999999999,-0.2149686001021698,1
0.6700060997997365,-0.40053830643702426,-0.22815758218480864,-1.0897145413516154,0.6394093643007489,-0.5499581545492823,NORMAL,3582151,-0.7006489161757248,-0.08047771456840266,-0.30306365999999996,0.20083116999999995,-0.30344296000000004,-1.3229298619005136,1
0.6169796933244371,-0.0799844001118473,0.2999641645661765,-0.5510532473842081,-1.0016661965187452,-0.6978279359626535,NORMAL,3582152,-0.8468612764644927,0.15717271915099879,-0.052258490000000046,0.2895512,0.52016068,-1.1981392197645635,1
0.27290584332540263,0.4526964228216824,0.0662721200916662,-0.66974136102393,0.6539321905368639,-0.6978279359626535,NORMAL,3582152,-1.168445158516821,-0.1041254177758376,-0.33909105,0.48116204,-0.23016929999999997,-1.1635017678372135,1
-0.17111981626776712,-0.4156759826221205,0.7448543739798992,-0.03978150384692309,0.37799912602759583,-0.8192924344648863,NORMAL,3582153,-0.6722515826265142,-0.24990394035395175,-0.43759538,-0.78438686,0.6683531,-0.6730620702273276,1
-0.02804591424356106,-0.6521835160903412,-1.1019469673399411,-0.11282032392522746,-0.24164000718287654,-0.7876060292678547,NORMAL,3582153,-0.207483654006257,-0.3213557157636602,0.141001938,-0.21363346,-1.8189621000000002,0.048524244184560535,1
0.0942986542412494,-0.33255909599838157,0.24495285750515605,-0.9436368802709257,-0.14966234278725485,-0.43905584010230153,NORMAL,3582154,-1.1606096199858544,-0.41075003364916146,0.120572802,0.28871161,1.3265962500000001,-0.4281927558382773,1
-0.6627431141379239,0.17089416246789438,-1.1530978309095699,0.7271261861878655,0.9685926860129527,-0.07466241721544381,NORMAL,3582154,-0.18217572708187726,0.0014020649361939984,-0.74607846,0.45476125,-1.3769760500000001,-0.15879032783097902,1
-0.4896367974488199,-0.9927001815441691,0.34163561256180314,-0.359326355514344,0.5280679606475827,-0.13803518092532346,NORMAL,3582155,-0.3801247684462952,-0.4731492989222556,0.17059943,-1.0510561,1.47220138,0.028441378629177297,1
-1.0436433252034256,0.6025395141211559,-0.3060258824665138,0.5810484503783145,0.20856653630064137,-0.1327541191559643,NORMAL,3582156,-0.3649800659817537,-0.638609325022423,-0.54598353,1.44095442,-0.63789845,-0.12162698351645988,1
-1.2719020161544776,-0.039296330945839814,0.3066064930320542,0.30715290123977457,-0.4352772650382282,0.1629854609612164,NORMAL,3582156,-0.21681529051699988,-0.500122828988014,-0.2249530999999999,-0.5797600199999999,0.6033973699999999,-0.927650951055596,1
-0.05111160843164639,0.04630519518674018,-0.6159294931122649,0.08803643203739817,-0.7644605629762976,0.15770439054663812,NORMAL,3582157,-1.0043471891751503,-0.22668164867166327,1.2031111959999998,0.077322485,-0.9086294,-0.28065472196528995,1
0.604768097747745,2.5985742846533055,1.358204194460865,0.5901783294168483,-0.03348000233852451,0.7967131067052321,NORMAL,3582157,1.5332742044110257,-0.17348063738754652,0.646381404,2.305423715,1.944375,1.3034553564544462,1
-1.274573199631961,0.45863453339676186,0.2472428272001155,0.6175679067493607,-0.3675042132980235,0.4956925426256641,NORMAL,3582158,-0.18016289543750494,-0.30360587638659503,-1.8521250999999999,-1.93297324,-1.0942143999999998,1.1099997995457995,1
-0.2397908446336062,2.3338211038613803,0.41485719684278555,0.6449574242987842,0.2569758487833014,0.828399477321387,NORMAL,3582158,0.7765734971929875,-0.10487861755606424,1.01979687,1.69382594,0.1650877,0.19652473510268925,1
-1.0268467814397697,0.8314609723922282,-0.3981500195385465,-0.18585914699268627,-1.117848489419207,0.8864912000104334,NORMAL,3582159,-0.2307741058858326,0.384262891148777,-0.77565797,-1.3570578000000002,-0.8007517,-0.03257928469107633,1
-0.468130274832257,-1.136853522708254,1.1868774635631683,0.40758128669397353,1.1815935563304658,0.8072752302439503,NORMAL,3582159,0.2726787497500964,0.3921592646970934,0.5506253000000001,-1.7779468999999999,1.5611343,0.644456845250402,1
-0.11885546571469363,0.14827245319498214,0.927538885493678,0.19759466663858638,0.7797963411790306,0.26860675686493346,NORMAL,3582160,-0.6118418479563099,-0.19381828793878694,0.34421669,1.160833673,-0.25542923000000006,-0.5544917917641397,1
-0.287616647133479,-0.9600592828910413,0.9887626205713356,-0.7975592939190969,0.135952571539007,-0.11162986343330855,NORMAL,3582160,-0.06751068423172438,-0.5905859630865712,-0.16631722,-1.001138273,0.06030082999999997,-0.7766017226058861,1
0.48280379823250286,-0.02622301114788523,-0.5303169842915929,0.005867759822950055,-0.6143917283563108,-0.3598398616905995,NORMAL,3582161,-0.8417999267587452,-0.348373521991205,0.75926339,0.84351932,-1.4961805400000001,0.08979884929221162,1
3.470740565515496,0.4511807421834714,-0.37343491661082096,-1.2084027297201985,0.915342428810017,-0.01657071700396716,NORMAL,3582161,2.4647076203252345,0.064725260799478,2.9446661400000003,0.43123115,0.15451718000000003,1.1985394459236067,1
-0.8477269077729637,-1.0851511761878188,3.0708042449823005,-0.7153905768673321,-0.5611414711533752,-0.5393960569462212,NORMAL,3582162,2.2395004230297797,-0.22644007333019556,-4.2559284,-1.38774397,3.39231966,3.8508127203839857,1
0.5674941751966631,-0.40467235529635415,1.4974182491768706,-0.24976812091315578,-0.24648095190315203,-0.3598398616905995,NORMAL,3582163,0.2648332345660829,-0.6313965205053326,1.39472617,0.6146656,-1.5496682999999998,0.38724993401238356,1
-0.09163984015518725,0.22619792356601529,-0.35260258373175607,-0.4597547409685429,-0.4255953835223887,-0.6608604603510438,NORMAL,3582163,-1.282796759584671,-0.2956027259294978,-0.6495885849999999,0.569855,-1.82213306,0.22935976529446678,1
1.0093985650390815,0.7116517368670922,-0.6962910880711337,-0.21324870937942636,-0.5659823604006704,-0.9301947834927433,NORMAL,3582164,-0.09082240910248367,-0.052542609783347446,1.085093415,0.43850264000000005,-0.33850764,-0.5737299688937202,1
0.37996673504569173,-0.21884489844569588,-0.17203372419499668,0.20672452325846177,-0.048002796875793674,-1.3526798547197632,NORMAL,3582164,-1.0978929107020958,0.14455224361771313,-0.6203165399999999,-0.8405026800000001,0.51635455,-0.6270924221022671,1
1.3942926139649343,0.5116851159779663,0.11697269588736307,0.05151702648197765,-0.3190949483636323,-1.035816062106022,NORMAL,3582165,0.041201086286146,-0.08778363606988777,0.9996366400000001,0.65987604,0.28464985,-0.5608198024689238,1
0.8372293898216963,-1.2435983614324215,0.9099434769904987,-0.3319368080733761,-0.08188931482118458,-0.8298545666488237,NORMAL,3582165,0.3522633272490661,-0.3062780183021556,-0.5489959600000001,-1.5855194,0.7810173,0.06246740310228804,1
-0.8976535339278342,-0.26231280222369735,0.2365366490362406,-0.6240920853974392,1.4623676685812586,-0.45489900811994083,NORMAL,3582166,-0.6067713289768124,0.4796651571433898,-1.70975874,0.8863795000000001,-0.66325569,0.24970542911872262,1
-0.4828276590400237,0.6896779822017635,2.824537343311673,-0.08543076751679624,-1.3550541229616544,-1.4107714909566185,NORMAL,3582166,1.7237653622644593,0.7816560839784239,0.40881846,0.859918,2.54898839,0.9379287066340256,1
0.06460877205455132,0.3041732044089348,1.5500872983346847,-0.4780144392625216,-0.953256828563105,-0.7559196586517,NORMAL,3582167,0.13633920700658783,0.13600558932698883,0.53950858,-0.34822028000000005,-1.2552385999999998,-0.3809586457172342,1
-0.39534985518748533,-1.3014876882205568,-3.8924298492801395,1.3936053981046674,0.30538515334125,-0.4601800785345191,NORMAL,3582167,3.1160132211353577,-0.14908691641101085,-0.45329760999999996,-1.45036772,-5.360475,3.8056001090180582,1
-1.4541064598699829,-0.6663005608385127,0.2598661550576246,-0.3319368080733761,-0.43043632824266415,-0.09578667293809959,NORMAL,3582168,0.15840574052883272,-0.5520029727183998,-1.0434239299999999,0.57375434,4.08970304,2.4856157154079783,1
-0.7901559785427017,-0.5660517856982493,-0.3718421162571197,-0.9071175285202852,1.5204587357843746,0.2105150341758871,NORMAL,3582168,-0.5154127267938216,0.5514393958401445,0.6543353,0.09055310999999999,-0.62218571,-0.8864496939330411,1
-1.8540116974489,0.6127428504678367,0.526397082778499,0.05151702648197765,-1.0065070857660403,-0.24365645089338317,NORMAL,3582169,0.5818443719550273,-0.006390096827611485,-1.0484491999999999,1.06478628,0.88469887,-0.0523788477252414,1
-0.5568688671392217,0.5567967000109972,-0.3363559774811928,0.024127467084391983,0.16983908948439788,-0.16444050273994795,NORMAL,3582170,-0.8361009979236891,-0.8313998761179345,1.2783579,-0.05053525999999997,-0.84974766,-0.2543087583481931,1
-0.7330473847501151,-0.5264802314392638,0.7857201977526184,0.01499761494824824,-0.6385963727105736,-0.291186032753273,NORMAL,3582170,-0.3160155259864363,-0.3473943106519823,-0.17362714,-0.97850667,1.10516166,-0.30417880242356843,1
-0.95085850635503,-0.23204661640623997,-1.5073167336556614,-0.3867159029553119,0.23761212537517967,0.4376007680653031,NORMAL,3582171,0.3742920869962906,-0.47295761113061546,-0.21465683000000002,0.26595715999999997,-2.258471,0.4984922562061446,1
-0.5078876319229918,-0.005064160806582467,-0.08027171596248657,-0.8158189922130755,-0.01411628051534508,-0.38096414334891254,NORMAL,3582171,-1.1568458276814841,-0.5146608779846992,0.43655587,0.20502960999999997,1.40553331,-0.30447052280537273,1
0.491203937152355,-0.23321532973856035,-1.7993558190510892,0.9736321281023489,0.024611166300898372,-0.25421859172253974,NORMAL,3582172,0.5081973609438782,-0.468886137903909,0.9846229500000001,-0.20608528999999998,-1.69317011,0.18189194155519978,1
-0.7218028438413112,1.0137793444355057,-1.6923870393516687,-0.09456061815836275,-1.1904624621055524,-0.9407569502575572,NORMAL,3582172,0.6464294040878047,0.39627808277751086,-1.19544029,1.12639028,0.10535629999999996,-0.14361542818944256,1
0.7882638823714305,0.355292301334796,0.1803973076449575,-1.0349355211985407,0.9443880020351325,0.4428818384798814,NORMAL,3582173,-0.6753312403693903,0.13494343669635678,1.48819828,-0.59480078,1.84455343,0.6587996493517064,1
-0.6596576714518869,0.4919599454824706,0.536210513396172,0.2615036405590559,0.4506130749398072,-0.0852245450767717,NORMAL,3582173,-0.6528565615520673,-0.5563713981988385,-1.42695308,0.12344969,0.35044957,-0.315986869089911,1
-0.23799045174936378,0.6827829189474082,-0.10419573992694253,-0.21324870937942636,-0.41107259690983095,-0.07466241721544381,NORMAL,3582174,-1.0219227729462725,-0.5885688083611963,0.41556073000000004,0.17236732999999999,-0.630752576,-1.0199351235151677,1
-0.13676688485241037,-0.22963325570148874,-0.7186842899611938,0.1702051191976185,-1.6987601916628585,-1.2840260084919985,NORMAL,3582174,-0.8121849386207548,0.9811411019289917,0.09975766999999999,-0.82417089,-0.605225564,-0.7658080567341836,1
1.0779316456769952,0.4568141534458289,2.021853748317802,-0.27715766835412364,-0.7112103057733621,-0.645017318269062,NORMAL,3582175,1.0430391231691851,-0.12912681660978084,1.19710754,0.6200569300000001,2.69922634,1.2358551244030724,1
0.42678493568232584,0.21330373902145447,0.7201818529444818,-0.49627415250227236,0.2037256074297888,-0.021851778773326322,NORMAL,3582175,-0.6905786943274441,-0.699240993105243,-0.64171695,-0.21995905000000002,-1.2820501,-0.3402038732282922,1
0.5927088585619908,1.0271078663755548,2.527665609108217,0.30715290123977457,-0.5805051866367855,-0.47074221071845657,NORMAL,3582176,1.5271145874308354,-0.3107051515236312,0.16352105,0.73509621,1.7802371999999997,0.14517689980180645,1
-0.07666692070814493,-0.2509945008702154,-0.46623393707904354,1.0923203015251597,-0.2755265489024018,-0.46546113165865916,NORMAL,3582177,-1.0719807321084036,-0.27839304764392275,-0.65968203,-1.1544893600000001,-2.9487685999999997,1.454671284380721,1
0.7477046730371075,-0.4847245467182051,-0.8997208497528837,-1.2631817498732731,-0.4546409963710614,-0.14859730878665137,NORMAL,3582177,-0.18998413962516622,-0.2226485946857484,0.81243323,-0.21112459999999994,-0.42695239999999995,-0.851938562996085,1
0.2571540290996069,-0.49581279859603516,-0.6006976436114961,-0.7610398973311397,0.765273554566473,-0.2119700802772282,NORMAL,3582178,-0.7211592195367761,-0.17170238072855012,-0.48344659999999995,-0.010015839999999998,0.29451563999999997,-1.2297563176338973,1
1.2540622291160077,-0.5936217983034962,-1.5966832718491553,1.6309814759263892,-0.24648095190315203,-0.7083900595013719,NORMAL,3582178,0.8039379074824892,0.048334671569595776,0.9824712,-0.08834930000000007,-0.98097184,-0.39984515853310665,1
0.3567400412982501,1.9376466800989671,0.32179768972004225,0.39845143754698426,-0.11093489597101143,-0.6925468828385133,NORMAL,3582179,0.3769074945969481,-0.40042938203856243,-0.8843273700000001,2.2864542,1.8895612000000002,1.3143568831185612,1
-0.02754271604052128,0.40380353614889314,0.20601870228777838,-0.587572688809482,0.23277118857961565,-0.24893752130796146,NORMAL,3582179,-1.290873895538025,-0.613232672868787,-0.378717661,-1.3854959,-0.11403370000000002,-0.3498781392623803,1
-0.036970176398047463,-0.5293430078545102,1.1352183383032797,0.9462425657156086,-0.4643228382633436,-0.6133309476529069,NORMAL,3582180,-0.2199455809828587,-0.17255945271740228,-0.009290934,-0.8428963,0.9151926,-0.54765185476815,1
-0.62820986134905,0.016847520354897356,0.35063082917438904,0.11542599442413828,1.365548932669978,0.12601800264004492,NORMAL,3582180,-0.9069151378827224,0.32444340951584427,-0.5826774849999999,0.49336514,-0.7727604,-0.7065201918439491,1
-0.8943382527728572,-1.0609994131662897,-0.3962589834898853,-0.3228069439806146,1.0896158681607095,0.7967131067052321,NORMAL,3582181,-0.06348261229622389,0.30480352850454917,-0.26227438000000003,-0.97360184,-0.73563097,-0.5437354385466335,1
-1.1686802822530173,-1.9453258715244246,0.008937932223641164,0.5262693554963788,0.03913395925322525,-0.16444050273994795,NORMAL,3582181,0.8429428605801642,-0.7124776162799862,-0.2703690700000001,-0.7987979000000001,0.39908885499999996,-0.8607709540208871,1
-0.36434766850261857,0.038471890977062426,0.410458326949153,0.1702051191976185,0.20856653630064137,-0.12747305479303941,NORMAL,3582182,-1.09610511116431,-0.7866106647512117,0.7926844500000001,1.791932687,0.39546775500000003,0.2115474938377175,1
-0.511137495718503,-0.7130524042753709,0.7818752072035473,-0.27715766835412364,-0.4013907550175488,0.12601800264004492,NORMAL,3582183,-0.3380886697390747,-0.5542307687164247,-0.14466405000000004,-0.678839837,0.36581803,-1.0100493043749903,1
0.035738286180701115,-1.015584170467828,0.9513573624100463,-0.4232353144890413,-0.0673665202839154,0.030958864855922648,NORMAL,3582183,-0.07945493610548106,-0.7735715434565943,0.53895605,-0.2732720900000001,0.16692732999999993,-1.1686648638358152,1
-0.37027838581494477,-0.9245636894452479,-0.37918256845096926,1.2475278117528388,0.5135451344114675,-0.03241390577013229,NORMAL,3582184,-0.4865881624767725,-0.1896717564412598,-0.40013683,0.08221734000000003,-1.31048297,-0.418453667631578,1
-0.24253919563377233,-0.42677596945876645,-1.2941273525220072,-0.09456061815836275,-0.2706856200315493,0.0996126937932491,NORMAL,3582184,-0.09140714547531269,-0.696277728510675,0.1258893,0.44964366,-0.9011526299999999,-0.7783208454245779,1
-1.6275657583620546,1.2095790585806174,0.4276490044144012,-0.012391945346083759,-1.0258708012494508,0.2263582367744028,NORMAL,3582185,0.571734805167752,0.03336889396499354,-1.3649689200000001,1.4780932400000002,1.69582178,0.847671361409987,1
1.0057819906229577,-1.697083224250446,1.8870550520488647,-1.5644669211816422,-1.3598950914560646,0.34782269205054,NORMAL,3582185,1.4761195574676547,0.5887080031720406,2.5952121999999997,-2.6255414000000004,1.4374065200000001,2.1859669551387504,1
-0.7051501431810809,-0.9589078177340369,-1.5966198152857487,0.19759466663858638,-2.2845128624009203,-0.042976034495982085,NORMAL,3582186,0.5998118419674519,1.2300622245525827,-1.6861548,0.6667820000000001,-3.4311609,2.10462362019372,1
0.4014803808181945,-1.021017910298864,-0.09582988449491633,0.9188530930035019,-1.2098261775889627,0.09433163202388993,NORMAL,3582186,-0.41608710740702093,0.28311878417491637,1.0906045500000001,-0.05610305000000004,1.47816657,0.0494545491423551,1
-1.0002753093659587,-0.15016940640350895,0.4408532999542587,0.42584098498795214,1.6947322543821814,0.8706480579284515,NORMAL,3582187,-0.44715265328253756,0.8489126802601977,-1.38145578,0.78662348,0.52859306,-0.11403040242130176,1
-1.4991918767221297,-2.9540006031947583,0.7101244445318237,1.7770591519528514,3.1470114703677536,1.1347011463964096,NORMAL,3582187,2.081157608141381,2.363242528763376,-0.49169136999999996,-2.5326557299999997,0.26521206999999997,0.8096903134085907,1
1.6433886668989706,0.8807294220299844,0.5752966699272709,0.7088664430565703,1.0896158681607095,0.669967624240612,NORMAL,3582188,0.552887737636122,0.2884157247194208,3.0970704,3.4638500999999997,-0.13279533999999993,2.876816508118079,1
0.19297127896825295,-0.6426320788473061,-0.33757696298553314,-0.40497561619506267,2.295007751356358,1.2403224682357838,NORMAL,3582188,-0.8053405508590464,1.5138866440946466,-1.4294127699999999,-1.3760279999999998,-0.8991127000000001,0.3919957130231932,1
-0.24758858982313445,-0.5446080858377682,0.6333096145801161,0.8640739383384772,0.741068941911056,0.7491835594262187,NORMAL,3582189,-0.6776115692016856,0.10882565318177183,-0.43417978,0.0885435,0.95625114,-0.7390986376477756,1
0.0713435232038093,0.699697090765753,-1.0819734809726438,0.6175679067493607,-0.9435749708213998,0.9181775706265882,NORMAL,3582190,-0.2836464041981209,0.3133296747841777,0.31431341,1.1239609,-1.6894263999999999,0.2662797706012177,1
-0.7104164080426719,0.8343485472110097,-1.164668652976845,-2.1670371143406584,0.010088373348571506,1.4357217969281686,NORMAL,3582190,0.052325627299854835,0.7319230160561719,-0.7704386599999999,0.12162850000000003,-0.0814486000000001,-1.0104154118559827,1
-0.16928508611899368,1.5398661168790195,-1.4376385841813928,0.7636455379385061,-0.3529814425348887,1.192792955537647,NORMAL,3582191,0.5921704811169773,0.23937865308030026,0.53329478,0.6372827000000001,-0.2688550999999999,-0.9207118709971214,1
-0.3283292275533183,1.4274325908081855,-2.338952969504087,0.38019170936146124,-0.40623169181311286,0.7703078410845317,NORMAL,3582191,1.4075732297779109,-0.13272387097000204,-0.1567409,-0.10155940000000019,-0.8877277000000001,-0.8867419106226122,1
0.4553670555039573,-0.8301624774950132,-1.910784833679219,-0.9071175285202852,0.8185238513929658,-0.2278132742305248,NORMAL,3582192,0.7982581884693689,-0.08862616766087471,0.7723469700000001,-2.0392494,0.4217138,0.4349437759212424,1
0.7961758212888054,3.1358468641228425,2.072452692081547,-1.2631817498732731,1.0460475479465938,-0.28590497962913297,NORMAL,3582192,2.51156188859538,0.20126799985166197,0.33587325,3.5824326,3.923193,3.5557807181099164,1
1.183374850418818,3.5902080848086535,-0.27717336083944016,0.30715290123977457,-0.6966875270855158,-0.0693813533366512,NORMAL,3582193,2.3524010286189316,-0.3006377735212793,0.3815917,0.4104171999999999,-2.31420708,0.5959789512954036,1
1.1336686159263631,2.577410286429126,1.4426471125170308,-1.6101161519708165,0.6975005107509797,0.7967131067052321,NORMAL,3582193,1.763017222629101,0.3009987495925735,-0.048986399999999986,-0.914844,1.69389538,0.13794795562465834,1
-0.029334633180950805,-0.7277174605295214,-0.479450832554131,-0.7975592939190969,-1.045234516732861,0.0996126937932491,NORMAL,3582194,-0.6852853433860527,0.10361510652493373,-1.146160898,-2.98546886,-1.89312366,1.9391111888641017,1
-0.9863052176441639,1.6642122867552045,2.489825597339718,0.343672312773504,-0.9290521842088422,0.30029312748108844,NORMAL,3582194,1.8644559726795322,-0.0189707754039655,-0.9431119520000001,2.16059176,2.92451666,1.9794684786821557,1
0.04380952808809715,-0.2901099305648921,-1.3190361350342992,1.2657875100468172,2.246598383400718,0.9340207991607614,NORMAL,3582195,-0.12148951237736275,1.4398714434326183,1.015196856,-1.7653079,-3.7514458,2.494661270945594,1
-1.3232525632111343,-0.45707796904204345,0.29765774692998215,0.5171395212951618,-0.25616283341899154,0.2263582367744028,NORMAL,3582195,-0.06072115541823842,-0.5469003973139872,-1.347264606,-0.15081955000000002,1.59232335,0.3044151958149002,1
0.33406988723313713,0.4680256113205083,0.44701053599030743,-0.14020988631196757,-1.5148048153233464,-0.291186032753273,NORMAL,3582196,-0.909871756468042,0.4907780133181314,1.63332148,0.83563122,0.1471014,0.05222085274162963,1
1.0948005371640868,-0.6410196290817288,-1.6010815731719796,0.1884648174915971,0.7555917364483251,0.02039673267198521,NORMAL,3582197,0.7147837105171443,-0.27125359789044456,0.74971392,-1.00178277,-2.01721855,0.5886168047949528,1
0.3152961299080171,0.326190112724701,-0.32788264795216143,-0.7884294148805632,0.9298652550461322,0.11545588774654571,NORMAL,3582197,-1.0982850290319188,-0.01681852058661034,-0.7682158000000001,0.87366504,1.25400634,-0.07856430976829344,1
0.671820536056943,-1.5644714364959549,-0.9077468358925253,-0.3136770798878531,0.6539321905368639,-0.11162986343330855,NORMAL,3582198,0.5148509046228241,-0.36416079658137823,0.3513613,-1.7078042400000002,-0.5711231400000001,0.046356430434232945,1
0.8918349350284307,-3.4294101331239717,-0.16347518011609816,-1.6648953365273855,-0.33361769535263264,-0.9777243394169759,NORMAL,3582198,2.236764033820907,0.21100062823633098,0.21682820000000003,-1.6845692,0.73305228,0.061623942635307315,1
1.1028118552684643,0.27984953531147083,-1.052800518929943,0.5080096572024002,-0.41107259690983095,-0.9618811108828027,NORMAL,3582199,0.11832455260829722,-0.07176184895211563,0.20792160000000004,3.3505147400000004,-0.8759193799999999,1.690727545247628,1
0.7167160426718073,-0.625862645568166,-0.7143735688489203,0.19759466663858638,-2.347444898098446,-1.5639224119463206,NORMAL,3582199,-0.28025245156700657,1.6511835523093903,-0.38050446000000004,-0.81811528,0.3333253999999999,-0.831703202904808,1
1.653229073450266,-0.7744235708391458,-0.9769694180067867,0.215854364932565,0.0681795435729367,-0.5288339247622839,NORMAL,3582200,0.7602993775510382,-0.5775489752366193,0.9229506599999999,-0.13419269999999994,-0.2586373999999999,-0.8256890781310563,1
2.593237767638893,0.43888430987126614,-0.8267364610293894,0.80016497936378,2.4983266846850514,-0.1327541191559643,NORMAL,3582200,1.55673122426375,1.4536576178273402,0.9263957000000003,1.09596154,0.14796829999999994,-0.3480620402115328,1
-0.39164518498807,-1.7409790554794509,0.990051387838444,-0.03978150384692309,-0.3384586400729081,-0.5974877191187339,NORMAL,3582201,0.611427172902086,-0.4285646233889147,-2.9416565500000003,-1.9690356,1.78940104,2.1907466364872747,1
1.4813144445148034,-0.776535154900163,-0.16717397689613103,0.30715290123977457,-0.5078912139504397,-0.6767036888852168,NORMAL,3582201,0.30904448095256015,-0.24934395738041515,1.84583585,0.8711667000000001,-1.139781,0.552390877202905,1
1.0325523732749609,-0.9368683472993401,0.359320114080005,2.1057339304852767,1.5640272144927196,-0.19084582455457247,NORMAL,3582202,0.012111953016827345,0.8656902701741004,-0.44226319999999997,-0.14482640000000002,0.5185575600000001,-1.0983990620220645,1
1.4754736595829556,-0.330957406968624,-1.8843916752357244,-0.20411884528666485,0.8862968555849017,-0.5341149778864238,NORMAL,3582202,1.159065694808285,-0.055854114106359626,0.436507,0.54730963,-2.2098894000000002,0.532633091948518,1
0.13781994984172038,-0.7862825880968525,0.6669425069600216,-0.5510532473842081,-0.01895721255608223,-0.6344551947303436,NORMAL,3582203,-0.4730127432181904,-0.4355978789635735,-1.31828211,-0.41128792999999997,2.5128746,1.0851111630694699,1
1.1630717251313305,0.03218934054052403,-1.0596520002288081,0.47149026061444305,0.8136828828985558,-0.7242332880355449,NORMAL,3582204,0.16494955779515372,0.000694399250461757,1.01040431,0.73931256,-1.7005673,0.3250148315092731,1
1.0572137132458819,-0.06065887138832253,-1.0624047967146286,0.8732037725396944,-1.0839620269467962,-1.4741443186411194,NORMAL,3582204,0.08072721462800869,0.7015390919321791,-0.104325,-0.0838683,-0.002711300000000083,-1.6646304069921989,1
1.1614181788464657,1.2182318193926844,-1.0615255425720695,-0.5327935341444574,-0.1932307184743509,-1.1995289337300608,NORMAL,3582205,0.5298231137083036,0.052427787672787406,0.10269539999999999,1.1552014400000001,0.0008660000000000334,-0.6326400402036626,1
0.6503366106886399,1.08046716693934,-0.3026088531341056,0.07890658289040886,0.7555917364483251,-0.44961793770536257,NORMAL,3582205,-0.32387050967755876,-0.20625093495502686,-0.5036802,-0.12444060000000001,0.74747655,-0.8839970959870574,1
0.30051541898147704,0.998577015269764,1.2862113526145336,-0.13108003417582384,0.7362280209649149,0.025677794441344378,NORMAL,3582206,0.1433304152402307,-0.29551696587683374,-0.34475516,-0.07397006000000006,1.56486985,-0.18564539707855357,1
0.6847647918539265,-0.3136610629679413,-1.1366110034925752,-0.3958457670480734,-0.11093489597101143,0.12073694951590486,NORMAL,3582206,-0.08261089654907447,-0.7286793270850859,0.37868476,-1.1853236,-2.3863,0.9079833767469948,1
-1.3698314075436837,-1.9202720665743045,0.2561053942125566,-0.03065165096349074,-0.6966875270855158,-0.02713284227172931,NORMAL,3582207,0.9698737851355543,-0.320556048551135,-2.024842,-1.45122594,1.37172217,1.0615261246183556,1
0.26661997276371124,-0.5399605550352389,-0.09150558875459895,-0.66974136102393,0.04881582016481496,0.14186120523856063,NORMAL,3582207,-0.951904871124324,-0.6255889745313494,1.61275266,1.24681324,-0.34237099,0.2800712537403369,1
-0.5168768517802997,0.24965338284256858,5.02174795990219,-1.646635638233407,-2.047307149611358,-1.0780645562608955,NORMAL,3582208,4.241237383389586,1.3438562220506938,-0.7721504,0.7132455999999999,5.03617482,3.376068686282952,1
-0.04543006915957619,-2.4247930402320743,-0.7037651544048917,-0.4780144392625216,-1.4131452694118851,-0.5393960569462212,NORMAL,3582208,1.110594823820701,0.4584580004665802,0.4646193965,-2.41578454,-5.6392050000000005,4.389812308432929,1
1.5438571742400216,1.3255061704566224,0.34696400434926283,-0.20411884528666485,-0.48368657752088823,0.45872504107839707,NORMAL,3582209,0.6204940488622763,-0.3304676555634939,1.5662715434999999,3.3875851,1.0348901499999998,2.0967557087119775,1
-0.13652738649108448,1.398423994030004,0.5843558101435699,-0.3958457670480734,-0.55630058190608,0.5696274073966924,NORMAL,3582210,-0.1307910445908053,-0.19366476978453107,-1.65604961,0.06586549999999991,0.23381329000000006,-0.11556228570960399,1
-1.7554177825803385,0.2151148262134914,0.08018326082957014,-0.012391945346083759,0.0439748912939624,0.8178373537826686,NORMAL,3582210,0.3093622939266466,-0.21757815928827423,-1.59544599,-1.068864184,-0.4965725000000001,0.19607263084048454,1
-1.3374223671198382,-0.6410959838090423,1.0417812392456427,-0.3867159029553119,2.251439272648013,1.4938136060694058,NORMAL,3582211,0.39618265435729183,1.590085798527534,0.4119421000000001,-0.773401486,0.9471025599999999,-0.501328779078351,1
-1.405055413666763,-1.16657186308047,0.020167931627123225,1.1653590947010741,-0.05284372574664624,0.8706480579284515,NORMAL,3582211,0.3793192638617195,0.03180951220038343,-0.06665359999999998,-0.4746539299999999,-1.0062132,-0.6781250614148935,1
-1.5044927426688421,-0.19033632162022326,0.29434820793945937,0.19759466663858638,-0.4691637829836191,1.430440778384905,NORMAL,3582212,0.06614793447573554,0.41315631291167015,-0.09799730000000006,0.8818178999999999,0.27004720000000004,-0.8663499258176212,1
-0.015134656314265329,-1.267221940600084,-0.7732550358703214,1.6035920032142825,0.1892028128925196,1.1980739740809105,NORMAL,3582212,-0.006437152382770291,0.41086911885728816,1.467789538,-0.9727334999999999,-1.05150987,0.2638402801405803,1
-0.06238832023205669,0.2373782284462537,0.06965719777526798,0.5901783294168483,-1.0839620269467962,0.42175759140244473,NORMAL,3582213,-1.5281523650075453,0.18561878855766648,-0.046569347,1.35908119,0.83020592,-0.1965417117533982,1
0.5152035440540106,0.12112582572601957,-0.6414298938565074,-0.5419233683456743,0.04881582016481496,0.6330001486290023,NORMAL,3582213,-0.7268075742782786,-0.3276682966392975,0.569227309,-0.10500892999999999,-0.70036795,-0.8852907337682491,1
0.70006732976127,0.8980193007326025,-0.6208521994750797,-0.24976812091315578,0.571636360108813,0.8653669529329967,NORMAL,3582214,-0.2840273772311365,-0.005414145999872454,0.18218663000000002,0.70175541,0.020267499999999994,-1.0696857791733105,1
-1.3464266653385804,-0.32930281098775277,0.9336767393569999,-0.29541736664810225,-0.5466186845408175,1.1875118505421922,NORMAL,3582214,0.22893941135766582,0.24444290715646438,-2.01685713,-1.10862037,1.5310955,0.9814062771850962,1
-2.0749945209259573,-0.8811265622573481,0.3050804895952571,0.005867759822950055,-0.5078912139504397,1.0026746021624304,NORMAL,3582215,0.9207992997036278,0.0721215349218348,-0.7180169000000003,-0.49845354000000003,-0.6191206,-0.7217983275718839,1
0.07140992989048883,3.2772589853318665,-0.91198202846477,-0.6514816477841793,-0.3578223793304528,0.6330001486290023,NORMAL,3582215,1.8986469430645951,-0.21862197641615455,2.1153207050000002,3.75620294,-1.19871615,2.701801139787449,1
-0.026611195976766682,-0.7008583428727592,-0.1244383978678546,0.39845143754698426,0.9589107965724016,0.9023343853185108,NORMAL,3582216,-0.8647720215831937,0.2766189294160987,-0.096601606,-3.5933695500000002,0.77567196,1.900018835940901,1
0.38575931183812245,-0.43865810237119685,-0.34817274703518114,0.38019170936146124,0.5232270238520186,0.601313734786752,NORMAL,3582217,-0.8671968243136724,-0.20284033119511774,0.406398651,0.23684127000000005,-0.22036171,-1.2767803697579123,1
0.36829653990821937,2.308947419458366,0.13422145895249096,0.03325731922053572,0.1892028128925196,0.7439024890116404,NORMAL,3582217,0.7417149512749559,-0.26309732729666835,-0.017209879999999955,2.48186798,0.47512245,0.7427503436761478,1
-0.5683795624359246,0.7984013792651278,-0.5725006333609357,-0.17672929784569696,-0.18838978960349834,0.8336805823168418,NORMAL,3582218,-0.5253745710345005,-0.17746630717621378,-0.92311137,-1.364452,-0.69606875,-0.00024886660406934965,1
-1.1472789530233913,-0.031690848783782144,-0.5694128369855802,1.3205665451456643,-0.4982093562087345,0.6382812017531425,NORMAL,3582218,-0.2531176214331557,0.051468341234087826,-0.5705159000000001,-0.74980899,0.0030412499999999953,-0.8515106095725332,1
0.838951996219563,0.7508420267424407,-0.8641862910808152,-0.23150840767340497,0.4070446992527112,0.601313734786752,NORMAL,3582219,-0.10255768416142491,-0.28960158593194313,1.9574668000000002,0.70684939,-0.29032995000000006,0.31455059113947664,1
0.8198117109188545,0.4510289073153981,0.8604561500749317,-0.8523384336383494,0.910501539562722,0.26332567780513605,NORMAL,3582219,-0.2243950184603009,0.010330452896359494,-0.01886310000000002,-0.27081638,1.69864466,-0.06885493604051847,1
1.2620307271091793,-0.16983295729450623,0.6495823649348028,-0.30454723074086376,-1.035552658991156,-0.7506386401084362,NORMAL,3582220,0.022083974007248396,0.18608907152093707,0.4358149,-0.5608145600000001,-0.20769501,-1.054910741313361,1
0.5723148166402839,-0.9143621354838212,-0.3953362235274548,-0.18585914699268627,-0.16418513732452403,-1.3157124655603445,NORMAL,3582220,-0.3463017519128141,0.11993130925771062,-0.6797276,-0.67252126,-1.02916717,-0.3861233713259711,1
2.1000759086734893,0.5507343427917769,-0.8189748197033236,-0.5236637298347847,0.08754326698105841,-0.5605202953784388,NORMAL,3582221,1.0274427163100053,-0.4952850382416436,1.5056363999999998,1.3233981400000001,-0.41725254000000006,0.2604368134186635,1
-0.5796766645238867,0.47926676085513475,1.2413320281194864,0.1884648174915971,-1.568055072526282,-1.8174135497799428,NORMAL,3582221,-0.05985436067178639,1.1857199439293515,-2.640945,-0.06455551999999998,2.02924916,1.5517072800327032,1
1.8612183269738318,0.6661636045753824,0.24209355552331435,-0.7610398973311397,0.741068941911056,-0.924913721723384,NORMAL,3582222,0.6294282931122217,0.10244950349886431,2.4055465,0.16882091999999993,-0.9841756500000001,0.8207818641788092,1
1.2099003872690672,-0.39119309448910194,1.2182746543011393,-0.08543076751679624,0.5280679606475827,-1.2312153907984067,NORMAL,3582222,0.4076223510255697,0.14511399107554285,-0.6418857,-0.9550933399999999,0.96146585,-0.29082585674985406,1
0.501472798489355,-1.0858084445886587,0.04690381135478817,-1.464038505835899,-0.96777965479922,-0.9513189873440844,NORMAL,3582223,-0.3048370157286524,0.43371507522855474,-0.6981683,-0.6274349000000001,-1.153713245,-0.30310849862632727,1
0.6994395483725961,-0.22072012272301872,-1.542725902158439,-1.0440653553997579,0.7313870524705051,-0.6027687981785311,NORMAL,3582224,0.31429131609167144,-0.010281056801546326,0.19509984000000002,0.7814204,-1.5656671549999999,-0.028134044560535632,1
1.126351348913571,-0.8251433913266596,2.2061737436080917,-0.03065165096349074,0.8233647406402611,-0.8879462461117744,NORMAL,3582224,1.3900913567718671,0.06872527326161867,0.42072935999999994,-0.54596584,3.6923876,1.979254697839533,1
0.019334277014676566,-0.6387130454314849,0.7626337354456059,0.7727754020312676,1.2880941499834513,-0.1697215688319167,NORMAL,3582225,-0.5224707530591979,0.3049539912004588,-1.0909855,0.16839954000000001,-1.42177965,0.01143821947057549,1
0.23985807295838302,1.3095501690962983,0.23475697164157006,-0.2862875324468852,0.179520947226103,0.067926314531875,NORMAL,3582225,-0.32279945679677213,-0.7645946500234608,0.21733022000000002,1.7598349,-0.51991939,0.059560190024809556,1
-0.7930802268480233,-1.0698433652413262,0.28021144612123267,0.6540872883915456,-0.5514596134116702,-0.0852245450767717,NORMAL,3582226,-0.15531002707260397,-0.36045326230579317,-1.01797952,-2.149268,0.04476928000000002,0.593449207353128,1
-0.818912290982597,0.6926571118407394,-0.4362204750861873,0.5993081935096098,-0.41107259690983095,-0.053538161492788054,NORMAL,3582226,-0.483070211924999,-0.4886375785588217,-0.025457970000000052,1.5920384,-0.7056322100000001,-0.047333796762022665,1
-0.6071401444545715,-0.6159752785229567,-1.4371814938638638,0.7362559606059937,0.4167265569944163,-0.0007275230506705625,NORMAL,3582227,0.24167912014684875,-0.4492141173832357,0.20870531000000003,-1.18206664,-0.98587223,-0.23673717671688732,1
-1.6327811870252706,-0.2102692562403369,-2.130618980010786,0.6540872883915456,-0.2222763154736007,-0.38096414334891254,NORMAL,3582227,1.4239092516371252,-0.5087107956072001,-1.01078794,0.36646774000000004,-0.6829844,-0.5179601440947167,1
-0.9763028151034363,-1.004607400698747,1.485127981976319,-2.1670371143406584,0.8378875668763761,0.9128965175024483,NORMAL,3582228,0.6660196435012807,0.617101600302595,0.6469713999999999,-0.7175129,3.5612421000000003,1.9126543150012605,1
-0.17023232380176676,-0.01428076424831376,0.3448957772694707,-0.2406382717661665,-0.2610037543651327,0.23163930718898107,NORMAL,3582228,-1.2664700367306898,-0.6177073482873972,0.79439716,0.89454616,-1.1230440000000002,-0.14864253142827294,1
-0.9856318155872478,0.8611440636051338,-0.1632185922328331,-0.14020988631196757,0.7168642737826587,0.1471422756531389,NORMAL,3582229,-0.31202328949632,-0.29253573006524614,-0.80359106,0.7907572,-0.5004549,-0.5584625698835435,1
-0.48427700818794317,1.4357894313852104,0.39886038608494034,-0.15846959955171838,-0.8273926779209384,-0.17500263060127583,NORMAL,3582229,-0.09361250062392193,-0.18564059841244981,0.49409430000000004,0.5190679399999999,0.55360603,-0.8883524468238883,1
-0.24257173688889974,-0.041124161488549305,-1.123758257313989,-0.5145338956335676,0.07786140923935328,0.0837694998399525,NORMAL,3582230,-0.3784862304472807,-0.7153204237602144,0.23820495,-1.33407235,-1.4996662299999999,0.23399868393312423,1
0.7288790445251427,-0.2982383822736447,-0.0677684418311123,1.9140070236696405,0.135952571539007,-0.5974877191187339,NORMAL,3582231,-0.7223964151104019,0.10390010600107485,0.95738245,-0.23224715,1.0400715059999999,-0.35819669642399554,1
-0.427277879646468,-0.35954546046328345,-0.03943201192657042,0.13368569271811687,-1.9214430782163059,-0.645017318269062,NORMAL,3582231,-1.0613571570723588,0.9438013743862548,-1.13941372,-0.055377699999999974,0.027909278000000003,-0.6514087758298758,1
0.0034932204007157206,-0.6408937993252197,-0.6779830471313254,-0.22237855852641567,0.7217051947287999,-0.042976034495982085,NORMAL,3582232,-0.6098532867701176,-0.3089127026269406,0.42453277,-0.25413744,-0.628925324,-0.9943157370639529,1
0.06267170589877381,-1.0628110251102585,1.2309986598038867,-0.05804120811921057,0.12627071379730187,-0.41793156708920753,NORMAL,3582232,0.19747606756030808,-0.6782817834660173,0.058321476000000004,-0.38111106000000006,1.8802051400000002,0.13145912062735915,1
0.29399175474535144,-0.5057868161343112,0.08639084584128805,-0.7153905768673321,0.12627071379730187,-0.46546113165865916,NORMAL,3582233,-0.9656128186459091,-0.4945937993439165,0.227970124,0.50315103,-1.12735365,-0.5364158663487888,1
0.707772281131609,-0.2656980057205612,-0.509920379712552,0.7910351152710184,0.21824840196705797,-0.6027687981785311,NORMAL,3582233,-0.5941827654949855,-0.34250307662187945,0.40778825,0.21686836999999998,-0.58732225,-1.0476825761170252,1
0.9820040437519407,-0.6658692900313186,-0.41312529130910025,-1.4092594109539631,0.3102260742873911,-0.38624519647305255,NORMAL,3582234,-0.19251139140685547,-0.1865121973206869,0.27026039999999996,-0.3614683,0.09533597000000005,-1.3352717336417124,1
0.24274105363520346,-0.7041271377923141,0.12918935347436336,-1.1444937109624123,-0.377186094813863,-0.9090704931892112,NORMAL,3582234,-0.7944445962789983,0.010368607404624546,-0.72855715,-0.034557700000000025,0.53413963,-0.8898786425118305,1
1.1390007344660884,-0.0854431929728834,0.14688062707701197,0.562788752084336,-0.1690260661953766,-1.1784048595570062,NORMAL,3582235,-0.3056637759580262,0.04113147559332863,0.88328025,0.5588472800000001,0.01742458999999999,-0.7477098562536219,1
0.1507298785211185,-0.01222101770725773,-0.317426295740155,-1.0440653553997579,-0.08673024369203713,-0.9037894746459476,NORMAL,3582235,-1.281251098410624,-0.09184030958343355,-0.9739589399999999,0.066140416,-0.45730782000000003,-0.7148770968413408,1
0.6393013505366187,0.442959551087927,-0.9007297583457947,0.19759466663858638,0.10206606151832757,-1.0886266797996138,NORMAL,3582236,-0.34147766492883214,-0.08754825226376924,0.48149608999999993,0.411157304,-0.5745105699999999,-0.939258123485269,1
1.0478658394429132,0.09260102808766318,-0.6771987443137226,-0.021521797930600665,-0.648278270075836,-1.3315556076423265,NORMAL,3582237,-0.21388522458722392,0.2879245989367175,0.40264774999999997,-0.316473232,0.22016143999999993,-1.238537937178659,1
0.7946302993887507,-0.3743628054848579,-1.0622052892792788,-0.9984160648274948,-0.982302481035335,-1.1572805260273784,NORMAL,3582237,-0.06033777901117217,0.4512628587474111,-0.24956823999999989,-0.421800938,-0.37920283999999993,-1.1759444812726816,1
1.53056802375586,0.12979434680919033,0.6285244211284654,-0.6971308785733534,0.44093120927339063,-0.41793156708920753,NORMAL,3582238,0.28009668676116967,-0.38217095155699465,0.7252800399999999,0.455397066,1.6652431399999998,0.0844049832508523,1
-0.8470423948104147,-1.2096079425154842,0.9475917687131094,-0.706260742666115,-1.045234516732861,-0.9196326513088059,NORMAL,3582238,0.30950530246203223,0.31674662730257014,-2.3431784,-1.209860596,0.31425762999999995,0.8722720990678686,1
-0.5211122985666997,-0.09450202764283824,-0.12969126517650548,0.08803643203739817,0.4651358774017878,-0.11691092866075536,NORMAL,3582239,-1.1075409003056045,-0.5612529359874039,0.32121005,1.00725728,-1.061043744,-0.29253082345381726,1
1.1803268093749388,1.7518334601889098,0.596098990390107,-0.377586083699867,-0.05284372574664624,-0.1327541191559643,NORMAL,3582239,0.6973273274472462,-0.8095927722354693,1.6767992500000002,1.66776522,0.714849474,0.686067848596409,1
-0.04985712123055156,-1.4331535940116362,0.6262393350506257,-0.27715766835412364,0.3683172682858907,0.0362399179800627,NORMAL,3582240,0.07931718106626724,-0.6261244986975116,-1.212368684,-2.8769476999999997,0.02968599999999999,1.3414095138586906,1
-0.5855808983077181,-0.2802397009878403,0.17938062181563538,-0.4780144392625216,-0.28520840664410696,-0.10106773643650258,NORMAL,3582240,-0.9378065852997456,-0.6381156411881911,-0.527965546,1.04140862,-0.44012263000000007,-0.5440795780719273,1
-0.07719455377132575,-0.3617004638719189,-0.17386085694604508,0.35280216192049335,-0.7838242784597079,-0.259499662137118,NORMAL,3582241,-1.2029031535767951,-0.194452809824172,0.501024008,-0.07358219999999999,-0.34791660999999996,-1.18125096590591,1
0.13148522173608188,-0.4706950381203695,-1.5717938816626402,-0.15846959955171838,0.15047537400098765,-0.1538783748786201,NORMAL,3582241,0.22713812841428666,-0.8394352839753773,0.20565772200000002,-0.09845304999999999,-1.37686016,-0.39537952481864225,1
0.6624397455618531,-0.1584542983981343,1.2593080034012516,0.5080096572024002,1.2203210665444009,0.3108552510198067,NORMAL,3582242,0.008008006190857687,0.24767493449949612,0.52326536,0.28204205,2.788425,1.0687692380254508,1
-0.6164303227238156,0.031013209828574844,0.13274775387699084,0.03325731922053572,0.05365674903566752,-0.04825709799438507,NORMAL,3582242,-1.0207525710580017,-0.9560036531552414,-1.26034976,0.17114296,-1.10957814,-0.10136965488275883,1
-0.18800355273653985,-0.627791297120248,-0.09918397506947549,-0.6880011041552253,-0.5272549294338499,-0.0007275230506705625,NORMAL,3582243,-0.9283727867633381,-0.3813427275588144,0.42222239,-0.59508754,-0.22843552,-1.0301731091396773,1
-0.5439499787066968,-1.4546304506661296,0.010201525002915069,0.7362559606059937,0.7313870524705051,0.057364182347937574,NORMAL,3582244,0.042558049148262986,-0.19720138032779508,-0.35079169,-0.7468705400000001,0.10773659000000001,-0.9621985634888018,1
-0.25442204031402765,0.619618229989386,-0.9505801887936983,-0.18585914699268627,-0.7112103057733621,-0.20668901850786905,NORMAL,3582244,-0.4422725472098106,-0.29177201956636184,0.28533506,1.87363555,-0.9462986,0.3316683752495364,1
0.38901291985662784,0.2868930679362769,0.9969019147505956,0.4988797931096387,0.3441125843080705,-0.14859730878665137,NORMAL,3582245,-0.4130654506711266,-0.5815931031342453,0.63411688,-0.3005453,1.9181251700000002,0.25532400685142354,1
0.40976040019386256,1.4082100640250588,-1.2559048753545448,-0.11282032392522746,0.21824840196705797,0.04152098839464097,NORMAL,3582245,0.40154642346957964,-0.7805548498124879,0.020447020000000038,1.01286765,-2.2188473,0.6544119061611846,1
-0.49359996109206766,-0.024747174016068504,0.9086363123965274,-0.5967025379564713,-0.8612791403933489,-0.39152626688763087,NORMAL,3582246,-0.5101837844558542,-0.06574627802918472,-0.8902781,-1.2943672800000001,2.13191224,0.8646905340406031,1
0.4273331244282747,0.8698128105309082,-1.0559260338865872,0.0697767292596879,-0.1690260661953766,-0.23309433599988397,NORMAL,3582246,-0.12194440962442085,-0.7775261770324812,0.90759634,0.80804168,-1.93494794,0.4991932669185516,1
-0.7306772713009714,0.3726385410518773,0.7250425749361613,0.3254126144795254,0.905660571068312,0.1629854609612164,NORMAL,3582247,-0.4930613148051952,-0.09522399054197096,-1.14124035,-0.44908953999999995,1.75412175,0.3537890609259033,1
-0.6386769940066579,0.15901578252814177,0.0642455306705188,-0.49627415250227236,-0.29973120118137614,-0.03241390577013229,NORMAL,3582247,-1.0065712347524953,-0.6209380604633424,0.09066794999999994,-0.19296201000000002,-0.6508359899999999,-1.1103623858713996,1
-0.4718506829445825,-2.5716018033032744,0.0350880083711736,0.9279829421504913,0.42640843851025584,0.009834600488047773,NORMAL,3582248,1.1931954617877092,-0.36896529738783196,0.16441037000000003,-2.4665230499999997,-0.028717992999999997,0.6875912234882514,1
-1.036088964655458,-0.7945538520402494,-0.18480521551327211,0.3254126144795254,0.3344307503404998,0.1471422756531389,NORMAL,3582248,-0.19874406829841876,-0.5986654564124946,-0.55606711,1.6051788999999999,-0.216578487,-0.07658411686847147,1
-0.12104268046609129,-0.6825153844650191,0.2096381022156772,-0.4506248768757814,0.11658884813088527,0.14186120523856063,NORMAL,3582249,-0.8515480937154002,-0.70273867296372,0.90179479,0.10120255,0.38849736,-0.806306870381327,1
-0.9386179716889635,0.0009721470182099244,0.5418448470436518,0.38019170936146124,0.22308932291319905,0.4111954678637264,NORMAL,3582249,-0.47658847912351654,-0.4904119227072869,-0.80573535,0.6173833200000001,0.32719896000000004,-0.7264495842480287,1
-0.8722282709966632,-0.04319778406486914,0.6316674297905095,0.9462425657156086,1.1089795836441199,0.6118758669706892,NORMAL,3582250,-0.47680251651543915,0.31971505094794606,0.06542826000000002,-0.039897989999999994,0.08846856999999997,-1.6815704893170036,1
-1.435506600901699,-0.9008173360386548,-0.3212277195510538,0.27976335379880674,-0.38202701576000414,0.44816290889445964,NORMAL,3582251,0.27148664247912163,-0.39085530005732727,-0.5551210599999999,-0.77467398,-0.93853092,-0.45375754517042677,1
-1.645285065375254,-0.7675374748646404,1.0697216210007379,0.30715290123977457,-0.2755265489024018,0.5643463024012378,NORMAL,3582251,0.7368936702159941,-0.35726958165690004,-0.20674050000000022,0.12038956,1.36998175,-0.40030647838773453,1
-1.3908368029488412,-0.6869928801425947,-0.6632440266845961,0.8184246328204419,-0.982302481035335,0.12601800264004492,NORMAL,3582252,0.23393771531136084,0.06465532739490204,0.2507634000000001,0.07275463999999998,-1.7068424000000002,-0.0623189085335343,1
-0.43413019330957264,-0.42349197444633035,0.9166642377687468,0.46236042641322594,-0.3529814425348887,0.5168167032509097,NORMAL,3582252,-0.41659980946959846,-0.330717526389316,0.9428518,0.23801614000000004,1.55609225,0.04657917706756062,1
-0.3362316080477651,0.8025662932802862,-1.5509266222910763,0.7179963071493318,1.0460475479465938,0.7755888942086718,NORMAL,3582253,0.2882690475011073,0.3073509472479248,0.09648084000000001,1.10747876,-2.43039365,0.8891929916368291,1
-0.516176732815136,-0.8142739410771637,-0.561462338773767,0.5719186161770975,0.44093120927339063,0.3583848242344775,NORMAL,3582253,-0.42638015360484777,-0.3649152360648014,-0.17733920000000003,-1.46046584,0.9745487999999999,-0.024093618823279907,1
-0.16088409485569574,0.8179008953591697,0.34425090628950944,-0.18585914699268627,-0.15450328750753037,0.057364182347937574,NORMAL,3582254,-0.8120794081907394,-0.7975760004193235,0.35014737,1.47431734,0.89206025,-0.030423530665054772,1
-0.0038689509059462914,-0.3807862894555584,0.8207774006190683,0.5171395212951618,0.6442503327951588,-0.3281534910744445,NORMAL,3582254,-0.6227495450847333,-0.29353715069397174,0.154741286,-1.0827549,0.46934319,-0.6020117845543347,1
0.654102852555069,0.8357414646810057,-0.5663085622098394,-0.9436368802709257,-0.4207544625762476,-0.924913721723384,NORMAL,3582255,-0.3906739048336059,-0.016529878602545657,0.648443204,1.09887,-1.3661766100000001,0.08117356620222584,1
1.1322204438241545,1.0472257926577542,0.42674560631859726,-0.30454723074086376,0.4602949564556468,-0.6238930711916252,NORMAL,3582255,0.08721591624616878,-0.3324895256741697,0.4711936000000001,0.19103040000000004,0.97808457,-0.6903944405946186,1
0.5234804483173231,1.2931516712228939,0.06071038075272344,0.11542599442413828,-0.20291257621605602,-1.215372248716425,NORMAL,3582256,-0.2491168930221499,0.037547091975318865,-0.59992436,0.22214089999999997,-0.36051750000000005,-1.060612354539602,1
-0.8920560727558726,-0.24211946222503306,-0.17501115691527572,-0.9162474075588188,-0.004434419603755364,-0.9671622158782576,NORMAL,3582256,-0.6404259193873054,-0.08441213836048628,-1.39503704,-1.38678578,-0.2321682,0.19320578343880299,1
1.4854554130890139,0.3465576615081997,-0.8173800801170447,-0.46888457516976007,0.47481774306820446,-0.6925468828385133,NORMAL,3582257,0.33699913395802533,-0.25626499745480275,2.3430809,0.5317426000000001,-0.63268566,0.7000681126390019,1
0.25687268473387026,0.12110410055320824,-1.752928662061433,-0.5601831114769696,-1.3550541229616544,-1.3632419782584815,NORMAL,3582258,0.3661564152423859,0.7748832047220672,-1.21079067,-0.20364858400000002,-0.92144584,-0.2550538540116312,1
1.1067322292413433,0.9168432042496181,-1.6512307368143002,0.5993081935096098,0.8814558870904918,-0.9513189873440844,NORMAL,3582258,0.8094448117131656,0.19271893796309864,0.8375520699999999,0.718778364,0.1001649,-0.6844770160883519,1
1.4974256635602476,0.41762335431755065,-1.3373054319347542,0.90059330503489,0.8814558870904918,-1.0516592041880042,NORMAL,3582259,0.7044110913556157,0.30172917102660746,0.3850355000000001,-0.45093727999999994,0.3091930999999999,-1.1265973903889777,1
2.1930304554840037,1.4476169413855686,0.12782797159261766,-0.9801563366419718,-0.12545769050828057,-1.115032031872505,NORMAL,3582259,1.3053345804074454,0.05544759270857437,0.6855312,0.93037668,1.44304754,0.06047795574762953,1
0.7489014748514237,-0.6295940967743892,-0.7898027714351359,-0.861468237948022,-1.2727582925336036,-1.669543733785695,NORMAL,3582260,-0.20201500269193953,0.9387829516649218,-1.42321543,-1.8763114,-0.9037980999999999,0.7382143696599284,1
1.013122392672136,-0.4153703201571182,0.5151971008677707,-0.6606114819853963,-0.009275350059550222,-1.1889669830957246,NORMAL,3582260,-0.23261067834750274,0.043549499104116464,0.2603945299999999,0.19350490000000004,1.28532791,-0.46576999956326515,1
0.4533956358485354,0.2918990353063319,0.17465352411691445,-0.021521797930600665,0.19404374968808366,-1.5427981648688842,NORMAL,3582261,-1.0594118581868743,0.3191118978337421,-0.55162092,0.63886506,-0.33541012000000003,-0.8856382888733872,1
1.639904713064236,-0.8033644480483879,-0.7973426701460343,-0.9071175285202852,-0.28036746192383144,-1.6220141346353671,NORMAL,3582261,0.6693958459965561,0.478167015060276,1.16932632,-0.98933393,-0.95734403,0.017727945416443798,1
1.7265280730531907,0.3776851933027321,0.24803969949379787,-0.3136770798878531,-0.14966234278725485,-1.6959490858585864,NORMAL,3582262,0.4104034790356813,0.45985119340946473,0.08536890000000019,1.06682319,1.02962396,-0.3053565942043526,1
1.1512755962497403,-0.03958043429876879,-0.9915680420761106,-0.5236637298347847,0.9298652550461322,-1.115032031872505,NORMAL,3582262,0.10630996612290432,0.3106737481889087,-0.5669218,-0.376909346,-1.22092152,-0.3930826373236947,1
0.3029999595382203,-0.2413402166768047,0.07012293341499545,-0.861468237948022,0.6345684750534537,-0.259499662137118,NORMAL,3582263,-1.178680255054906,-0.2442786382317015,-0.8359911,-0.182246374,1.045686725,-0.44012521707151964,1
-1.1722926964213698,-0.6101794930710234,-0.03630449783435264,-0.08543076751679624,0.6248865856129027,-0.0905056094396966,NORMAL,3582264,-0.1911966893742742,-0.41010964158601915,-1.4539278,-0.3331666,-0.104823112,-0.29510628732990873,1
-0.4987084003589435,-1.974485362159831,-0.0608966280340267,0.09716628118438747,-0.7547786735357466,-0.7242332880355449,NORMAL,3582264,0.5675177223217261,-0.060187774561394215,0.6638295999999999,-1.2323556,-0.024221421,-0.3909805955239953,1
-1.0815525175891694,-2.828302698911591,0.09125446145225896,0.20672452325846177,1.1912754140721706,-0.349277729506662,NORMAL,3582265,1.6589374703560535,0.17411999412919033,-0.5744035000000001,-0.7712395000000001,0.149857518,-0.8202640388983318,1
0.027534222782389383,-2.721403091579646,-0.8015343568984075,-0.021521797930600665,-0.29004932759024804,-0.9566000577586627,NORMAL,3582265,1.4522287886774403,-0.1648539493813924,1.0930251960000001,0.09656069999999994,-0.87933065,-0.38478102359014565,1
0.9440987072055945,-0.8970074598812515,-2.80821699721796,2.7356935963563993,2.39182632877341,-0.02713284227172931,NORMAL,3582266,1.9360077992427265,1.715568150451089,0.9032910040000001,1.6479473000000002,-1.9764332999999998,0.9442101535790987,1
-0.016351161467903684,1.2040473539849017,-2.151072299527937,-0.24976812091315578,2.43055375974023,-0.1327541191559643,NORMAL,3582266,1.0824572093349902,1.353354286104628,-0.94654085,1.8978491000000002,0.6472387,0.431269360542926,1
0.5933347221779116,-0.23588580781925073,0.45661770739428437,1.1197097742372664,-1.0403936274855656,-0.5922066659945937,NORMAL,3582267,-0.7324706446012323,0.26126804376804463,0.6008565499999999,-1.30066852,2.5683808999999997,1.159200623648949,1
0.061028812892286954,0.32508656162595556,-0.0660933347611054,-0.9345071058527975,3.548808844013418,1.3723491421480496,NORMAL,3582267,-1.4242673361485796,2.7029904964712443,-0.5245971749999999,0.50671734,-0.514831538,-0.9012319538348226,1
-1.3519660859806608,0.627331208802482,-0.019190320556032158,0.2615036405590559,0.4457721302195317,3.616801388325892,NORMAL,3582268,-0.06574994694463313,2.3145577901402934,-1.3925322249999998,0.27301274,0.046195983999999995,-0.37105266658597225,1
-2.0521856073772557,-0.6260588850775693,0.9354864190148491,0.28889321789156824,0.179520947226103,4.081534996933881,NORMAL,3582268,1.0093737961061247,2.7066672097407287,-0.6900791000000002,-1.1321671599999998,0.9402856540000001,-0.16415187622165991,1
-2.8669748009616476,-0.8033096037219981,1.1866121643628789,1.8227084425251143,-0.23679910208615837,4.8156027990052825,NORMAL,3582269,2.0235901537563277,3.465398052968488,-0.8029895999999999,-0.16010773,0.2473402,-0.938874189083544,1
-0.02534418947396428,-0.3984580082190385,0.65668462657225,1.594462228796154,0.014929304200601937,5.38595729719169,NORMAL,3582269,-0.7812254324838251,3.936916312582639,2.800478757,0.36569595,-0.5219392500000001,1.0898910565985496,1
-0.14780827375968464,-0.7172103990931143,0.7870874074851473,2.0418249117274905,-0.01895721255608223,5.4018005257258634,NORMAL,3582270,-0.44040816705804475,3.9951692606138285,-0.12069058699999999,-0.28792392,0.12843705000000005,-1.459716611185442,1
-0.5556936072908037,-1.4530402530394388,0.03745349340719672,1.6948904946841754,-0.5708232971962345,5.491578964839828,NORMAL,3582271,0.04634483413122193,4.070569361676286,-0.40197843,-0.6646633000000001,-0.738333706,-0.7212414992156144,1
0.2600440416098552,-0.25717170569580766,-0.29759418044307706,1.6948904946841754,-0.5756642181423757,4.842008151078174,NORMAL,3582271,-1.1083032968301314,3.50468192701143,0.80392432,1.08020887,-0.329997064,-0.4046684152856817,1
0.8877163404696725,-0.39462603491277104,-0.24687327824098987,1.2566576459540557,-0.01411628051534508,3.569271702723373,NORMAL,3582272,-0.4786779647730296,2.3083104350073365,0.61858249,-0.12416029,0.049956320000000026,-1.1626443484722768,1
0.18199697151955282,0.09079785313625419,0.26198182734074443,0.9462425657156086,-0.39654981029727326,3.0464462849741465,NORMAL,3582272,-1.3084185916093625,1.8465699899905954,-0.6954993,0.438475609,0.50118447,-0.8306767723761403,1
0.5030193959656626,0.25248062225989176,-0.41965627127403754,0.8732037725396944,2.6871232672603176,1.2191982211583474,NORMAL,3582273,-0.8962180653786224,1.8800716641989959,0.31637345,0.146045451,-0.67136288,-1.0383969197721328,1
1.494631702038785,0.7379110984919275,0.03143762945667233,0.35280216192049335,2.2853258143675386,0.34254162163596175,NORMAL,3582273,0.22540723185703637,1.246801363116302,0.9772519999999999,0.43848155999999994,0.444293975,-0.63279304748783,1
1.4078730832625377,2.279929080450224,0.35708049336071473,1.037541146860135,-4.351590401596784,2.2278814945929986,NORMAL,3582274,1.2392087804369385,3.7443630259241982,-0.08550219999999986,1.3928801,0.32073402500000003,-0.3588894904754853,1
-0.8737931938570558,2.9116173745077774,-0.6354488640057256,-0.49627415250227236,-6.849510649922084,-8.387057157332857,NORMAL,3582274,1.5779168377628037,8.995132622167048,-2.2486237,0.5705939000000002,-0.97756767,0.7331419437919817,1
-0.05818020728820814,1.3782948863247821,0.6046352688300375,3.767366923610496,5.494862804825951,4.577954889705833,NORMAL,3582275,-0.1433628656898986,6.0399955196934645,0.803801463,-1.3850256,1.22139073,0.22669403722332584,1
2.484375650984808,-1.027190000453727,0.43035917839571275,2.0692145338973194,-0.6240735860980159,0.37950906266669504,NORMAL,3582275,1.5325213468534165,0.2985518897233231,2.5057351370000003,-2.1728359,-0.171649,1.5415417733712033,1
-0.7313967404917444,0.027808093666669084,-3.3574150749490954,-2.550490927971931,-3.025175177759149,1.810677398683147,NORMAL,3582276,2.3122746346974195,2.6351323134742803,-3.1692023000000002,0.9529628500000001,-3.7306762,3.217398591659548,1
0.5305692669927474,1.4481877474955114,-0.749075374348094,3.3656535611429663,-10.218798728977763,-2.7415997484526566,NORMAL,3582276,0.12335315164441228,9.396078701211147,1.2436905,1.28300615,2.5690207999999997,1.3486816001329522,1
4.9645830560006585,-3.1802417525894535,-0.5379425950518156,3.3656535611429663,-10.218798728977763,-2.7415997484526566,AGGRESSIVE,3582366,5.18835289318297,9.396078701211147,4.3698014,-4.180786100000001,0.20795010000000003,4.287998346710725,0
2.391259361858505,3.042766277868013,-3.0611204401158822,0.1884648174915971,0.08270233018549437,0.40591439744914815,AGGRESSIVE,3582366,3.8884688832613987,-0.5668966740502626,-2.5360574000000002,5.6211433,-2.4851427,4.888998088672052,0
-0.19066856687098682,0.12835749741743152,0.1207363605047725,0.234114093118088,-0.01411628051534508,0.5801895309354107,AGGRESSIVE,3582367,-1.4834274691742666,-0.41514434159985436,-2.54453703,-2.6325386870000003,3.1338925300000002,3.0487814199983228,0
0.04712894310878625,0.47993157948419374,0.5201110654544107,0.9736321281023489,-0.05284372574664624,1.3670679507004038,AGGRESSIVE,3582367,-0.9569076968531578,0.3738446621509699,0.23435378,0.317571227,0.39335441,-1.2387641923265176,0
-1.1798230492956137,1.2534883960829761,1.1662852503200334,1.3023068319059135,0.010088373348571506,3.2312836630321953,AGGRESSIVE,3582368,0.5877620976963247,2.0179961575544225,-1.20918355,0.69874146,0.6364335600000001,-0.25542646177801603,0
-2.421528244256535,2.1239971618498994,-0.37095227248325935,2.890901106584079,-1.1710986673750274,4.43536617870704,AGGRESSIVE,3582368,1.8782657085259231,3.440310797166988,-1.2237231,0.7863165999999999,-1.51406474,0.31277383035107015,0
-2.424676334185839,-0.2638496389999242,0.4672396253950057,1.037541146860135,0.3683172682858907,3.3210617563373965,AGGRESSIVE,3582369,1.171101900123947,2.088658153220485,-0.00310250000000023,-2.1569037,0.82555674,0.5239573211162631,0
-0.8583931133598963,1.1063051106941002,-0.7463293804058707,-0.18585914699268627,-0.788665215255272,0.7861510263926093,AGGRESSIVE,3582370,-0.013781629654562606,0.08364553924230032,1.54360066,1.2376388,-1.1952753,0.5259924674459694,0
-1.4472465157036492,-1.4689230769679027,2.373506366109237,0.6084380725481436,-1.7520104488657942,-0.2119700802772282,AGGRESSIVE,3582370,1.9471740965479778,0.7431804163400082,-0.5803257599999999,-2.3261623,3.0728063999999997,2.121354714131988,0
0.41458409586816414,1.320727828075445,1.1013230911076268,0.3619320260132548,0.03429302721248809,-1.3051503420216264,AGGRESSIVE,3582371,0.22755841642763702,0.11259927303701345,1.834868,2.5198469,-1.2530059999999998,1.5802416831092343,0
1.2924303678595355,-0.41246381441420943,0.6811770324980947,-0.46888457516976007,0.39736284151100604,-1.2259343722551432,AGGRESSIVE,3582371,0.12848009211911157,0.11426217468019251,0.8651335,-1.5655641999999999,-0.41381265,0.047577730350056774,0
0.314048542630055,-0.2271221295049434,-0.32803853788408815,1.0649306793553306,0.12627071379730187,-0.6133309476529069,AGGRESSIVE,3582372,-1.0669931384189195,-0.2579617108771818,-0.96421312,0.16741616999999998,-0.9940023499999999,-0.3960847259690367,0
0.39319818999612877,-1.403378460867038,0.23204871658673587,-0.49627415250227236,-0.12545769050828057,-0.291186032753273,AGGRESSIVE,3582372,-0.012370354358726814,-0.6692233349097186,0.07800341999999999,-1.06249347,0.55164433,-0.5924559042534587,0
-0.5613364658982003,-0.9848375820061722,0.5782702343354447,-0.8523384336383494,-0.5030502771548756,0.025677794441344378,AGGRESSIVE,3582373,-0.24343200900042317,-0.34668078691193505,-0.9407113,0.37806126000000007,0.34100247000000006,-0.7232849983087907,0
-0.744190547523597,-1.2899865429238664,-0.03444251473868144,0.8914635156709896,-0.5708232971962345,0.7333403654729219,AGGRESSIVE,3582373,-0.021894354592985842,0.018280232282082972,-0.18020603000000002,-0.27563616,-0.6034765320000001,-1.10773015548798,0
-0.079968188930995,0.7788322283683019,0.16300716335656018,0.215854364932565,-0.793506136201413,1.0026746021624304,AGGRESSIVE,3582374,-0.9394882005300892,0.23292573672768746,0.65460324,1.8687308,0.19447326199999998,0.20214343560548706,0
0.885898667336761,0.3784052437332361,0.38848535980459553,0.4988797931096387,0.20856653630064137,0.4640061114929754,AGGRESSIVE,3582374,-0.4893400295611727,-0.4300546231723564,0.95187939,-0.3616992700000001,0.22207927,-0.7508796302826866,0
0.31785082644790685,-0.1425088917128918,-0.2563245597130401,-0.09456061815836275,0.6781367952675694,0.8812101814671696,AGGRESSIVE,3582375,-1.153240605265564,0.06013028357471418,-0.5598215,-0.47053338,-0.63508986,-0.8249607493669464,0
0.05179144440237263,-1.3316793016959547,-0.5337698335849127,0.8275544969132034,0.33927169506077526,0.9076154470878701,AGGRESSIVE,3582375,-0.06894795967141648,0.01808798163743772,-0.26220637,-1.07415855,-0.27326298000000004,-0.6535564516930911,0
1.0281038507740552,-0.12440182811877977,1.6557256223431014,0.215854364932565,0.019770235052632368,1.1822308319989288,AGGRESSIVE,3582376,0.6222807146193353,0.11436619588350118,0.96217367,1.09051437,2.15649034,0.8172443400501481,0
-0.7390120943308158,-0.20415509914158955,1.4534577757199478,0.6723470016312965,0.5135451344114675,1.446283920466887,AGGRESSIVE,3582377,0.21388321801415214,0.47409897652935895,-1.74152497,-0.07203985000000002,-0.19921880000000014,-0.03448980210157448,0
-0.7896935517825142,0.8200077632952286,0.24963540361984063,0.234114093118088,-0.1448214139164023,1.2984141909248303,AGGRESSIVE,3582377,-0.4923669206133644,0.2278526194599222,-0.04994749999999992,0.9251098799999999,-1.1856755899999998,-0.2856315493077514,0
-0.09338279625282267,1.375100763383729,-0.03230844715930885,0.882333651578228,0.12627071379730187,1.5360620137720882,AGGRESSIVE,3582378,-0.32069758123827374,0.5026397704128966,0.68622694,0.5014065999999999,-0.277693744,-0.8998731347138736,0
-0.9116792512064137,0.49287663396814924,-0.9757009974521689,0.12455584357112756,-0.4546409963710614,1.4093165313074683,AGGRESSIVE,3582378,-0.12320408732695197,0.38817387450614066,-0.80644607,-0.7968989,-0.929171566,-0.3247063877692061,0
-0.7797280638305467,-0.9123643140990214,0.4459231646258756,1.1744888691192021,-0.24164000718287654,1.050204244538854,AGGRESSIVE,3582379,-0.2378213198765847,0.191169267852484,0.1300403,-1.2693316,1.40019417,0.1063578149471204,0
-1.4849831085416174,-1.2687160444130763,-0.9075318552087546,-0.29541736664810225,-0.47400470392976024,0.8548048293942783,AGGRESSIVE,3582379,0.7604841175516719,-0.049465624422273195,-0.6950417,-0.32188680000000014,-1.33305263,-0.25270500728724404,0
0.15134533137066555,0.20758266983088666,0.00011892585754224585,-4.842083885883716,-5.222957598350246,0.9973935403930714,AGGRESSIVE,3582380,-1.4569008910043815,4.748007850765093,1.6126315,1.33351694,0.893968579,0.4897834206344457,0
-0.26344851975625244,-1.5749548508832767,-0.5284579201978384,0.024127467084391983,-0.3675042132980235,0.5854705927047698,AGGRESSIVE,3582380,0.18998065958248725,-0.31929786709536906,-0.4087869,-1.6101375400000002,-0.5206089190000001,-0.048046688859220164,0
0.712447445813533,-1.0716042733066382,0.42451180329704,-0.06717106324450876,0.15531629494712873,0.43231971494116306,AGGRESSIVE,3582381,-0.10729378748155022,-0.5405482192911163,0.96176326,0.45466850000000014,0.93860437,-0.37216046948192755,0
-0.04385043921449571,-0.7774161624686123,2.365163807866074,0.3619320260132548,-0.5901870443784906,-0.5552392249638605,AGGRESSIVE,3582381,1.2280499240928155,-0.2547600021652207,-0.7453453494000001,0.26573539999999995,1.9113980299999997,0.28174108813500115,0
0.451078499603327,0.9372149820465768,-1.0497214034124616,0.10629614527714898,-0.3094130668477927,-0.6608604603510438,AGGRESSIVE,3582382,-0.07772146095750675,-0.39292599496482944,0.4877614894,1.5487988000000001,-3.3634082,1.9578202605885568,0
-0.18876948479205494,-0.9205195569401646,-0.6497724927118714,0.13368569271811687,-0.07220745707947944,-0.7664817821904181,AGGRESSIVE,3582382,-0.38886486598527437,-0.37668168347087677,-0.63058185,-1.6780618,0.39391996000000007,0.04703237018579595,0
-0.09228613464644303,0.10020624012425378,-1.1429934138747402,-0.21324870937942636,-1.6116233927403978,-1.7487597035521782,AGGRESSIVE,3582383,-0.382142339318627,1.1724815195199305,0.0950861,0.922005234,-0.48578596000000007,-0.7465917163574101,0
0.1469457272953816,-2.28551701364899,0.13080250054055523,-1.3179609194840702,-0.20775351301162004,-1.8490999203960978,AGGRESSIVE,3582384,0.8533655046542794,0.728786719172078,0.23576735999999998,-2.154985534,1.25459433,0.720328691661157,0
-1.5932017058941192,-1.18515560955825,-0.2083061050211041,-0.14933973545895685,0.668455016772979,-0.11162986343330855,AGGRESSIVE,3582384,0.5778146551632743,-0.3643676002618758,-1.7149470100000002,0.9939388,-0.33399678,0.22277513396770088,0
-0.9469866652238329,0.49346509786989484,1.4387904764194432,-0.5236637298347847,0.21340746517149392,-0.006008584820029723,AGGRESSIVE,3582385,0.3411315137561411,-0.6802984991830565,0.6368567,1.51627115,1.62226775,0.5245300726655344,0
0.8170624974282968,-0.28896649167688904,0.5960070037557931,-0.6240920853974392,-0.6870056534943877,-0.04825709799438507,AGGRESSIVE,3582385,-0.42026486332257657,-0.26326876093911356,1.7385026,-0.7067578999999999,-0.8300791000000001,0.2649778439296306,0
-1.048591686253622,-0.39929947119042186,0.3868925696039444,-0.29541736664810225,0.07786140923935328,-0.02713284227172931,AGGRESSIVE,3582386,-0.34293209628355625,-0.851251715634667,-1.8386361999999998,-0.09966200999999997,-0.20596218,0.06455335327636429,0
1.4256215120101354,0.1773139156073489,0.6774075603360024,-0.2862875324468852,0.12627071379730187,-0.49186644915067407,AGGRESSIVE,3582386,0.19167495269710846,-0.5932995870609569,2.4383822,0.52084562,0.28613568,0.7254053295283733,0
0.5124749288633932,0.2969639099554986,-0.6685414415160633,-0.5601831114769696,-0.19807165526991494,0.18410971668387216,AGGRESSIVE,3582387,-0.679137468548857,-0.5994841779173002,-0.8999226,0.10807792,-1.32565976,-0.18383717777609448,0
-0.034727680071327205,-1.8484872200624347,0.08246741282679652,-0.3958457670480734,0.09238420377662244,0.2157961045904654,AGGRESSIVE,3582387,0.3684594964329902,-0.68200549832648,-0.539278144,-1.93795158,0.7396879199999999,0.3567389772080135,0
-0.1705452556097272,-2.6570906461544337,0.7615212149759649,-0.012391945346083759,-0.15934420052896,-0.006008584820029723,AGGRESSIVE,3582388,1.3804050404374737,-0.8362788767960198,-0.133850696,-0.7303985,0.66881754,-0.7939967234267828,0
0.41239105676988685,4.78096520514291,0.6180225730987591,0.6084380725481436,0.668455016772979,0.015115670902626043,AGGRESSIVE,3582388,3.4437452974780025,-0.28644457629070014,0.57449436,6.7186765,-0.14133550000000006,4.98557796004653,0
0.05329456221599841,0.6814095412909118,-0.7412275742384975,0.4897499589084217,0.5667954312379605,-0.0693813533366512,AGGRESSIVE,3582389,-0.6352364204112793,-0.4064567498998038,-0.35389613999999997,-3.70306285,-1.3387604,2.1777649809173583,0
0.0029959490287080398,0.053328413047935945,-0.6110803963630014,0.24324395721084954,-0.15934420052896,-0.1697215688319167,AGGRESSIVE,3582390,-1.0086232995279243,-0.7773590651547965,-0.0495702,-0.567335605,0.12818529999999995,-1.2120869977043762,0
1.0022446638534024,0.5047570619903367,1.8508533364517665,0.8914635156709896,-0.29489026438581206,-0.0852245450767717,AGGRESSIVE,3582390,0.8346925808061698,-0.45167012810374785,0.98477782,0.40776825499999997,2.4248218,0.8652206805956172,0
0.1728076843322332,0.1404938859257503,-0.5137798891233304,0.38019170936146124,0.19888467063422477,-0.1538783748786201,AGGRESSIVE,3582391,-1.0715408929935204,-0.7221783332172066,-0.81742526,-0.329033082,-2.32898803,0.705641740132416,0
-1.264454157949453,-1.1103086030384248,-1.359924193986836,0.43497084908071365,0.22308932291319905,-0.13803518092532346,AGGRESSIVE,3582391,0.7857569304354761,-0.6895043640912571,-1.41644774,-1.129829818,-0.83338927,0.2069150858533864,0
-0.4636706921604473,2.0261501895870255,0.5086477235759707,0.16107525510485698,-0.12061675371271657,-0.10106773643650258,AGGRESSIVE,3582392,0.5247400442649086,-0.8489295647999663,0.7891867,2.8331128999999997,1.8404045,1.6907301403976762,0
-0.9449653936237772,-0.756372536138021,0.7547578215401579,-0.925377241760036,0.7362280209649149,0.10489374691738917,AGGRESSIVE,3582392,-0.0577263834028247,-0.1489026245323221,-0.47432470000000004,-2.51340813,0.24240015999999998,0.7852404838798525,0
-0.6635078590007822,-0.2735370689166313,1.0910149023563867,-0.36845620466133333,-1.1130076001719116,-0.0693813533366512,AGGRESSIVE,3582393,-0.18287296032329908,0.09886988301082404,0.27738153,0.43613753,0.33118824,-1.1817777960092526,0
0.032362502846795996,-1.7313318122613297,-1.0337991871140317,-2.1396476416285513,-2.787969702710931,-0.38096414334891254,AGGRESSIVE,3582393,0.5836473708527997,1.9424350656975922,0.685792924,-1.3168026,-2.092784,0.7819227200305029,0
0.2671130027123815,-2.0313321596350624,-0.14041873022531445,0.03325731922053572,0.2908623667286923,0.5326599317850828,AGGRESSIVE,3582394,0.5975205449136137,-0.4067979888350994,0.231350896,-0.2709854999999999,0.8799133699999999,-0.8443347207219211,0
-0.24364369068229674,-0.05822405563622704,0.42939092261558237,0.7453858246987553,0.6442503327951588,0.5326599317850828,AGGRESSIVE,3582394,-1.1333418661124515,-0.09994059809444414,-0.50336003,1.78227689,0.56122017,0.14738751463032795,0
-0.8762677701130397,1.736700787967384,-0.7671026225330915,0.6449574242987842,-0.6773237640538368,0.6277190436335478,AGGRESSIVE,3582395,0.509635502396397,-0.03275231855096663,-0.62346256,1.62132681,-1.17845724,0.3122907170782359,0
-3.3771855582323407,0.231661952875655,-0.2599642860473292,0.35280216192049335,0.05365674903566752,0.9393018522849014,AGGRESSIVE,3582395,2.2303731161957994,-0.0879164798138218,-2.46470006,-1.3594774299999999,0.49949358,1.0764772905746451,0
-0.646403487342895,-0.20084969336467268,0.29236517510343407,1.557942757479336,0.5522726446254027,0.78086996462325,AGGRESSIVE,3582396,-0.8679552600808103,0.22426650711723614,2.6912355,-0.39068083,0.54400348,0.9905465100866027,0
-3.1050305710055,-1.006016116080281,-0.4837412475661144,2.014435439015384,0.36347632356561516,1.2297604311492567,AGGRESSIVE,3582397,2.1222188577256347,0.5945310801946567,-2.4230218,-0.72729391,-0.76440716,0.8592296675413712,0
-1.282173667901568,0.23269539313083434,0.29187715859516333,0.6449574242987842,0.019770235052632368,1.2878519809339208,AGGRESSIVE,3582397,-0.2060304923678049,0.25028679090564027,1.7964587,1.11890823,0.7639265,0.46417099713285087,0
-0.3805846589410482,-0.5667450449963627,0.6547529580169086,-0.36845620466133333,0.07786140923935328,1.097733757236991,AGGRESSIVE,3582398,-0.5977828623150656,0.0491235900155123,0.8885323999999999,-0.72212172,0.35740570000000005,-0.5927074562225559,0
1.0082824010029063,1.339624765105015,-0.2629000811089635,-1.9661804331068935,4.0958342422788885,0.7597457175458134,AGGRESSIVE,3582398,0.14276220505607728,3.1647563951974456,1.3687538000000001,1.72199326,-0.90382006,0.593026016960516,0
1.4798853486706676,-2.249980237140183,2.5104661391015437,-0.5327935341444574,1.4478447630980287,0.19995290199194968,AGGRESSIVE,3582399,2.5690969974766067,0.43591605117450066,0.46477329999999983,-3.2424326,2.7315596600000003,2.4911860101564316,0
1.6951453961953373,-3.3884328747181667,-1.177497234896086,0.215854364932565,0.2521349119877374,0.067926314531875,AGGRESSIVE,3582399,2.771672938385719,-0.7176012557046768,0.21214270000000002,-1.028346,-3.6323699000000005,2.0043185623295043,0
1.091679336641109,-3.6358782090356274,-2.7497741115036733,-0.6149622063589054,-0.5998689021201957,-0.46546113165865916,AGGRESSIVE,3582400,3.608927619304843,-0.2538135474938852,-0.5947267999999999,-0.2235134000000003,-1.5485758999999997,-0.11549067761691485,0
2.1194788984005304,-3.7872419074418713,-0.14330321177151578,-0.9527667593094593,-0.8467563617055027,-0.14331625133990172,AGGRESSIVE,3582400,3.1816486895715217,-0.044663783441439085,1.0129152000000001,-0.13672439999999986,2.56718017,0.9803324224993751,0
2.3349941416116526,-3.223952038620579,-0.7416013080143359,0.024127467084391983,0.058497680283933526,-0.259499662137118,AGGRESSIVE,3582401,2.9041154895405064,-0.8321777928191026,0.21239419999999987,0.5088107000000002,-0.58927917,-0.9875005685171985,0
2.0661703966855063,0.2764357361555306,-1.8117258892257808,0.5171395212951618,-0.038320933586790513,-0.4443368845812225,AGGRESSIVE,3582401,1.5577229163214596,-0.571279997184291,-0.26493069999999985,3.1618441099999997,-1.0539931999999999,1.5640265069808523,0
0.02353270774285858,-1.3860674038849723,-0.5340361074780161,1.3205665451456643,0.0004065116445106421,-0.07466241721544381,AGGRESSIVE,3582402,-0.016090883825832864,-0.3155811049911845,-2.01305667,-1.50171241,1.2584295,1.0265618993341548,0
-1.7046607303825536,0.3289488354815426,-4.057939288566743,0.14281555681087837,-0.23195816529059435,-0.2278132742305248,AGGRESSIVE,3582402,3.4499162925318374,-0.7221204208928353,-1.70316613,1.54914665,-3.4707828000000003,2.3904901623539976,0
1.5167056723043935,4.573844289116759,-1.6261985947427462,1.8774876270816832,0.10206606151832757,-0.5605202953784388,AGGRESSIVE,3582403,3.813999108336056,0.06989123579790166,3.1747153,3.8343459499999994,2.3950839000000004,3.7578869799559556,0
0.4122328455912319,-0.28984925948916074,0.5689728832566432,-0.49627415250227236,0.029452096756693236,-0.19084582455457247,AGGRESSIVE,3582404,-0.7674438608106088,-0.7425989702310378,-1.0884781,-4.39329634,2.1620808,3.2466135027512104,0
0.1902635664859494,-0.3548205342861496,0.4440757054684369,-0.18585914699268627,-0.8419154249099386,-0.7453575351129815,AGGRESSIVE,3582404,-0.9591924530528451,0.02034658782499541,-0.21875477000000002,-0.05868751,-0.12301444000000006,-1.5400349693210702,0
-0.09095411158853342,-0.5543507586266363,-1.5940306859682662,-0.8979876644275235,0.4602949564556468,-0.8034492578020277,AGGRESSIVE,3582405,0.2717042795221603,-0.10059845788685885,-0.277145147,-0.18023245,-2.00738336,0.2472418392867453,0
0.32172436211904976,-2.270296993479298,0.48260125118272806,0.7545156588999723,0.5861591070978134,0.24748247520662037,AGGRESSIVE,3582405,0.9220701203771545,-0.2641712639895703,0.406702157,-1.5499866999999998,2.04532816,0.8144935354006989,0
0.6523958724537088,-1.7213128144044987,-0.661503083176229,-1.1536235451636294,-0.5224140401865547,0.669967624240612,AGGRESSIVE,3582406,0.528886868274667,0.012448268067507835,0.32588280000000003,0.4958885999999998,-1.12685776,-0.5181753877443048,0
-0.7947690845042144,-0.0419053444120538,0.5659877139121536,1.6675009621889798,-0.4982093562087345,0.6752486773647521,AGGRESSIVE,3582406,-0.5958943316414426,0.19456494347684927,-1.42620744,1.51698182,1.20898723,0.6227294006784224,0
-1.617706478491602,0.14438023305298334,0.30151339818170547,-0.377586083699867,0.9637517175185428,1.76314788598501,AGGRESSIVE,3582407,0.17574165870012678,0.8813725345832245,-0.8110198,0.16826877299999998,-0.26048755,-0.9258490969609872,0
-2.881398278514937,-0.6766998820681321,-0.6761075350963359,1.8957473253756618,-0.8080289624375281,1.2508846782266931,AGGRESSIVE,3582407,1.8181982778890977,0.7251455909155798,-1.2453912999999999,-0.7416684929999999,-0.96288398,-0.048759337727040504,0
-3.256252228996477,-0.263380462061612,0.8375933493095641,0.6449574242987842,0.5280679606475827,1.683931916218527,AGGRESSIVE,3582408,2.2198102625902796,0.6713599882161088,-0.36942540000000035,0.3733448,1.4908829,-0.2091937079334573,0
-2.2422342490000857,-0.04784661014115459,-0.19192974278968744,2.8817714816236726,-0.44011820975850374,1.2825710488428483,AGGRESSIVE,3582408,0.8888892860660448,0.9664618147244108,0.9993332000000001,0.19468827,-1.01400375,-0.3538126998760095,0
-2.193238199243012,0.40823052722069775,0.024751723084267183,0.5353992345349126,0.019770235052632368,1.097733757236991,AGGRESSIVE,3582409,0.8431151923694432,0.07133398375734355,0.04828650000000012,0.41196716,0.213415144,-1.3300610783741689,0
0.10439908642519051,0.11403025409422368,-0.6725529826997134,-0.021521797930600665,0.2908623667286923,-0.10634880166394939,AGGRESSIVE,3582409,-0.9192685044367298,-0.7349799692051634,2.26436342,-0.265746386,-0.686793324,0.595987188930422,0
1.0371412280360512,-0.9081036051794927,0.7552564784449806,0.38019170936146124,-1.5583732147845768,-1.241777514337125,AGGRESSIVE,3582410,0.1692102563375372,0.8555199825935467,0.9192343799999999,-0.923277114,1.40628623,0.1291660419733159,0
2.3230359660059015,-0.2651762428818955,-1.9147193436714187,2.306590611719041,1.2542075290168115,-2.092028761786619,AGGRESSIVE,3582411,1.881396766151929,1.478398089488615,1.2672727,0.5807459700000001,-2.6297278,1.194793499481342,0
3.7261793727892853,-0.4963490087189033,-0.3023997003011182,-0.23150840767340497,0.7071824001915307,-1.8332566918619246,AGGRESSIVE,3582411,2.781825355140012,0.7102481333760859,1.3828234,-0.20881465,1.58801505,0.32933748073337693,0
3.11045417921737,0.049543355221356514,-1.1796787192502458,0.4532305623204645,0.22308932291319905,-1.5480792698643389,AGGRESSIVE,3582412,2.246418622140856,0.3504300965326926,-0.6068083999999998,0.493095813,-0.86405465,-0.627053157466581,0
1.9334456061631122,-0.6793980369384822,-1.6008201321307454,-1.6375057143575567,-0.4352772650382282,-1.5375171463256203,AGGRESSIVE,3582412,1.3824795024381082,0.6044556927754375,-1.1599633999999999,-0.6584410629999999,-0.41479299999999997,-0.39416155041923345,0
1.8442594320776413,-0.48641347298897025,2.135996368658192,-0.06717106324450876,-0.9096885083489892,-2.1025908853253377,AGGRESSIVE,3582413,1.70269144053725,1.0167743636476232,-0.08789460000000004,0.17431986,3.6804866,1.9083242603672181,0
2.8165602738746887,0.35003960092028236,-2.37258291749945,-3.490865913213856,0.7894781989207358,-0.9777243394169759,AGGRESSIVE,3582413,2.664374828122343,1.0992733374189338,0.9582202,0.7555546399999999,-4.440615599999999,2.833373673655209,0
2.160912327995769,1.2213136852748774,1.4883058866717114,-4.2303840677642945,-4.119225498807402,-2.324395652542805,AGGRESSIVE,3582414,1.6534921168600483,3.9908779838693373,-0.646153,0.7870079000000001,3.8026885999999998,2.1608258221802337,0
4.177157739927141,1.7507706714659752,-0.5764318233057381,-1.655765412651535,-2.574968594652074,-2.4141736593958147,AGGRESSIVE,3582414,3.6168068615687603,2.375165733310824,1.9870465999999998,0.47824999999999984,-2.03361323,1.1010470002603212,0
3.5639301155903547,-0.8317221863702149,-0.8902501861081067,3.000459445805672,0.5183861029058775,-2.815534526771494,AGGRESSIVE,3582415,2.7685378507854246,1.9424113724957883,-0.6043469999999997,-2.33272436,-0.30908777,0.6446534890811477,0
1.8840829472548837,1.28014679059041,-0.47589728530947284,-0.3958457670480734,1.0460475479465938,1.3248194565455305,AGGRESSIVE,3582415,0.9519239261351441,0.6046522557048022,-1.65552,1.9076173600000002,0.40810682000000004,0.7745172915301527,0
-1.5925433720516915,1.2314255664378064,1.6223618873225405,0.024127467084391983,-0.23679910208615837,-0.14331625133990172,AGGRESSIVE,3582416,1.2110200955606991,-0.7597991174829071,-3.4262786,-0.04400910000000002,2.0666293799999997,2.226081616800395,0
-0.4167482215089428,0.5392376368521483,0.18902458787333784,-0.359326355514344,-0.9919843387770401,-0.14859730878665137,AGGRESSIVE,3582417,-1.017595718152728,-0.015720345839619218,1.15876755,-0.6252422499999999,-1.4117307399999999,0.1426521700244991,0
-0.745050369268446,-1.4792872597453701,-2.0084115888792,-1.5370774484695353,-0.21743537867803664,0.13658013482398235,AGGRESSIVE,3582417,1.2958198165242927,-0.17701839545115614,-0.32354775,-1.82330115,-2.16431136,1.0660662255052495,0
-0.5592355915084737,-0.863974724310837,-1.2463703490243556,-0.8066891281203139,0.22793025970876307,0.08905057025453078,AGGRESSIVE,3582418,0.16276378300890834,-0.5324018730225237,0.18312384999999998,0.5558019399999999,0.7505540000000002,-0.8419124583526103,0
0.2628215549322029,-0.8536045301346553,0.723557234465195,-0.2588979700601451,0.4167265569944163,0.37950906266669504,AGGRESSIVE,3582418,-0.34470687947553974,-0.43412736497184706,0.8101523,0.00936723000000006,1.9402323,0.3158265031437765,0
-2.9537209389945818,-0.5372120062662763,0.15360913463252063,0.16107525510485698,0.4699768141973519,0.6541243957064391,AGGRESSIVE,3582419,1.7857156832341783,-0.2184602175492898,-3.16996125,0.28579228999999995,-0.56135653,1.4519007882253472,0
-0.4199295934204161,0.36699152387972317,-0.6218311159578624,0.9645022640095873,-0.05284372574664624,0.27916888040365173,AGGRESSIVE,3582419,-0.8170222539287113,-0.40946068807695174,2.4970975500000003,0.81675254,-0.76375103,0.9530379460454859,0
-1.1374789313163138,-0.6385906697383253,-1.6473871981514,-1.500557962206945,-1.5341686100538714,0.15242332877727896,AGGRESSIVE,3582420,0.7314426855897346,0.6892984008981626,-0.70715795,-0.9083262599999999,-1.01009654,-0.25870338265312726,0
-0.7288512776725175,-4.048167056102376,-0.731037465460444,-0.2588979700601451,-1.0016661965187452,0.9921124353976166,AGGRESSIVE,3582420,2.898066119133961,0.36313261857654383,0.4027100000000001,-3.0798156399999996,0.9025363999999999,1.4544768085883195,0
-0.2995721337985977,-2.0210040673913117,-0.11111790066908729,0.17933495339883557,0.3295898135449357,1.2984141909248303,AGGRESSIVE,3582421,0.5759205610710287,0.25481229611775136,0.42306242,1.8311037999999997,0.61057471,0.18850722621392846,0
-1.5968300507673516,-2.543363064106269,0.6280131744414629,1.0649306793553306,-0.633755443839721,0.26332567780513605,AGGRESSIVE,3582421,1.7419219883157517,-0.11678177663917483,-1.27847132,-0.47183850000000005,0.7279891900000001,-0.24507971223183292,0
0.10965344891937753,-1.3412110773476156,-1.870632566270692,0.5719186161770975,0.03429302721248809,0.828399477321387,AGGRESSIVE,3582422,0.9660696418341599,-0.15139206221392978,1.68177059,1.0858846000000002,-2.4609804,1.3919715563877013,0
0.7739200177547579,1.6856616880343553,0.298098308081875,0.10629614527714898,-0.3917088893511322,0.7755888942086718,AGGRESSIVE,3582422,0.2950854331998459,-0.15774359074375094,0.65464681,2.7341256,2.13603877,1.7525570605413678,0
-0.45568781594510077,1.9648811946599585,1.0729711046996526,-0.24976812091315578,0.2763395801161346,0.9498639844688389,AGGRESSIVE,3582423,0.7314143436699765,-0.05677358108951198,-1.2118009299999999,0.2522145,0.76319213,-0.33649782876589085,0
-1.09689510549152,0.47323552341820807,-0.497299935321284,1.22013818958301,-0.01411628051534508,0.5062545797121913,AGGRESSIVE,3582424,-0.2848627356816507,-0.18711067807510107,-0.6319214699999999,-1.3473796,-1.5466003000000001,0.3598142626614093,0
0.7811682855362229,1.3006578379929365,-0.4933426114254084,0.04238717135667947,0.29570329559954484,0.5009735179428322,AGGRESSIVE,3582424,0.012715570993544567,-0.4293594671862968,1.8508657,0.7473972999999998,0.0038976700000000197,0.20866574924046727,0
0.30521609308510067,0.1473849991486853,0.14196665233732175,1.2110083404360206,-0.20291257621605602,-0.40208836449069185,AGGRESSIVE,3582425,-1.27086567203786,-0.2762128479574679,-0.46905955999999993,-1.0417328499999998,0.6257324200000001,-0.48894639602814965,0
0.3211729060565587,0.0717880191604476,0.43040179074717144,1.3023068319059135,-0.5224140401865547,-0.645017318269062,AGGRESSIVE,3582425,-1.0506589945238693,-0.008161380565078213,0.015725729999999993,-0.06828553899999999,0.28408718,-1.5049664380882704,0
-0.1597765760173279,-0.8789170687852306,-0.8088205918044826,-0.6606114819853963,0.3150670110829551,-0.5499581545492823,AGGRESSIVE,3582426,-0.3113062675827371,-0.392804243670723,-0.47398448000000004,-0.858756651,-1.22054197,-0.2241387509657843,0
-0.9931547003093948,-1.1740686197420285,0.5768652552563762,-0.7792995507878017,-0.30457212212751716,-0.0007275230506705625,AGGRESSIVE,3582426,0.17110892751326323,-0.5103670407576492,-0.82130933,-0.26660565999999997,1.3647976,-0.17465969402331294,0
-0.1825772502460529,-0.11295520609771931,0.1310290760075916,-1.2357922024323054,-0.29489026438581206,-0.5182717839331272,AGGRESSIVE,3582427,-1.4073169393680691,-0.20911987710747712,0.79883885,0.95848672,-0.43911551,-0.4686775069528948,0
0.49982072351162865,-1.059242933387323,-0.4938925919987142,-0.2406382717661665,-1.548691277795757,-1.6114519246444576,AGGRESSIVE,3582427,-0.2193861534463277,1.0448397788259294,0.67251564,-0.8547665200000001,-0.61550141,-0.5421632618499242,0
0.23424790781030064,-2.243767129983044,-7.261734972542618,-0.8797279511877728,-2.574968594652074,-2.0339371255497642,AGGRESSIVE,3582428,7.202650137588731,2.0937903542456837,-0.26172684999999996,-1.0699617,-6.66582188,4.9971917317338,0
1.8664857079994588,-0.5572657888207603,-3.5292457017254897,-0.08543076751679624,-0.4159135257806836,-1.1097509268770505,AGGRESSIVE,3582428,3.05272700327587,0.008834104921803762,1.6086000999999999,1.5233896,3.6762246,2.5184751172685163,0
-1.6561305269063962,1.3009387020544037,-2.515932411070026,-1.655765412651535,-0.07704837802562053,-1.4899874607231014,AGGRESSIVE,3582429,2.0363676105914115,0.5168387629772118,-3.4716025,1.6784862999999999,0.9980383000000002,2.207579441998377,0
1.498725284376187,1.33405232027492,1.4251378729504323,-1.4366489583949311,-0.9435749708213998,-0.9513189873440844,AGGRESSIVE,3582429,1.1064000117420416,0.41091023701627233,3.1091679,0.02991100000000002,3.8816613999999996,3.203783173709825,0
-0.07757679023368146,0.6714197147703822,-1.5312722462898374,-2.221816209222594,-0.7596195944818876,-0.16444050273994795,AGGRESSIVE,3582430,0.18496174950811886,0.35397863166700083,-1.553474423,-0.5985453999999999,-2.9118443000000003,1.5748450666007603,0
1.4213298612910412,0.4930101246600361,-1.3651819510044367,0.5262693554963788,0.5813182178505181,-1.0041296914898672,AGGRESSIVE,3582431,0.6737259562972319,0.0334516463089706,1.477199823,-0.16115452000000008,0.16358660000000014,-0.2954572514420946,0
2.323233121162473,0.4615031108671209,-0.08519924502412039,-0.5510532473842081,-0.4788456407253242,-1.405490558865546,AGGRESSIVE,3582431,1.1003050579201752,0.3043948344450569,0.8888420999999997,-0.02845977999999999,1.26068786,-0.24732914133773765,0
1.6996904161506432,0.6989878453539322,-0.6871680648633224,0.1884648174915971,0.26181675388001957,-0.8192924344648863,AGGRESSIVE,3582432,0.582208007788589,-0.2879770467484613,-0.6145126999999999,0.21451615000000007,-0.5928945600000001,-0.9136273617801619,0
-1.55655956262835,-0.15060848206538716,-0.02974349834605164,-0.03978150384692309,0.014929304200601937,0.24748247520662037,AGGRESSIVE,3582432,0.08444617176454856,-0.7280284199896772,-3.2090937,-0.7674267300000001,0.64751435,1.5832508721062108,0
-0.11317150588870681,0.147045300874831,-0.16802218301134664,0.7088664430565703,-0.5127321507460038,-0.22253220381594654,AGGRESSIVE,3582433,-1.5035906229711489,-0.36090751378771224,1.422485236,0.268865886,-0.13619423,-0.33657873435883057,0
-0.7629725137278558,-1.601199089910242,0.2673721831932392,-0.11282032392522746,1.1719116985887605,0.04152098839464097,AGGRESSIVE,3582433,0.31389980446176075,0.12744367993911543,-0.640390736,-1.5791611060000001,0.4288311,-0.03163679791780967,0
-0.08189147147562031,-0.8339362631187,-0.17537619968018994,-2.230946282556167,-1.4131452694118851,-0.4284937079183641,AGGRESSIVE,3582434,-0.7114103209742065,0.814745652846139,0.67121778,0.6930562000000001,-0.43607426,-0.7342168462078894,0
-1.4410638801683584,-0.7543717588720856,-1.8288671822551237,-0.07630091538065249,0.16015722381798128,-0.28062390921455466,AGGRESSIVE,3582434,1.1345402365296409,-0.7699475876985696,-1.33948918,0.07186934,-1.62856576,0.32315471311616173,0
0.03887504197156471,-5.121730574665798,-0.49328838398458386,1.4849038895745605,1.3607080434226826,-0.42321263750378585,AGGRESSIVE,3582435,3.9368497414601507,0.5525376386738684,1.45850678,-3.94496514,1.31544588,2.633821002963893,0
-1.240987620844529,-4.020839879649604,-1.6036566912802621,1.2110083404360206,0.38284005489844836,-0.6925468828385133,AGGRESSIVE,3582435,3.3022977408783776,-0.08840869281846746,-1.2613279800000001,0.9944168999999996,-1.0936302800000002,0.15542577759993922,0
0.1704366069232401,-1.3135206707073486,1.6703096666324169,-1.5462072228876635,-1.7036010809101538,0.3372605512213835,AGGRESSIVE,3582436,0.7801443415479363,0.8719160107542905,1.3909843,2.445478,3.2246136,2.5056119268340393,0
-1.3233375946167993,-2.8148060570804327,-0.03896143226661876,-0.5510532473842081,0.36347632356561516,-0.18556475413999418,AGGRESSIVE,3582436,1.7577992059531453,-0.5591693768399503,-1.4721416999999999,-1.356087,-1.68350503,0.83169066936679,0
-0.129197628588033,0.05704590076024005,0.4295613314092165,0.6997365640180365,0.1214297849264493,-0.31759135024528795,AGGRESSIVE,3582437,-1.1944661269124865,-0.5622207272746885,1.1768467,2.594097792,0.46146011000000003,1.103592379979056,0
-1.0414978549869809,0.3522157161840701,-0.08275920309496734,0.5719186161770975,0.4506130749398072,0.28973097800671277,AGGRESSIVE,3582438,-0.502226981754209,-0.3926645079937739,-0.8990885000000001,0.266622158,-0.5045976600000001,-0.728037501799555,0
-1.2317167623600564,-0.7741185283342319,-0.02173106145182859,1.5762025305021756,-1.4131452694118851,-0.006008584820029723,AGGRESSIVE,3582438,-0.03927379292629267,0.6060521781794356,-0.18746419999999986,-1.01739965,0.06010818500000001,-0.7568627145620345,0
-1.3752868114746775,2.6036943800332017,0.46070769104335485,-0.3228069439806146,-0.29489026438581206,0.5749084605208326,AGGRESSIVE,3582439,1.4769690457881912,-0.3449379204098502,-0.1414909000000002,3.0511242000000003,0.475166325,1.3102611240311064,0
-1.6934551537455578,1.2287418034980795,0.6673578682414546,-0.6058323871034605,-0.18838978960349834,0.6646865192451574,AGGRESSIVE,3582439,0.7235022185489453,-0.263906344244901,-0.3135606999999998,-1.2419726,0.20353507000000004,-0.49456611041793125,0
-0.4352762502480259,-0.3258265508529084,-0.4333882817482328,-0.3867159029553119,0.431249343606974,0.7174971369387491,AGGRESSIVE,3582440,-0.9085766610438181,-0.17542275887952014,1.23995824,-1.40421665,-1.08415317,0.37801177332075014,0
-0.9527871058992458,-1.009968915179487,0.8380561862534751,-0.8979876644275235,-0.11577582484186398,0.37950906266669504,AGGRESSIVE,3582440,0.1618021359700794,-0.39442929173304403,-0.5100163799999999,-0.61797482,1.25227833,-0.3037705160521783,0
-0.6482881201710312,-0.23035369360704802,1.1089860041740822,0.005867759822950055,-0.793506136201413,-0.07994348157836872,AGGRESSIVE,3582441,-0.18427755751307084,-0.2269268616523943,0.3000893,0.7042139199999999,0.26684573999999994,-0.9838142287721439,0
1.685749730277729,-1.023506109042855,0.06763641589880354,0.234114093118088,-1.0936438846885013,-0.30702923535178867,AGGRESSIVE,3582441,0.6425125551371937,0.09453535452389812,2.30023684,-0.71644185,-1.02565197,0.8347616966337497,0
1.1409116072960206,-0.19079009919276874,-0.9603994371091044,-0.17672929784569696,1.0170019747214785,-0.1961268863239316,AGGRESSIVE,3582442,0.09294871309170566,-0.019105611363476167,-0.5369479000000001,0.75217901,-1.0125389299999998,-0.42025522992023523,0
1.2858834569706201,-2.021044918332849,1.4697150426731636,-0.3136770798878531,-0.8225517490500858,-0.12747305479303941,AGGRESSIVE,3582442,1.5439756971888678,-0.18342527500014685,0.14287240000000012,-1.6532398099999999,2.3934822,1.1305043077356343,0
0.8413471421839543,-0.37388129576907336,-0.7206575961751801,1.3936053981046674,0.21340746517149392,-0.2119700802772282,AGGRESSIVE,3582443,-0.2961499650780153,-0.24082260246614667,-0.4380986400000001,1.4878564699999999,-2.1573542999999997,0.8735633239136592,0
-2.5545236538229728,-1.4169322275920544,-0.8422975333341606,0.4532305623204645,-0.14966234278725485,-0.21725113340136826,AGGRESSIVE,3582444,1.7989097649967623,-0.6903116942184327,-3.3466925599999997,-0.94217117,-0.11980630000000003,1.7002795653023768,0
-0.8188924334096989,-2.5447356114590756,-0.13163845368429875,-0.05804120811921057,-1.3647359807033597,-0.3651209148147395,AGGRESSIVE,3582444,1.2671933893283374,0.35601865648293696,1.7104961999999997,-1.0187267000000002,0.69994639,0.32360841823957526,0
0.5119698139022949,-2.356014668027364,-1.350984128742638,0.343672312773504,-0.9871433702826302,-0.006008584820029723,AGGRESSIVE,3582445,1.422408497664535,-0.018313659737537152,1.3115890000000001,0.17046859999999997,-1.20096489,-0.0021436802612438176,0
-0.26482626190777836,-0.167128226418933,-1.9467439929083523,-0.13108003417582384,-0.24164000718287654,0.27916888040365173,AGGRESSIVE,3582445,0.5953648467709578,-0.6107737805610093,-0.76554669,1.977186,-0.5867791999999998,0.4137218757081835,0
0.24823498551933684,0.04491195334476925,-0.531214574842714,-0.9984160648274948,0.08754326698105841,0.4428818384798814,AGGRESSIVE,3582446,-1.0160579323372985,-0.3261040126726954,0.50563121,0.191532492,1.3941913,-0.2950312498078075,0
-0.4112017994742718,-0.7519468181985407,-0.015084854520795506,0.2523737764662944,0.44093120927339063,0.28444989894691536,AGGRESSIVE,3582446,-0.7203381254221656,-0.466219426365655,-0.6498869700000001,-0.719789742,0.508349425,-0.6978551071168209,0
-0.31299874495728724,-0.7146212354204444,0.1660523778396074,-0.18585914699268627,-0.1351395482499857,-0.25421859172253974,AGGRESSIVE,3582447,-0.7804058920494856,-0.777239780601954,0.0967809,0.03371559999999996,0.178406715,-1.5923379900220849,0
0.7686690443404626,-3.126758570715151,-0.541196444562293,-0.861468237948022,-0.3917088893511322,-0.011289652641042263,AGGRESSIVE,3582447,1.932342143366978,-0.42449725624346263,1.06600332,-2.17884495,-0.69658754,0.7394154565281353,0
0.7316122765760916,-3.5413494624386406,-0.06395055281879335,-0.3958457670480734,-0.5466186845408175,-0.12219199129463644,AGGRESSIVE,3582448,2.3024909709404437,-0.4328677988440002,-0.036520119999999934,-0.37449330000000014,0.470051743,-1.1936200148337166,0
0.7488399133313557,-2.0510245275994534,-0.7444112357133224,0.005867759822950055,-0.19807165526991494,-0.0905056094396966,AGGRESSIVE,3582448,0.9132679648874584,-0.806351965292893,0.016978150000000025,1.3461866,-0.6702032130000001,-0.2864576529780216,0
-0.4574189559243714,-1.66690688836294,-0.818374510460449,0.343672312773504,0.7168642737826587,0.47456824367691275,AGGRESSIVE,3582449,0.4531545841313948,-0.14648811230140615,-1.1887901,0.3469673,-0.07284833000000002,-0.551385756149256,0
-2.3254532072092475,-0.7829382908951058,-0.6112111270366687,-0.18585914699268627,-1.5777369302679871,0.7703078410845317,AGGRESSIVE,3582449,1.219146348163317,0.7118484963634005,-1.8409817999999998,0.79847465,0.20404054000000005,0.22974366711573488,0
0.10739438364488754,0.8851174663233798,0.5346806518003198,-0.20411884528666485,0.42640843851025584,0.30029312748108844,AGGRESSIVE,3582450,-0.6278364854025902,-0.47947182056752163,2.3976156399999997,1.506728,1.12861826,1.2672352186729534,0
-1.127717062125382,-0.24774047428562287,0.17594325592378673,0.1884648174915971,-0.3190949483636323,-0.7664817821904181,AGGRESSIVE,3582451,-0.3733232350508543,-0.30077116413613025,-1.21722484,-1.0232924,-0.35332968,-0.1606105585712779,0
0.1667995458235796,-1.1646564078216979,-0.09271108578094303,-0.4506248768757814,0.4941814506269033,-0.1697215688319167,AGGRESSIVE,3582451,-0.34839809329424526,-0.4819366774308807,1.27576971,-0.82823545,-0.264604565,-0.24622309216509608,0
-1.6453844039744736,-0.6244938179758897,0.779396431388091,-0.012391945346083759,-0.18354886073264576,0.8864912000104334,AGGRESSIVE,3582452,0.5213129714840018,-0.13625934189186817,-1.78594031,0.4879202,0.858961105,0.2538033208887414,0
-2.3041135714099847,-0.8442032450108824,0.3944683187349049,-0.4414950277287921,0.0681795435729367,1.7737100095237284,AGGRESSIVE,3582452,1.1699959942589424,0.6513334480296641,-0.6491895999999999,-0.19845999999999997,-0.37912559000000007,-1.0171357596317518,0
-2.8749015950076493,-0.22113246260608563,2.024696602358409,1.0831904374323982,-0.5030502771548756,1.5466241373108065,AGGRESSIVE,3582453,2.4069330264273407,0.621197249621296,-0.562522,0.5628098399999999,1.60565373,0.0033851759525085124,0
-0.02923471924990528,-0.09373881249118085,-0.07639088920762362,0.4806200798698879,-0.5805051866367855,0.9604261512336527,AGGRESSIVE,3582453,-1.5160342121516603,0.10551610702531593,2.804456569,0.11507264000000003,-2.0694150639999997,1.7086994616090976,0
0.5962654239407515,0.5685036167034497,0.34142648003491594,0.11542599442413828,-0.1012530382293063,0.2369203343774638,AGGRESSIVE,3582454,-0.7150981841449136,-0.7081575691637964,0.6164417910000001,0.59819296,0.411519064,-0.8411719063220514,0
0.28511586612549833,0.1384704889731618,0.7815537413298556,-0.3867159029553119,-0.21259444188247262,-0.3651209148147395,AGGRESSIVE,3582454,-0.7119392727826571,-0.6202313075915772,-0.30664356000000004,-0.38844202400000005,0.43349265000000003,-1.1374892320241876,0
0.8073319315651069,-2.1732319458778915,0.1843875477294033,-0.7884294148805632,-1.6309871082238079,-1.0410971671014768,AGGRESSIVE,3582455,0.924413698548925,0.8529115482122747,0.51465345,-2.088123716,-0.58816433,0.4435702914427404,0
2.0163378327180483,0.3087084006575932,-0.8753417112544569,-0.9892862007347333,0.26181675388001957,-0.8615408940388831,AGGRESSIVE,3582455,0.9244603350928474,-0.10980655294852026,1.1914973500000001,2.24189689,-1.0437545799999999,0.9620852047554646,0
1.1787945190921858,-0.47221443851911066,0.15515062147078892,-0.36845620466133333,1.6172773924485404,-0.14859730878665137,AGGRESSIVE,3582456,-0.15076909323281695,0.5683090556171748,-0.8254142,-0.70539507,1.01495838,-0.3041695508581562,0
0.5820676550494686,0.9835925356507924,1.3417300583565517,0.40758128669397353,-0.1932307184743509,0.2052339637613088,AGGRESSIVE,3582456,0.28556268010846464,-0.6247798709144938,-0.5880852000000001,1.31500708,1.1686925799999999,0.06672225121960128,0
-1.6855438845266049,0.03161438955456182,0.5639436713978069,0.27976335379880674,0.38284005489844836,0.559065283857974,AGGRESSIVE,3582457,0.33379512837769987,-0.3239994846371462,-2.2347725,-0.859906584,-0.7660617999999999,0.7297378178790783,0
0.3808854293699761,-0.5004436126176102,0.22745040017605445,0.5993081935096098,0.10690699038918013,0.004553538718688605,AGGRESSIVE,3582458,-0.8726790839487035,-0.668766936838667,2.03650375,-0.48059945600000004,-0.3314208700000001,0.3318478351296604,0
1.3255436063207495,-0.19052573049793875,-0.09532154158025526,-1.8474923792502602,0.997638259238068,-0.12219199129463644,AGGRESSIVE,3582458,-0.07920325192303436,0.3379487602166039,0.9309778499999999,0.27994385000000005,-0.31790638,-0.7703979748151528,0
1.362386963521404,0.1144933808863162,-0.22540382115922444,-0.07630091538065249,-0.16418513732452403,-1.1784048595570062,AGGRESSIVE,3582459,-0.04545223666181164,-0.003993454734106638,0.03630980000000017,0.275518869,-0.12812138,-1.4914748472202275,0
1.4892501678730945,-0.7251091334476909,-1.6272951241584086,-0.0032620923131936857,0.21824840196705797,-1.5005495842618197,AGGRESSIVE,3582459,1.0476247802992216,0.28522720540856594,0.12502599999999986,-0.7583994789999999,-1.38075877,-0.2096065457420844,0
2.4608022665407843,1.321861690794226,-0.852086759080288,-0.7975592939190969,-0.3675042132980235,-1.5533602884076025,AGGRESSIVE,3582460,1.6710400175243296,0.42347932653754083,0.9574823000000001,1.8489958999999998,0.7635226399999999,0.43168586239679446,0
2.9230016336732256,1.6853180530139398,-3.7487976947935264,-0.49627415250227236,0.6394093643007489,-1.2206532672596886,AGGRESSIVE,3582460,4.170575362778772,0.2126277049428496,0.4555058999999999,0.3283043000000001,-2.85304504,1.1257968425985705,0
-0.2742814193685149,-0.19165828687224765,0.15709200649511926,-0.22237855852641567,-0.48368657752088823,-0.22253220381594654,AGGRESSIVE,3582461,-1.273707056231017,-0.49963753239932707,-3.1509807199999997,-1.69544261,3.84701114,3.485841234502462,0
-0.49502899605452877,-0.08689475202481059,1.1176122386382976,-0.13108003417582384,-0.028639073467671947,0.4851303758608502,AGGRESSIVE,3582461,-0.2782674030716543,-0.5112027510967442,-0.21755076,0.09463122000000002,0.94604106,-0.818162850404272,0
-0.6115524423590305,-0.6431676357979383,0.13718533735082641,0.7271261861878655,0.26181675388001957,0.622438025090284,AGGRESSIVE,3582462,-0.6746235568022936,-0.2408949640868772,-0.11483598,-0.50247237,-0.96564765,-0.6981897267685787,0
0.3765502989881999,0.12820051466648139,-0.8238897488297274,-0.20411884528666485,0.20856653630064137,0.8706480579284515,AGGRESSIVE,3582462,-0.6399768112068254,-0.14402564279157457,0.97379326,0.696764473,-0.94658755,-0.2638492420314213,0
0.4317387456424082,-0.02406351856396705,-0.15745157852605823,-0.5419233683456743,-1.4083043009174754,0.5168167032509097,AGGRESSIVE,3582463,-1.126009352911023,0.4922671997463135,0.054389220000000016,-0.137537658,0.65639208,-1.1224521331840678,0
-0.7010582858244621,0.5376916667353336,0.9977113768264578,-1.3909997724430734,-1.7084421286516782,0.3319794980972434,AGGRESSIVE,3582463,-0.21897205923594124,0.8431387476894334,-1.11639212,0.507424445,1.13774968,-0.11653078956158282,0
0.23907810767684945,1.1570484010992452,0.6099975413458311,-0.4871442884095108,-0.24648095190315203,0.7333403654729219,AGGRESSIVE,3582464,-0.3092808504794335,-0.21452126733724372,0.9265215499999999,0.559455,-0.38186932000000007,-0.6447514828137186,0
-0.006871626984617028,-0.26906176524079667,-0.2271496076725109,0.3162827503867639,0.7023414792453896,0.828399477321387,AGGRESSIVE,3582465,-1.261829162350265,0.052139559777354766,-0.242387946,-1.28818243,-0.82452774,-0.24152774480741765,0
-0.5216867171674987,-1.3018584464948388,-0.8595637494924877,0.3619320260132548,-0.9629387180036559,0.6805297477793304,AGGRESSIVE,3582465,0.16715278936867675,0.16769526909183907,-0.507359654,-0.93290867,-0.62288094,-0.5608288995055116,0
-0.9343995819184256,-3.0899706926065647,-0.49132473332128546,0.1702051191976185,0.1456344372054236,0.40591439744914815,AGGRESSIVE,3582466,1.9122017664940554,-0.5552508994921682,-0.40673605,-1.6151731,0.36268807000000003,-0.08451936407336973,0
0.6714137855882693,-0.9728373909797691,0.7466514638555684,-0.2406382717661665,-0.648278270075836,-0.03769496926853528,AGGRESSIVE,3582466,-0.04841838844837474,-0.35847279814582017,1.58255834,1.91237254,1.2193145699999999,0.9827492591065536,0
0.405393946190453,-1.0949981351201248,1.4214825718372206,0.2980230520927853,0.5910000438933775,0.27388780998907347,AGGRESSIVE,3582467,0.4556336705934538,-0.3456705662131331,-0.2621674,-0.11034583999999992,0.6646585,-1.0720366598497593,0
1.0695437744145952,2.1565781679302036,0.17120357859593616,-0.06717106324450876,-0.4207544625762476,0.46928719055277274,AGGRESSIVE,3582467,0.8864736990252413,-0.3718060587741801,0.65453176,2.9370966999999997,-1.23143191,1.4714388884498375,0
0.7757489032627601,1.982044789706717,0.4201187612541907,-0.34106664227459316,-0.043161864042585374,-0.01657071700396716,AGGRESSIVE,3582468,0.6047047813708973,-0.8325836653231855,-0.28954020000000014,-0.15765319999999994,0.24516295999999999,-1.3860188950090002,0
0.881253902904404,0.14278279628518908,0.5578068023803491,-0.07630091538065249,0.3925218967907305,0.2527635283307604,AGGRESSIVE,3582468,-0.44313222951178255,-0.5392230751634304,0.10397710000000004,-1.661375846,0.13561248999999997,-0.11921307103547664,0
1.4754829947730763,-0.354520263259773,0.02161452805873612,-0.49627415250227236,0.4602949564556468,-0.18028369669324454,AGGRESSIVE,3582469,0.12938971962329082,-0.498592161797536,0.5856236,-0.449205874,-0.5281095499999999,-0.8863549135442432,0
1.0096190581709552,1.1377417368755527,0.3461874483089207,-0.3501964914215825,0.39736284151100604,-0.06410028935411595,AGGRESSIVE,3582469,0.015557420891099306,-0.597154118157057,-0.4591174,1.34793632,0.31968021,-0.33118737007044974,0
0.7063741334721125,0.3227876278403736,0.6461556597456064,0.04238717135667947,-0.7402559582455921,-0.1697215688319167,AGGRESSIVE,3582470,-0.5209185319320683,-0.2727317920956283,-0.29885340000000005,-0.73613497,0.29544639999999994,-0.9466167849144806,0
-0.9219204621161537,-0.555649353597472,0.32269720935069074,-0.04891135598306683,-0.5466186845408175,-0.006008584820029723,AGGRESSIVE,3582471,-0.4150294434671797,-0.4648858134048897,-1.604714,-0.79347803,-0.31858253999999997,0.029827571641865263,0
0.25040381400497497,-0.7514388384011256,-0.2537150735300167,-0.377586083699867,-1.2098261775889627,0.2263582367744028,AGGRESSIVE,3582471,-0.7152737371842524,0.22144113500947576,1.15534694,-0.1768535,-0.56772327,-0.49217532537032443,0
-0.05839588062083456,-0.9273907074482538,0.08432358330125969,0.30715290123977457,-0.3723451500935875,0.30029312748108844,AGGRESSIVE,3582472,-0.6251947007945814,-0.4843389636278016,-0.304327727,-0.15893449999999998,0.33294296,-1.3182074770820507,0
-0.30671010427939693,1.276082620089613,-0.38234107066753464,0.8092948285107693,-0.4159135257806836,0.0996126937932491,AGGRESSIVE,3582472,-0.32073988334021575,-0.39372908238510634,-0.24471819299999997,1.9903621,-0.45963001,0.2703042693829892,0
0.06770210906440768,0.33092840125588274,0.1498125436734909,-0.6332219195986561,0.4699768141973519,0.4640061114929754,AGGRESSIVE,3582473,-1.3696285430702835,-0.284712040720881,0.36899006,-0.8537426399999999,0.52413177,-0.7253590552871129,0
0.23259472681548396,0.36523708111247544,-0.2728229209949994,0.215854364932565,0.4941814506269033,0.4640061114929754,AGGRESSIVE,3582473,-1.1780562810043604,-0.32890104778796964,0.16250467999999998,0.030990479999999987,-0.41626453,-1.3487085085222497,0
-1.105840247016345,0.01719150742407733,0.24311023119958633,0.5993081935096098,-0.5369368188744009,0.559065283857974,AGGRESSIVE,3582474,-0.4288651718877873,-0.17215402242456787,-1.31905206,-0.314383982,0.50815582,-0.3425906303421744,0
1.1424041215513028,0.5431459538150132,0.25563287125880724,-0.29541736664810225,-0.4352772650382282,0.606594796556111,AGGRESSIVE,3582474,-0.20614573468815725,-0.2539791889784951,2.2156858,0.475086212,0.012333869999999997,0.4802799964769019,0
0.3866084589960073,0.08870271240950969,1.3282953393436527,0.1884648174915971,-0.4013907550175488,0.5009735179428322,AGGRESSIVE,3582475,-0.066391976079286,-0.3532322049554744,-0.7448503999999999,-0.410491288,1.0564928299999998,-0.4349506081039888,0
0.7109261243791718,-0.6804223549237898,1.1089017338578786,-0.4506248768757814,0.5232270238520186,0.2157961045904654,AGGRESSIVE,3582475,0.06793704504621924,-0.4076565436645353,0.31962097,-0.694738332,-0.2160864,-0.9998969477481767,0
-0.03795673451042587,-0.09334490535002739,0.03658301759179302,1.1288396233842557,0.1214297849264493,0.30029312748108844,AGGRESSIVE,3582476,-1.5258772731036225,-0.32100827255318304,-0.738037706,0.5302976399999999,-1.05615426,-0.39767172902187387,0
0.0714311014928659,0.23607397633961158,-0.33037012493159207,0.27976335379880674,0.19888467063422477,0.4111954678637264,AGGRESSIVE,3582476,-1.286315089312355,-0.5183016315250807,0.107803706,0.29755879,-0.36142158,-1.3160438589961996,0
-1.4683650495542917,-0.8995461964431615,0.617022345363722,0.6906067298168195,0.014929304200601937,-0.021851778773326322,AGGRESSIVE,3582477,0.4012970376498496,-0.6390361802671788,-1.51749717,-1.02578748,0.93311119,0.2686034742895172,0
-0.5000822663771801,-0.17522894598444644,0.6613671625338845,-0.770169746478129,0.8185238513929658,0.23163930718898107,AGGRESSIVE,3582478,-0.724704505387417,-0.09286865952656914,0.9542603299999999,0.6542641499999999,0.04367635000000003,-0.6345739650438862,0
0.3922985922238088,-1.2058596195382842,-0.8977571483243346,1.3662158357179275,0.7846373096734405,-0.22253220381594654,AGGRESSIVE,3582478,0.09491526773929229,0.04090625743120459,0.8794576000000001,-0.9309521499999999,-1.5356216,0.2121727164136554,0
-0.016935402312221,-1.0450377657408747,0.25804096153915396,0.4806200798698879,0.6297275065590439,-0.4443368845812225,AGGRESSIVE,3582479,-0.46336247030976946,-0.27194712581476627,-0.40330756,0.14526779999999984,1.13837526,-0.5756478116628686,0
0.3164116343927165,0.2674631423621555,0.11468273634545374,-0.7884294148805632,-0.34814052158874764,-0.291186032753273,AGGRESSIVE,3582479,-1.2325442884346498,-0.4469910770242205,0.32851958,1.18556101,-0.14119720000000002,-0.5536171210375264,0
-0.5505511757555536,-0.5789564542107332,-0.21596027631138473,0.11542599442413828,1.1622298408470555,-0.22253220381594654,AGGRESSIVE,3582480,-0.7567996256633899,0.12346156608581925,-0.85440765,-0.7645572399999999,-0.3256588,-0.6003108449644952,0
0.8345583281075624,1.366672959518017,-0.20914558966624514,0.17933495339883557,-0.6821647325482467,-1.2945882184829078,AGGRESSIVE,3582480,0.026682547932763093,0.28060350152309915,1.36505066,1.75745583,0.006711959999999989,0.4392783790696586,0
0.6251532712388371,3.528077234651582,-0.6099659265077325,-1.8748819416370006,0.42640843851025584,-0.6819847506545761,AGGRESSIVE,3582481,2.1545267295847506,0.16460836220925923,-0.20637250000000007,1.9523618,-0.39477825,0.21516509123858946,0
0.7080447266258936,3.1540653876842724,-0.24869459329430516,-1.6922848839683535,0.973433575260248,-0.6133309476529069,AGGRESSIVE,3582481,1.7295973356974155,0.35449508730228296,0.08169104000000005,-0.33783889999999994,0.35582542,-1.2989332958704338,0
0.91301339674087,2.9985426427422777,0.06635635994871947,0.05151702648197765,-0.15934420052896,-1.2523396378758433,AGGRESSIVE,3582482,1.6301531862551892,0.060816854387834955,0.20200036,-0.14048119999999997,0.31030177999999997,-1.4009384885553362,0
0.2611322102226141,1.1054213354466849,-0.043124026469106416,-0.8979876644275235,0.22793025970876307,-0.5974877191187339,AGGRESSIVE,3582482,-0.5573897088357918,-0.3231522411854587,-0.64244079,-1.7100261,-0.107830046,0.04150180327731473,0
-0.11098912717166955,-0.13015553377971434,0.5390397623495844,-0.20411884528666485,-0.07704837802562053,-0.291186032753273,AGGRESSIVE,3582483,-1.0320648786818445,-0.7753511979714793,-0.36673236,-1.11607676,0.573388076,-0.4842714461925989,0
-0.6244614273724708,0.6570398955104652,-0.6606984539522357,0.681476865724058,0.39736284151100604,0.43231971494116306,AGGRESSIVE,3582483,-0.5161480404634401,-0.32071348294428537,-0.50603631,0.711061,-1.1816529999999998,-0.32154564899590016,0
-1.5918515532881783,0.21422448492449725,0.5139848266804548,0.37106189010601637,-0.29004932759024804,0.0996126937932491,AGGRESSIVE,3582484,0.2147184833781423,-0.6235405913555138,-0.9533805999999999,-0.39998805500000006,1.15697575,-0.23844317249349825,0
-0.05738694544892001,0.6592471305565464,1.3543340548065848,-0.4414950277287921,-0.4788456407253242,0.025677794441344378,AGGRESSIVE,3582485,0.0029092380961844673,-0.4806266214584901,1.5122428369999998,0.401981815,0.8276815500000001,-0.018581400092205026,0
-0.29697007131579106,0.5175335205424008,1.4272883905016498,-0.34106664227459316,0.2811805010622757,-0.01657071700396716,AGGRESSIVE,3582485,0.06183235693870864,-0.6962423093257056,-0.23611353699999998,-0.12800762999999998,0.07185459999999999,-1.5196286912208463,0
-0.9271974421524921,0.997954575341032,-0.27225260386225303,-0.359326355514344,0.431249343606974,-0.1327541191559643,AGGRESSIVE,3582486,-0.24749114007965772,-0.5613211242904752,-0.62110056,0.43395663,-1.6739216000000001,0.04905917937463156,0
0.37598373412343733,0.5963541723194036,0.024660707081547127,0.22498422902532653,0.22308932291319905,0.0362399179800627,AGGRESSIVE,3582486,-0.9775606299831199,-0.7491281424802292,1.2843088,-0.36275920000000006,0.29243755,-0.4249442771253831,0
-0.8888013384263852,0.1528680258067475,0.829668081427361,-0.14020988631196757,0.431249343606974,-0.06410028935411595,AGGRESSIVE,3582487,-0.3133089717706099,-0.5957153875575322,-1.24646874,-0.40059392,0.79287245,-0.2595632686569646,0
0.08770567621847725,0.7699399526185194,-0.42128684097427826,2.151383101491362,1.1428662046107596,-0.006008584820029723,AGGRESSIVE,3582487,-0.8191048751769963,0.5667715071990633,0.96236546,0.5573911699999999,-1.23209765,-0.12962783683095902,0
-0.3939537267701999,1.456847372151414,0.8185949212659943,0.16107525510485698,-8.911747537611996,0.34254162163596175,AGGRESSIVE,3582488,0.10547604389021047,7.698757792320127,-0.47468412,0.6204724500000001,1.22119141,-0.3409723704289141,0
-0.8890675942837419,-0.18459125111766256,1.758131824368351,0.2523737764662944,-0.5272549294338499,-0.03241390577013229,AGGRESSIVE,3582488,0.6075965119426233,-0.46673123871881556,-0.48794373999999996,-1.48268517,0.9253740399999999,0.026103846197653262,0
1.3775972352507388,1.1526942110549616,-1.3337450618403985,-0.66974136102393,1.244525750522221,0.02039673267198521,AGGRESSIVE,3582489,0.8454531582616841,0.24107123717638937,2.2338394999999998,1.2079485,-3.0452690000000002,2.189534303342382,0
-0.10294884968402616,0.7429862024825525,-0.12061663749751533,-0.5967025379564713,0.4457721302195317,0.24220140479204208,AGGRESSIVE,3582489,-0.9904456147774827,-0.42300710842792116,-1.4591051499999999,-0.37008267000000006,1.19484136,0.13401946297764772,0
0.6009360022031816,-0.9796194665080173,1.130860141528528,0.2615036405590559,0.11658884813088527,-0.23837538912402403,AGGRESSIVE,3582490,0.20088125813255098,-0.7751619893060031,0.69369135,-1.55600206,1.23261164,0.31600487671919614,0
0.10891703432914639,-0.8374664929933809,-1.3039649473990254,0.05151702648197765,-0.13029862730384462,0.23163930718898107,AGGRESSIVE,3582490,0.10961167361979146,-0.7069541595691216,-0.48489366,0.12840450000000003,-2.3981218,0.6653158239961059,0
0.17491119692786347,-0.8135411261112685,-1.4572760045888897,-1.829232621173193,1.5349815620204896,-0.9671622158782576,AGGRESSIVE,3582491,0.2587021291404278,0.9200844803596855,0.06503845,0.021611399999999947,-0.15100000000000002,-1.6324986698356316,0
-1.2720225618703846,-1.4544746856939246,0.8842223489361033,-0.34106664227459316,0.29570329559954484,-0.03769496926853528,AGGRESSIVE,3582492,0.7234530574143669,-0.6864067196192004,-1.42597959,-0.578945,2.3062019,0.9897923856428138,0
-0.48415847156730135,-2.0867772937747655,-1.9236536216770341,-0.3228069439806146,0.1746800342046734,0.37422802683299317,AGGRESSIVE,3582492,1.576443136671052,-0.5564633468656095,0.77645442,-0.5711488,-2.7655491999999997,1.1468623023721978,0
1.0202731483046223,-0.08601840522774003,0.4035022793868442,-0.377586083699867,0.48934052968076214,-0.02713284227172931,AGGRESSIVE,3582493,-0.36626594957079345,-0.5075635371323921,1.4826447800000002,1.8072534,2.29207565,1.4940454116360147,0
0.31275111355440477,-0.2751583309720363,-0.9299221127142725,1.0466709810613521,-0.11577582484186398,-0.3228724206598662,AGGRESSIVE,3582493,-0.4953724547599093,-0.40002783990956414,-0.6972758600000001,-0.17084706,-1.31332395,-0.2936577971035589,0
-0.17222153105314691,0.5175333876938103,-0.18983537160577185,0.5353992345349126,-0.05284372574664624,-0.14331625133990172,AGGRESSIVE,3582494,-1.1812629476076217,-0.7078263744935928,-0.47794938,0.71602571,0.72893045,-0.6645494333478432,0
0.5536595046132937,-0.13489429835167813,-2.1249603805734596,-0.5967025379564713,0.30538515334125,-0.259499662137118,AGGRESSIVE,3582494,0.8821005429453178,-0.5638819645058921,0.71536899,-0.58932746,-1.90595435,0.3326925219082948,0
0.25193360813906535,-0.7813915015453172,1.253466446000312,-0.13108003417582384,-0.14966234278725485,-0.5288339247622839,AGGRESSIVE,3582495,0.06858794120722511,-0.5675309724091588,-0.29735637,-0.58397055,3.3274993999999998,1.6123239575537869,0
-0.18066461184755436,0.06978085409145876,0.14972831396948777,0.1702051191976185,-0.4207544625762476,-0.47074221071845657,AGGRESSIVE,3582495,-1.4729354641229884,-0.4489115770214651,-0.42633343,0.768850331,-1.0871000499999999,-0.39287856478166344,0
-0.6167458927376797,0.7708504636447461,0.2797563661076324,0.7453858246987553,-0.9387340498752588,-0.5658013485025788,AGGRESSIVE,3582496,-0.6572830520063665,0.09004197894538479,-0.42976604999999996,0.633264929,0.12806797,-1.0187189940830028,0
-0.06108085278294293,2.8754802330776705,-0.06494302971534968,-0.6058323871034605,-0.3094130668477927,-0.5182717839331272,AGGRESSIVE,3582496,1.3017709421996888,-0.41993431037760187,0.5476180239999999,1.9010782999999998,-0.33950329300000004,0.21995442618016037,0
0.06402211623713754,3.4137781822505215,0.9248548556164898,0.01499761494824824,-1.0597572637218613,-1.574484535485039,AGGRESSIVE,3582497,2.0497243911151934,0.6924272491269543,0.12329125599999999,0.48623590000000005,0.974877373,-0.6964124742463944,0
0.8072160534442603,3.8335485083909373,0.263544615278217,-0.20411884528666485,-0.21259444188247262,-0.8087302763452915,AGGRESSIVE,3582498,2.471447604090884,-0.3083532607443246,0.73243117,0.37917179999999995,-0.65134145,-0.7421075943516491,0
-1.1801382134316465,1.8699674085652251,-1.5279510820568984,-0.12195018203968008,0.37799912602759583,0.12073694951590486,AGGRESSIVE,3582498,1.2386673193931093,-0.6108573459775031,-1.95857385,-1.7736712999999997,-1.7644901499999999,1.396950079637702,0
-0.8975328360077404,0.6588351227949554,-0.06170803848021172,-1.3544803160720273,0.1117479192600327,-2.2979903869221046,AGGRESSIVE,3582499,-0.5319758129070143,1.0998833479703547,0.27851275,-1.0939963600000002,1.444140453,0.044630515598300474,0
0.5726266728719913,-1.2116190487593208,-0.35170113502157996,0.20672452325846177,-0.02379814459681938,-0.49714750227481413,AGGRESSIVE,3582499,-0.09566649660029557,-0.6083783793125751,1.4488689899999998,-1.6895512400000001,-0.285621653,0.4580334812047346,0
-0.16449817312315684,-0.022380925849747678,-0.28727726006871224,-0.3867159029553119,0.14079350040985958,-0.14859730878665137,AGGRESSIVE,3582500,-1.3452608833957846,-0.773032049317667,-0.72644997,1.074219714,0.06345273000000001,-0.4932246152574596,0
-0.6699042805367839,-0.6690933703294991,1.44745742461474,0.4988797931096387,0.024611166300898372,-0.011289652641042263,AGGRESSIVE,3582500,0.3174127775165067,-0.7353842492185543,-0.49808693,-0.584164974,1.7085847699999999,0.0849821007601006,0
-0.8375194861926821,0.21558064208246727,-0.28588295184534623,-0.3228069439806146,0.4215675017146918,0.0362399179800627,AGGRESSIVE,3582501,-0.7160926532825214,-0.5706909125956148,-0.16518783999999997,0.79911184,-1.7072114799999998,0.10417428252033457,0
-0.23607721468106405,-0.8732876097684366,1.0525948468331023,-0.14020988631196757,0.0439748912939624,0.004553538718688605,AGGRESSIVE,3582501,-0.08317682535460814,-0.9159699944990224,0.59273232,-0.98355722,1.3183011800000002,-0.040564800245510374,0
-0.8944346589047454,-0.5186937873556948,0.15788694970927405,1.22013818958301,-0.4255953835223887,-0.053538161492788054,AGGRESSIVE,3582502,-0.5078361845345105,-0.23981013991940833,-0.64882326,0.32029891,-0.8812208000000001,-0.6522889801865907,0
0.3509604120086389,2.347961397112866,0.5579646416979036,-0.15846959955171838,-0.0673665202839154,0.09433163202388993,AGGRESSIVE,3582502,0.8613790555110349,-0.8325367792877442,1.22735954,2.5894036299999996,0.3940468,1.1104584524880625,0
-0.09915272912104318,2.9463607128106184,0.19695859753171568,-0.05804120811921057,0.179520947226103,-0.04825709799438507,AGGRESSIVE,3582503,1.3878379578607205,-0.8436809925591283,-0.443594704,0.5405245000000001,-0.35556413,-1.0101808620288417,0
0.8032571210774041,3.006718366407769,1.7488103090302045,0.343672312773504,0.5183861029058775,0.3372605512213835,AGGRESSIVE,3582503,2.190433858604716,-0.367759761391917,0.8893413539999999,0.05452009999999996,1.52845863,-0.019558621202208328,0
-1.750212500862906,2.1578974651397047,-0.2769099907186782,-0.770169746478129,-1.0161889435077456,3.7752331549544755,AGGRESSIVE,3582504,1.3140404488528425,2.589181089268271,-2.51649085,-0.7667262999999997,-1.99518398,1.5220942231384085,0
0.5936548989051614,1.3246539467494194,1.014272666713216,0.8549440742457157,0.920183397304427,0.5485031257383792,AGGRESSIVE,3582505,0.23399348824233768,0.12878435356426512,2.30992404,-0.7526555000000001,1.27171898,0.9592101152810568,0
-1.0194620372375178,0.2572756039270125,2.7223373497348695,0.46236042641322594,-0.3432995768684721,0.5062545797121913,AGGRESSIVE,3582505,1.7053693966670458,-0.3428783919547729,-1.58975614,-0.96414573,1.6823168000000002,0.7230453625679344,0
0.40626474693063963,2.39796128894775,0.6870166709725569,-0.5236637298347847,-0.7644605629762976,0.7914320017097773,AGGRESSIVE,3582506,0.9674913962604322,0.0976313248669904,1.40507973,1.93364703,-2.00463964,1.338874791409476,0
-0.7617829872736664,2.1410116343539713,1.7630903709981778,0.7453858246987553,-0.7596195944818876,-0.29646710316785124,AGGRESSIVE,3582506,1.4491588516179386,-0.13726026630106816,-1.15113233,-0.23209849999999976,1.05985264,-0.2080264317589958,0
-2.149160982923905,0.6066568794116789,-0.8103058815101982,0.9736321281023489,-1.6842373654267435,0.3900711948506324,AGGRESSIVE,3582507,1.0000396471778745,0.7681361509870595,-1.3672863,-1.38595803,-2.5346041,1.415768060630951,0
-1.8380254887755076,0.43953233422435956,0.37695327162362346,-0.6058323871034605,-0.038320933586790513,1.0660473001686448,AGGRESSIVE,3582507,0.48153243746379293,0.048371478566389105,0.3066297,-0.15096092,1.16936205,-0.573763464039008,0
-1.0994720238426756,-0.17250032450403885,-0.14178399057221555,-0.770169746478129,-1.4518727796258204,-0.7506386401084362,AGGRESSIVE,3582508,-0.4333316042770049,0.5871290793349611,0.7278578999999998,-0.5528392799999999,-0.5109176599999999,-0.7459563904431172,0
-1.6812832834616078,0.06592195791128186,0.20388851114295115,2.8543820089115655,0.6442503327951588,1.4885325010739514,AGGRESSIVE,3582508,0.23018973190797556,1.1189185807468358,-0.5733855999999999,0.21536302200000002,0.34046173,-1.0943730390909876,0
-2.4176180172294397,1.2557370798892518,-2.110855052598482,0.8366843759517372,0.019770235052632368,1.2931331723815667,AGGRESSIVE,3582509,2.232111282739064,0.2854315276632051,-0.7256713000000001,1.074740908,-2.27985042,0.8391845886672832,0
-0.9939380039360911,-0.47161841331842996,1.307657640435868,0.4167111208951906,-0.96777965479922,1.1716687084602104,AGGRESSIVE,3582509,0.2861844602262132,0.46937066216633155,1.4030626000000002,-1.5602925,3.366981,2.1916669021042403,0
0.2982916752252591,-0.5397825157827156,0.3763577850795677,0.11542599442413828,-0.3094130668477927,0.34782269205054,AGGRESSIVE,3582510,-0.8177255771205229,-0.5200015662555136,1.2735159,-0.06157153999999998,-0.91726116,-0.21927817539482108,0
-0.4525321259534053,-0.6149976236050155,0.7788057675428539,0.6540872883915456,-0.09641210143374226,-0.2119700802772282,AGGRESSIVE,3582510,-0.43148638615388313,-0.6234758635804492,-0.7399505399999999,-0.06794060000000002,0.39638135999999996,-0.9521148821938292,0
2.1016380309768454,-0.12846535651805663,0.11242569299211459,-0.6332219195986561,-0.9968252280243353,-0.4284937079183641,AGGRESSIVE,3582511,0.8212780172452454,0.06947089754852451,2.51718124,0.43947679,-0.65633486,0.8546212603303,0
0.9569552933910092,-1.0440163814952712,-0.785580158492021,0.35280216192049335,-0.8709610298338999,-0.47074221071845657,AGGRESSIVE,3582512,0.2041692992711104,-0.05932063207995835,-1.1281057,-0.82700255,-0.88446904,-0.13450044034759778,0
-0.15943364983763167,-1.4016277378603206,-0.2451846127878193,-0.03065165096349074,0.08754326698105841,0.009834600488047773,AGGRESSIVE,3582512,-0.08764915008375623,-0.9076719194806946,-1.10022165,-0.3230245999999999,0.5322494600000001,-0.527606447692479,0
-0.8335803809578869,0.4888404723784879,0.5464247864335707,-0.03065165096349074,0.5474316761309929,0.36894697370885304,AGGRESSIVE,3582513,-0.49822251610256635,-0.3568476741909967,-0.6643838900000001,1.7076296,0.77967644,0.20386685706818303,0
-0.5327160920909654,0.6620451432839889,-0.2608328287219853,0.30715290123977457,0.010088373348571506,0.30029312748108844,AGGRESSIVE,3582513,-0.8164419078058974,-0.6392235592586698,0.29650724000000006,0.15645299999999995,-0.79508877,-0.9312886924384779,0
-0.4077291290432484,0.8046009801489126,1.493633293613307,-0.27715766835412364,-0.12545769050828057,0.37422802683299317,AGGRESSIVE,3582514,0.26268436082601854,-0.5733193354446848,0.12317692999999996,0.1287684,1.72801877,-0.05177213336874668,0
-0.21665583868826352,0.7394974213680661,1.091063230875077,-0.9984160648274948,-0.9629387180036559,-0.28590497962913297,AGGRESSIVE,3582514,-0.22802488792304623,0.08103816098899023,0.18830621000000003,-0.05880699999999994,-0.3965015999999999,-1.3538053197441797,0
1.6803327832712542,1.8014940345825654,-0.761117764982405,-0.861468237948022,0.3247488688246602,-0.021851778773326322,AGGRESSIVE,3582515,1.172875278522645,-0.47835618997349494,1.86951686,0.9592845,-1.8242606600000002,0.9999483971768429,0
1.7221163839654785,1.1367874854509479,-0.43891999851789676,-0.2862875324468852,-0.02379814459681938,-0.27006177703061723,AGGRESSIVE,3582515,0.7055593687763162,-0.7830238956312856,0.04117850000000001,-0.60041876,0.31734086,-1.1148857963252943,0
-0.2671673449450357,0.8315554720228425,0.49364727224105726,-0.46888457516976007,-0.13029862730384462,-0.07994348157836872,AGGRESSIVE,3582516,-0.6824735500967187,-0.7428795448469441,-1.96047537,-0.27571117999999994,0.91850947,0.39616242156676335,0
1.8152580404562393,-0.597308457393334,-0.2108603992235391,-1.254051900726284,0.1117479192600327,-0.33343455284380363,AGGRESSIVE,3582516,0.6011075521134964,-0.3248884794861024,2.05226817,-1.29066986,-0.69388771,0.73745172279403,0
1.3398106179700588,-0.355625807087374,-1.0654760943834982,-1.0897145413516154,0.35379444204977567,-1.1678426495660967,AGGRESSIVE,3582517,0.38389995624770645,0.16459886322289352,-0.4685621,0.21830806000000003,-0.84173296,-0.8056359108922563,0
2.2508632773849357,-0.03630611287785459,-1.2075581827044706,-0.3228069439806146,1.413958300625618,-0.5393960569462212,AGGRESSIVE,3582517,1.3334550729959669,0.4298213889613053,0.897859,0.288436356,-0.13994030000000013,-0.8402501200781985,0
-0.8077750337315609,-0.3890193151463614,1.087789582916817,0.03325731922053572,0.6200456488173387,-3.8717473129042816,AGGRESSIVE,3582518,-0.06374663303699653,2.4408225906864516,-3.0143438,-0.318600176,2.2607470000000003,2.004603293489447,0
-2.600572320238339,-1.639875078609417,1.368527917378827,0.10629614527714898,-0.004434419603755364,0.8019941684745912,AGGRESSIVE,3582519,2.180962616705066,-0.22942235292752353,-1.7668344000000002,-1.12987794,0.27650639999999993,0.3286689232515334,0
-1.7331018076577955,-1.009393492581029,0.2506414388995606,1.1470993366240065,0.44093120927339063,0.08905057025453078,AGGRESSIVE,3582519,0.6177346548541988,-0.2604787267688548,0.8549080000000002,0.5695039000000001,-1.10103512,-0.28451847739482944,0
-1.0749924156707356,0.47492878940959177,-0.23883469216611833,-0.16759944122582157,0.135952571539007,-0.5974877191187339,AGGRESSIVE,3582520,-0.4012320454316991,-0.5168500344881419,0.6485787999999999,1.3407645,-0.48209762,-0.22450015231396198,0
-0.878738764497162,0.7726902727020203,0.982617994623567,-0.6880011041552253,-0.9871433702826302,0.4111954678637264,AGGRESSIVE,3582520,-0.018002125035826832,0.10625460498280258,0.1934115500000001,0.26896317,1.2030401400000001,-0.5440524370822479,0
-0.04179894026882903,-0.7291661079831764,0.7379070174285144,-0.34106664227459316,0.49902238742246724,-0.3228724206598662,AGGRESSIVE,3582521,-0.47958202494335134,-0.45776726262398604,0.8248194502,-1.3566027699999998,-0.24102213000000006,-0.1838764714679046,0
-0.16759162682288972,1.5750299209703718,0.22694883949889025,0.215854364932565,0.12627071379730187,-0.1697215688319167,AGGRESSIVE,3582521,-0.07557348699190482,-0.8202135756589461,-0.12397098520000001,2.0813433,-0.50325584,0.35838338451421525,0
1.5257412231161487,-0.06507964071781161,0.9884605165642704,-0.19498901108544778,-0.3094130668477927,-0.20668901850786905,AGGRESSIVE,3582522,0.4752581068202393,-0.664252057463427,1.668810385,-1.48148465,0.75003242,0.5689279213971277,0
-0.6803061987738417,-0.8448219873205159,-1.7324032558882523,1.4209950202744965,-0.8467563617055027,-0.6080498685931095,AGGRESSIVE,3582522,0.6673516092186422,0.20938963266308666,-2.1740999399999996,-0.70432875,-2.67984865,1.7436726548776076,0
-0.3433730284901306,-1.1966153503776091,-2.515910683542715,1.6401113998022396,-1.6164644404819222,4.081534996933881,AGGRESSIVE,3582523,1.562564075365563,3.1150879699228047,0.33205377999999997,-0.3177692999999999,-0.7716965999999998,-0.8957630360974247,0
0.4449407135683987,-2.2488035307510086,1.5617714284415787,-0.925377241760036,2.217552889422717,0.9076154470878701,AGGRESSIVE,3582523,1.458333184171888,1.358565986524756,0.77689756,-0.9504246999999999,4.0162139,2.4253533106852707,0
-1.4029101463892342,-1.036435819514623,0.1736600786193743,0.2523737764662944,-0.2222763154736007,-0.5446771014251421,AGGRESSIVE,3582524,0.3008851009654027,-0.5080731138293177,-1.8210907,1.0951122999999998,-1.36718654,0.7425781912871564,0
-0.38179871056319614,0.7369260261943575,-0.3875484279442155,-0.0032620923131936857,-0.01411628051534508,0.5801895309354107,AGGRESSIVE,3582525,-0.7920847389067768,-0.43016974873653885,1.00632393,1.6018493,-0.55274868,0.18326077269340033,0
-1.340245044497868,-0.7878693538016255,-1.106000166488336,0.44410069822770293,-1.2775992610280134,0.4376007680653031,AGGRESSIVE,3582525,0.4943164276405437,0.34582519269487383,-0.94456633,-1.3773232,-0.7076215799999999,0.025325210459966607,0
-0.6519576514971988,-1.8618335215721615,0.2961782241567489,-1.2175325639214156,0.4844995849604866,0.78086996462325,AGGRESSIVE,3582526,0.5292292594164473,0.07173559357376832,0.6783197700000001,-0.9700946000000001,1.3810415299999999,0.030454762633399607,0
-2.0537401194712746,-0.10346659516721196,0.17725139521057193,-0.5327935341444574,0.4215675017146918,1.4410029019236232,AGGRESSIVE,3582526,0.6720741505641751,0.4216113103963989,-1.38148217,1.58830463,-0.11713409,0.3215573774877808,0
-3.8333158341528084,-0.12501589858631867,1.9217326932886931,0.01499761494824824,0.8040010251568508,1.9427039861432214,AGGRESSIVE,3582527,3.305063992369057,0.9470657613469179,-1.7538043,-0.019465139999999992,1.71818446,0.6706003517396281,0
-3.2800313935009875,0.6151816959605068,0.5450072175723223,0.4988797931096387,0.4070446992527112,1.8370826643038471,AGGRESSIVE,3582527,2.1992899497658116,0.7571354645792819,0.5452718999999999,0.66860861,-1.3559723,-0.18255213316214977,0
0.5082303599727339,0.08264547185374752,1.5696095831535373,0.6358276199891115,-0.5175730716921447,1.0554851766299265,AGGRESSIVE,3582528,0.24911827194089795,0.1686617360665663,3.733401,-0.4810314262,1.0091572000000002,2.121112639918815,0
-1.6204324554763156,0.28455336070416826,-0.7273706406353179,0.40758128669397353,-0.05768466254221027,-0.18028369669324454,AGGRESSIVE,3582528,0.3378066402004007,-0.7577323919442746,-2.097836,0.1823801562,-2.26235485,1.3098162690112887,0
1.2297452764849761,-0.77681717031608,0.4596116083618986,0.2615036405590559,0.2037256074297888,-0.29646710316785124,AGGRESSIVE,3582529,0.1263536091276779,-0.6964106117634041,2.8089021,-0.9587189700000001,1.1690893199999999,1.4096676010333593,0
0.07633763683254334,-1.0561472291103002,0.2758358470185325,-0.23150840767340497,-0.21259444188247262,-0.06410028935411595,AGGRESSIVE,3582529,-0.4391789277830095,-0.7685522688359873,-1.1367042500000002,-0.25231436000000007,-0.18100547,-0.6139309838589139,0
-0.17720996239224227,-1.9620906993857654,0.13111524494417243,0.30715290123977457,-0.5369368188744009,0.09433163202388993,AGGRESSIVE,3582530,0.5005413541537568,-0.4319381808377823,-0.24987578,-0.8183242,-0.14253904,-0.9267251070701809,0
-0.6378656949565452,-2.7757194555298654,1.4750105690373039,-0.0032620923131936857,0.431249343606974,-0.06410028935411595,AGGRESSIVE,3582530,1.899068110805245,-0.5999653499745329,-0.45398462000000006,-0.7349377999999998,1.3236370400000002,-0.20930274981549887,0
-0.56054922525654,-1.5333788881635522,0.36589078231795913,-0.14020988631196757,-0.07704837802562053,-0.021851778773326322,AGGRESSIVE,3582531,0.18119980690254534,-0.8986195480397893,0.07619679000000001,1.1221862999999999,-1.09240058,-0.22202008007248325,0
0.04067180224921666,0.25565245984991064,0.2314057848393524,0.05151702648197765,0.08270233018549437,-0.0852245450767717,AGGRESSIVE,3582532,-1.368695248188255,-0.9287162499794589,0.5925142800000001,1.61600331,-0.13245772999999997,-0.06272723166397166,0
1.2115198398160998,0.35098047892012363,-0.7889148668938533,0.0697767292596879,-0.11093489597101143,-0.02713284227172931,AGGRESSIVE,3582532,0.043955269654090905,-0.8780004643627434,1.1538920799999999,0.08610827000000001,-1.00494003,-0.2575995843377465,0
1.0692838096636241,0.20828146448693202,0.5240674248105225,0.17933495339883557,0.5861591070978134,0.26332567780513605,AGGRESSIVE,3582533,-0.2622525456090703,-0.3668159745547114,-0.14017619999999997,-0.12889773,1.29319,-0.4843828307645407,0
1.0797887396942751,0.6910842398843756,-0.04267378032268019,0.8184246328204419,-0.793506136201413,0.07848842942537425,AGGRESSIVE,3582533,-0.24315687858960489,-0.10464489822235067,0.01035279999999994,0.43610800000000005,-0.558197977,-1.0866520695004818,0
-0.20299051048307354,0.33044267359735396,-0.038280738279830855,0.562788752084336,-0.44011820975850374,-0.38624519647305255,AGGRESSIVE,3582534,-1.3898125435970048,-0.40640143704212267,-1.2642023299999998,-0.32576174,0.004326819999999999,-0.4860220867791612,0
1.1407578810674022,2.224415972115117,-0.4106416724887248,-0.5327935341444574,-0.048002796875793674,-0.5129907308089872,AGGRESSIVE,3582534,1.025148657231783,-0.5310411364678558,1.32428853,1.7107956899999999,-0.366747853,0.40809711761176515,0
-0.5838020473893739,0.27296972750357607,-0.3603284152499603,0.6175679067493607,0.4699768141973519,-0.5446771014251421,AGGRESSIVE,3582535,-0.9310601862950229,-0.3092819304034023,-1.6995852400000002,-1.76271008,0.04955482,0.6644112740417967,0
1.0586482884407404,0.9401368318016728,-0.6116710500551881,-0.12195018203968008,0.48934052968076214,-0.3756830642891152,AGGRESSIVE,3582535,0.025712624175106346,-0.4664906002988857,1.6186647399999998,0.6026413399999999,-0.24755381999999998,-0.0440491683537256,0
-0.901619508275064,0.9444081464669993,-0.5878418921300672,0.38019170936146124,0.14079350040985958,-0.1327541191559643,AGGRESSIVE,3582536,-0.18228197553723083,-0.7595329327251302,-1.93187964,0.003858210000000084,0.02346994999999996,0.14423329861159073,0
-1.0963950640033135,0.09082666467429,0.7182840448113739,-0.5419233683456743,-0.028639073467671947,0.0996126937932491,AGGRESSIVE,3582536,-0.20991337253664044,-0.7012592731568804,-0.19195485999999995,-0.7710264560000001,1.286437,-0.2782624313483712,0
-1.4190199448622687,-0.17870909194055912,-0.3531273847407022,0.3254126144795254,1.5543453567510146,0.057364182347937574,AGGRESSIVE,3582537,-0.02208894562822203,0.5101874055196504,-0.3179527,-0.24346732399999998,-1.0552606500000001,-0.6638909240712608,0
-0.8291123864680228,-0.999081342168122,0.896624908871259,-0.13108003417582384,1.2735712445002219,0.07320737630123417,AGGRESSIVE,3582537,0.11400041781466734,0.22913850993663995,0.5813646499999999,-0.7410290900000001,1.2309131500000001,-0.24014978368126763,0
-1.2409708783839863,-0.8214675372555048,-1.7172639412865054,0.4532305623204645,-0.648278270075836,-0.058819225855712955,AGGRESSIVE,3582538,0.9281653852071472,-0.32296583045859617,-0.40589405,0.16043570000000007,-2.5744863000000002,0.8274769471090703,0
0.2027559381994143,-0.8173920746245267,0.40686314204585006,0.215854364932565,-1.2049852883416676,-0.11691092866075536,AGGRESSIVE,3582539,-0.5960234529492485,0.18141033297198778,1.42281909,0.0036812999999999985,2.09210735,0.7458604195681467,0
0.5222559757818557,1.3579743659422734,-1.0013349818771697,0.35280216192049335,-0.09641210143374226,-0.006008584820029723,AGGRESSIVE,3582539,0.20714884281276336,-0.7831462168457666,0.31487311000000007,1.9649736,-1.38697052,0.6408369832594165,0
0.7749233477538218,-0.6544479092424278,-0.5117000469541724,0.19759466663858638,0.6636140482785691,-0.006008584820029723,AGGRESSIVE,3582540,-0.3387133973107487,-0.3608774936472147,0.24900829999999996,-1.81778875,0.48225403000000006,0.1090835128618467,0
0.25365779746047434,-0.46906691222112884,0.336493133275549,0.1702051191976185,0.010088373348571506,-0.058819225855712955,AGGRESSIVE,3582540,-0.9214597751683465,-0.9101587121734268,-0.5137167,0.16745168000000005,0.83540726,-0.7984683026506368,0
1.0172237881577912,0.7140532629765849,-0.48936108265798706,-0.021521797930600665,-0.20291257621605602,-0.14331625133990172,AGGRESSIVE,3582541,-0.18880057590057864,-0.7926940890191216,0.7525082000000001,1.06869347,-0.8134050399999999,-0.25065226417934966,0
-0.24535032578750043,0.4832976527840448,0.19447304963181258,0.15194540595786768,0.10206606151832757,-0.12219199129463644,AGGRESSIVE,3582541,-1.170235178947445,-0.8745230957657943,-1.2442898,-0.20843783999999999,0.67352581,-0.3606312573554401,0
0.8646771419864169,0.4291914553037856,0.2502686595104359,-0.1036904702945065,-0.14966234278725485,-0.02713284227172931,AGGRESSIVE,3582542,-0.5483207764011985,-0.8454569249171923,1.0939523,-0.04887326000000003,0.05495453000000003,-0.6963536364203148,0
-1.8137804779900801,0.380799762079587,-1.4323353414991422,-0.41410548028782423,-0.8951656821128742,-0.12747305479303941,AGGRESSIVE,3582542,0.9807283449697035,-0.10369532728708916,-2.6396688,-0.04371143999999999,-1.65723992,1.3363563231370394,0
0.04293425660359831,-0.261112847331209,-0.6262619476533515,-0.359326355514344,0.14079350040985958,0.3214173745585251,AGGRESSIVE,3582543,-0.8985328166678551,-0.6009905287250784,1.8298262099999998,-0.57982936,0.7939224,0.2902774679092164,0
-0.007629387704692738,-2.0684045551413512,-2.0946284478567043,0.14281555681087837,1.757664448573937,-0.04825709799438507,AGGRESSIVE,3582543,1.6642913841980593,0.6957856958015332,-0.049831392999999995,-1.6324976,-1.4462319,0.39523536720109437,0
0.8997085590785272,-1.4943909266913324,-0.570283308739764,0.7453858246987553,-0.20775351301162004,-0.5235528543477055,AGGRESSIVE,3582544,0.41764824586987764,-0.40366957544567805,0.8941980829999999,0.5184972999999999,1.5013666999999997,0.03433714442064828,0
-1.1178875128060748,-4.048903480121644,-1.1419646053035448,-0.021521797930600665,0.08754326698105841,0.11545588774654571,AGGRESSIVE,3582544,3.112269422053293,-0.8297155735339272,-1.9883777,-2.3074502,-0.5630635999999999,1.3167388640396334,0
-0.3129275032509419,-1.0950537101137614,0.5393961344096747,-0.6240920853974392,0.24729397519217333,0.316136321434385,AGGRESSIVE,3582545,-0.25915496603753335,-0.4929341955708029,0.79330276,2.6681651000000004,1.6560153999999998,1.4589537647568764,0
-1.037619245842946,0.9929082109287897,5.242494154728284,0.2523737764662944,-0.8225517490500858,-0.02713284227172931,AGGRESSIVE,3582546,4.659731555148443,-0.18551230459985593,-0.71419692,1.8860225,4.632202100000001,3.282984910861627,0
-0.9797896100829903,-0.4678099320712256,0.5784193420298744,0.07890658289040886,1.1380252361163499,0.1735475758547156,AGGRESSIVE,3582546,-0.28687569036295646,0.11156206173321534,0.05699215999999996,-1.31944326,-4.593767140000001,3.00902833796943,0
-0.08599470964662982,0.33900741114758703,-0.09438619183564491,1.2475278117528388,1.457526620839734,-0.04825709799438507,AGGRESSIVE,3582547,-1.4207284100604316,0.5464824339416086,0.880851164,0.7287851599999999,-0.66266346,-0.47001412289217753,0
0.357964544274555,0.2924116758751257,0.022834548008007636,-0.7153905768673321,0.10690699038918013,0.4164765382783047,AGGRESSIVE,3582547,-1.197371964768877,-0.4408088094988113,0.437529936,-0.042089180000000004,0.11545371900000001,-1.3421434302472635,0
1.1358535577619053,1.505423348511883,-0.08088753906598285,-0.14933973545895685,-0.2658446911606967,0.36366589464905574,AGGRESSIVE,3582548,0.35424085153272405,-0.535416207153651,0.7666238000000001,1.09569398,-0.10215854899999999,-0.45016205823881505,0
-0.8629468191007929,0.18482745547415688,-1.1903655152413937,0.8640739383384772,-1.0016661965187452,0.0362399179800627,AGGRESSIVE,3582548,-0.019786661774613735,0.08150506289413265,-1.9698541999999999,-1.19287308,-1.0927533699999998,0.7648822502672348,0
-0.1558255075334539,0.9013425746449237,-0.9958806922679115,-0.3136770798878531,-0.11577582484186398,0.1788286462692939,AGGRESSIVE,3582549,-0.251563585860669,-0.716737963208088,0.69688094,0.64721661,0.19155309999999992,-0.8233605071386647,0
-1.7259399918544052,0.9952447519361614,0.35880691800737463,-0.7610398973311397,0.2521349119877374,0.4640061114929754,AGGRESSIVE,3582549,0.540809689747127,-0.35673690257105806,-1.5473764399999999,0.08482033,1.33426664,0.2578343381541128,0
-0.5597539076460362,0.9502052493341203,1.1575011359260625,0.5353992345349126,0.2521349119877374,0.5485031257383792,AGGRESSIVE,3582550,0.052798420976216946,-0.3446660209172494,1.14929764,-0.040683460000000005,0.7866544599999998,-0.39767592184227923,0
0.06725298495014227,1.9254015826962227,0.38251985396748545,-0.15846959955171838,-1.3308494389838343,0.4428818384798814,AGGRESSIVE,3582550,0.3296276823069886,0.3763436089687901,0.61792672,0.8808792,-0.7632989799999998,-0.4722017373315924,0
0.28638814092255144,-0.5326651082709498,0.3638951800058543,0.0697767292596879,-0.08673024369203713,0.3372605512213835,AGGRESSIVE,3582551,-0.8369921953563664,-0.6327352207371855,0.21596169,-2.2203322,-0.018343920000000014,0.4448749546474374,0
-0.2578618143468213,-1.057339102380208,0.039395842971290854,0.681476865724058,0.6975005107509797,0.0362399179800627,AGGRESSIVE,3582552,-0.4626966035661796,-0.2419197842869738,-0.53636825,-0.47392960000000006,-0.319607736,-1.0107707023475652,0
0.40572550779087174,1.6366070139199311,-0.26288943055936137,0.47149026061444305,0.6975005107509797,-0.07994348157836872,AGGRESSIVE,3582552,0.06666944628998538,-0.2931217112368422,0.6539774,2.4333983000000003,-0.297728534,0.7530894807727225,0
1.2436775403928901,-0.15662396587363955,-0.2573160659780026,1.137969472531245,0.16983908948439788,-0.6555794763886564,AGGRESSIVE,3582553,-0.15616072651379334,-0.19817789294918384,0.825817,-1.61979677,0.005489349999999976,0.029699265954200815,0
1.2370819241642144,0.2420688243334937,0.9644202767266344,-0.8340786905070541,-1.3695769491977694,-0.26478071526125807,AGGRESSIVE,3582553,0.18143157804940396,0.4092828011938875,-0.006500100000000009,0.36013280000000003,1.20331952,-0.5357516967214332,0
0.9624921468558064,0.4551496713156913,-0.9835710936598837,-0.20411884528666485,0.5280679606475827,-0.09578667293809959,AGGRESSIVE,3582554,-0.022041452737256006,-0.49659452110002844,-0.2706132299999999,0.19247251,-1.91862676,0.15945070821239227,0
-0.013348183010248604,-1.2417413595534108,0.44058315774905005,-1.5188176754466958,-0.8564382511460538,-0.021851778773326322,AGGRESSIVE,3582554,-0.19554797670509524,0.13527898051462478,-0.9617084300000001,-1.53277444,1.40268612,0.5038384597108578,0
-0.52297969173395,-1.303824494925109,1.6360600779867027,-0.14933973545895685,1.5059359887953743,-0.7295143498049039,AGGRESSIVE,3582555,0.7943561692801301,0.5644119718557769,-0.50225114,-0.056078699999999815,1.17745594,-0.5103438414083984,0
0.280989174304005,-2.4687583955567045,1.1661701147313888,0.14281555681087837,0.5571135655715439,0.4111954678637264,AGGRESSIVE,3582555,1.3885100643154487,-0.32085074963688764,0.79232597,-1.0522661000000002,-0.4628067,-0.3948381511719549,0
-1.7200680557990025,-3.534561010178055,-0.2364014324744621,-2.523101455259824,0.741068941911056,2.666209664675905,AGGRESSIVE,3582556,2.6715279484380123,1.84515377300052,-1.97207837,-0.9627224000000001,-1.38142876,0.8092694461371951,0
-0.47712277215305315,-2.0146168178736334,0.9501141214197881,0.3162827503867639,0.4215675017146918,0.12073694951590486,AGGRESSIVE,3582556,0.8634850931161353,-0.5411232111570826,1.2249452299999999,1.3729412000000003,1.16862966,0.3933982481715079,0
0.5308019770473442,1.0464371148596099,-0.8385213093937218,-1.1079742545913662,-1.2824401502753087,-0.47602328113303477,AGGRESSIVE,3582557,-0.13940053626814686,0.41600820537358807,0.9933282099999999,2.7650009,-1.761673,1.6468138607490028,0
1.1323413954178927,0.7752706130141468,-0.6547649099169821,-1.4275191092479418,0.2569758487833014,-0.006008584820029723,AGGRESSIVE,3582557,0.028193959255139237,-0.24403154692061627,0.59282806,-0.24494034999999992,0.1809864000000001,-1.1288577616914788,0
-0.6686732530743402,1.0867498424749675,1.7009438556519896,0.16107525510485698,1.486572273311964,0.34782269205054,AGGRESSIVE,3582558,0.6858724957620251,0.47956042594010784,-1.77493276,0.28135418999999995,2.3201981,1.1529546991973012,0
-0.7815184924140298,-0.7841913298701614,-0.36187570963291155,0.7271261861878655,1.2880941499834513,0.559065283857974,AGGRESSIVE,3582559,-0.375069709739721,0.41016543839611475,-0.11121104000000004,-1.68999114,-2.031724,0.8615184484939613,0
-0.9373539260649407,1.6958759733190256,0.9849863661717463,-0.4506248768757814,0.0681795435729367,0.9445829226994797,AGGRESSIVE,3582559,0.6324665307631548,-0.07675663645671997,-0.15357865999999998,2.240205,1.32655907,0.8242763959855086,0
-0.5775395148029843,-0.9604001502324908,0.21789841059961573,0.12455584357112756,0.09722512472276354,0.622438025090284,AGGRESSIVE,3582560,-0.4021327818562937,-0.382459067249159,0.35460366,-2.3993716000000003,-0.75552464,0.7562175878876735,0
-1.396712391904726,0.15319602897636314,0.0053417766887444,-0.4597547409685429,-0.06252558348835138,1.0554851766299265,AGGRESSIVE,3582560,-0.119949308298825,0.02157519959730056,-0.8073098000000001,1.00589356,-0.20935249099999997,-0.4848465674006657,0
-0.24998144257777874,0.7860449658143718,0.5893985864773998,1.5122935117443894,1.1815935563304658,0.78086996462325,AGGRESSIVE,3582561,-0.6546489027514334,0.5744724381692171,1.1301242500000002,0.57164229,0.575252561,-0.40002224761946353,0
0.10795225257711377,-0.7313788119628944,-0.88557729554411,0.9462425657156086,-0.47400470392976024,-0.1961268863239316,AGGRESSIVE,3582561,-0.3529106158129821,-0.3126498626509229,0.35275018,-1.3706645499999999,-1.45274165,0.2409849309147838,0
0.33432221133393325,-0.2614336434647973,0.40731823221250046,0.6540872883915456,-0.3239358376109275,-0.43377476104250423,AGGRESSIVE,3582562,-0.9642975566733004,-0.43163026733532944,0.22309172000000002,0.42449393,1.2734060299999999,-0.43049072216564516,0
0.666332256021611,0.8104770947151543,-1.150523118923293,0.38019170936146124,-0.29973120118137614,-2.2504607013195854,AGGRESSIVE,3582562,0.04846277352951727,0.9739006156635384,0.32720194999999996,0.9682397699999999,-1.53435798,0.05526438960136354,0
1.1212612350307802,0.3241007033075593,0.9539203983886563,0.005867759822950055,-0.038320933586790513,-0.11162986343330855,AGGRESSIVE,3582563,0.07792054073308392,-0.9481381732609896,0.4483408000000001,-0.43933598999999995,2.0727205,0.37928648606263504,0
0.2632560471506486,1.805835305101436,-0.7038377994786794,-1.5918563938937489,-1.1953034305999626,0.5220978082463644,AGGRESSIVE,3582563,0.34749314137073073,0.5118058294595139,-0.8455797500000001,1.3384270900000002,-1.63276865,0.48852271764536914,0
-0.12473816159140523,-0.1180870142949992,0.32184223115102845,0.47149026061444305,-1.5438504677955764,-0.26478071526125807,AGGRESSIVE,3582564,-1.266016394883836,0.5361121563251462,-0.382375364,-1.73784816,1.01021862,0.2590718947665529,0
-0.08643101613898162,-1.765152295689756,-1.5788443627443478,0.37106189010601637,-0.5901870443784906,0.4640061114929754,AGGRESSIVE,3582564,1.0029129181205714,-0.22904446993566024,0.03775239,-1.48776764,-1.87203507,0.6064723570757826,0
1.7442044584857261,-1.7842560336916635,2.2093389569908033,0.7910351152710184,0.9685926860129527,0.06264524411729674,AGGRESSIVE,3582565,2.1969786676202183,0.021224383216865882,1.8041246240000002,-0.017256099999999996,3.7310791,2.3698066016401453,0
0.05234115113141067,0.06833570609108836,-4.0798248988678525,-0.66974136102393,-0.9774615125409252,-0.12747305479303941,AGGRESSIVE,3582566,3.0822140724953977,0.009899229078216956,-1.667362124,1.673416392,-6.1943591,4.869734463619208,0
1.8692770313150178,0.16829862206288682,0.40405418903967755,-1.6922848839683535,-1.5244867523121661,-0.5922066659945937,AGGRESSIVE,3582566,0.5866575600922861,0.7789385712739804,1.790623424,0.09029489800000001,4.4162877400000005,2.9954564003219333,0
1.502962141588051,-0.12172965621856223,0.6551809090805213,-1.4366489583949311,-0.9919843387770401,1.4938136060694058,AGGRESSIVE,3582567,0.27356511472225964,0.8439290635438801,-0.36101000000000005,-0.26197789,0.24734116,-1.2862340794128657,0
1.6712977398067883,-0.04724209370140625,1.3356048247345602,-0.2406382717661665,-0.5950279653246316,-0.1327541191559643,AGGRESSIVE,3582567,0.8505618100542646,-0.40743486948007224,0.16589779999999998,0.06728342,0.6701670000000001,-1.1015103849461323,0
-0.5425917085441293,0.20257194205301027,-2.331884111401617,-0.7792995507878017,-1.7568514173602041,-0.0852245450767717,AGGRESSIVE,3582568,1.0851477457502279,0.7561897113600524,-2.1818284,0.22565301,-3.6122041,2.4519136678602327,0
-0.701463960716883,-1.3810633296073302,-0.03036706518089354,-0.8797279511877728,-1.0791209792052714,-0.053538161492788054,AGGRESSIVE,3582568,0.04179709180023425,0.14001930567754314,-0.15657150000000003,-1.4304723300000002,2.266823283,0.9017023284912978,0
0.17102834636049138,-1.311012157199747,1.0062650575943368,-0.14933973545895685,-1.2969629765114237,-0.18556475413999418,AGGRESSIVE,3582569,0.21809717387773614,0.269792479198836,0.8598570700000001,0.06327610000000017,1.021005617,-0.4550024090715668,0
0.32995274368762606,-0.7505566794782265,0.4513803377013748,0.2523737764662944,0.949228930905985,0.025677794441344378,AGGRESSIVE,3582569,-0.5837484180175659,-0.08004356936046432,0.15662289000000001,0.50625044,-0.5465202199999999,-1.0335217136187391,0
-0.09655436621466915,-1.6809248502041299,-0.17003037510563124,0.37106189010601637,0.4844995849604866,0.1735475758547156,AGGRESSIVE,3582570,0.19503827485017963,-0.46070695124079813,-0.42033053000000004,-0.8403866400000001,-0.61204338,-0.6712322661581711,0
-0.37332066339361897,-0.6186886666983356,-0.6114250924154249,0.4897499589084217,0.010088373348571506,0.2580446073905578,AGGRESSIVE,3582570,-0.6115572108762726,-0.6160736945621902,-0.27275823,0.9595009,-0.434741,-0.7046891467592243,0
0.3522705349134642,-0.25688578231719067,0.8276850384382857,0.4806200798698879,1.1089795836441199,-0.47074221071845657,AGGRESSIVE,3582571,-0.5722483228371081,0.14922348379600042,0.71508335,0.32681074000000004,1.41741655,-0.1687782082955756,0
0.45334532729134125,0.44861914459330254,-0.7177876741028867,0.5810484503783145,0.08754326698105841,-0.0905056094396966,AGGRESSIVE,3582571,-0.6272090484448826,-0.6885088601461123,0.09961104999999998,0.63727128,-1.52217579,-0.13625958089002155,0
-0.3510544085054147,1.7359645853624346,0.12200963421735968,-0.17672929784569696,-0.3190949483636323,0.11017481733196742,AGGRESSIVE,3582572,0.11156024504452221,-0.64358244638243,-0.7927506,1.16283848,0.82713795,-0.15715644219834135,0
0.8409520607029314,1.451367146384465,0.4683202145219406,0.27976335379880674,0.14079350040985958,-0.01657071700396716,AGGRESSIVE,3582573,0.17456479058102398,-0.8033495958266296,1.1747440999999998,-0.25707230000000014,0.34109019,-0.5418786142477886,0
-0.35704151239545934,1.0076392818616366,0.25631163312015254,0.47149026061444305,-0.1448214139164023,0.1312990644094041,AGGRESSIVE,3582573,-0.6080897538476878,-0.6638824945861478,-1.1806445,-0.4008122599999999,-0.20881270000000002,-0.5275855244723382,0
1.1529736876265941,-0.09247522312390685,-0.366256161893581,0.27976335379880674,-0.3239358376109275,0.09433163202388993,AGGRESSIVE,3582574,-0.23886741345029264,-0.620980949721064,1.4881475,-0.99371578,-0.6131830199999999,0.10353878093940412,0
0.25951532485286477,0.4930049435650118,0.4774694122930259,-0.5967025379564713,-1.0839620269467962,0.025677794441344378,AGGRESSIVE,3582574,-0.9141593726701965,0.09971319631264199,-0.8805194999999999,0.5288548399999999,0.831007,-0.47023292277695505,0
0.9456724984966017,0.14533446565737124,-0.4397043216415998,-0.9436368802709257,0.16015722381798128,0.12601800264004492,AGGRESSIVE,3582575,-0.44922209900459714,-0.4836250797706641,0.6762204,-0.314045164,-0.9033479799999999,-0.6210320337073593,0
0.10086272361548458,-0.7271854462079658,0.5612005913809752,-1.8748819416370006,-1.258235545544603,-0.14859730878665137,AGGRESSIVE,3582575,-0.606499137571619,0.5548599825071487,-0.83257543,-0.788133236,0.9858169699999999,-0.278288270788295,0
0.6361477812565921,-0.912692173349331,-0.06767548659581454,-1.0714547683287758,-0.3578223793304528,-1.2259343722551432,AGGRESSIVE,3582576,-0.3803671570689157,0.21082958397395496,0.52753318,-0.16756525,-0.61939621,-0.9636847067472464,0
-0.08013644558597553,-1.7858256397868475,0.0215544940885336,0.38019170936146124,-0.8661201088877588,0.29501204842129103,AGGRESSIVE,3582576,0.29873698418917916,-0.07297906057091388,-0.70591116,-0.7886874500000001,0.087884901,-0.7308770924508922,0
0.5043701573883504,-2.0351150232457575,-0.27888719570392023,1.1653590947010741,0.8088419619524149,-0.16444050273994795,AGGRESSIVE,3582577,0.6777158984960853,-0.01471011863321518,0.5760419099999999,-0.22517909999999985,-0.295912741,-1.109590383212423,0
1.169611228749824,-1.4637858219784177,-0.3426565136669884,-0.7336503199986273,0.4215675017146918,0.3900711948506324,AGGRESSIVE,3582577,0.5121631685355565,-0.3296777711910484,0.6556072,0.5160724999999999,-0.06280804000000001,-0.9576060437521902,0
-0.8024457563366549,-2.0293987698165905,-0.2153376811234417,0.06064687861812139,-0.03348000233852451,0.16826652273057557,AGGRESSIVE,3582578,0.744035850727225,-0.7904199869565157,-1.9434980999999998,-0.5109090999999999,0.12539959,0.22613204076783963,0
1.1225590293964787,-1.0862342243207843,-1.4560502268448812,1.384475548957678,0.31990794787851917,2.439123965367365,AGGRESSIVE,3582579,0.8074321439642141,1.3657470923184074,1.8971273000000002,0.8519454,-1.22200967,0.6271664730387538,0
-0.12619876979036598,-0.217268937759606,-0.2878582175980105,-0.2862875324468852,0.5425907868836976,0.0996126937932491,AGGRESSIVE,3582579,-1.2497944248836883,-0.45339178197518376,-1.23067357,0.7849223999999999,1.1505823300000002,0.07039821031934883,0
-0.39047851960273056,0.688745163683071,0.26376246927517877,-0.11282032392522746,-0.30457212212751716,-0.0007275230506705625,AGGRESSIVE,3582580,-0.8824163564351684,-0.6946611054946507,-0.26045250999999997,0.818388,0.54330539,-0.7769977303171632,0
0.144246731039506,0.6438705704645388,-0.16863122387734603,-0.7153905768673321,-0.13029862730384462,-0.40208836449069185,AGGRESSIVE,3582580,-1.0483060155590818,-0.5256191632551904,0.52698148,-0.04053450000000003,-0.42587566,-1.1165000416091886,0
0.651113927617324,1.9190262895516779,0.9487411244486765,-1.19014303142622,-0.3384586400729081,0.9973935403930714,AGGRESSIVE,3582581,0.7059826468196309,0.16715611416014278,0.49952686,1.1518277000000001,1.1005287400000001,-0.11980768140738145,0
-0.32678963146960116,0.6830793927182435,0.9825743974262442,-1.2357922024323054,-0.28036746192383144,3.4636504673361896,AGGRESSIVE,3582581,-0.3421608865485062,2.221111942709863,-0.96374178,-1.116411,0.033323259999999966,-0.3152937685614108,0
0.9007019856585065,2.287147297900647,-0.25204578009652284,0.882333651578228,0.029452096756693236,0.5749084605208326,AGGRESSIVE,3582582,0.9262689417303557,-0.268564912994508,1.2097153600000001,1.4489288,-1.21600914,0.45940029992101217,0
0.2828358778488029,-0.1325047286153184,0.3381740519514589,0.2980230520927853,-0.0673665202839154,0.14186120523856063,AGGRESSIVE,3582582,-1.1164802157855402,-0.7484902058235046,-0.60891831,-2.18563285,0.58132268,0.5568116804275505,0
-0.021442168281923565,-0.32360615272566495,0.13347104701627222,-0.04891135598306683,-0.009275350059550222,0.004553538718688605,AGGRESSIVE,3582583,-1.252643998603172,-0.9414748898177044,-0.29987156,-0.17261885000000002,-0.20161724999999997,-1.396463073269205,0
-1.1045522951880564,-1.3161804101936512,-2.0518333414954277,-1.0623250686395087,-1.214667146083373,-0.28062390921455466,AGGRESSIVE,3582583,1.3880106181511849,0.3124183264799221,-1.06742477,-0.8965764,-2.15236245,0.7803311344645133,0
-0.11894860453003958,-0.9806492091440981,1.5547660269025148,0.19759466663858638,-1.887556457249666,1.0871716336982726,AGGRESSIVE,3582584,0.4524903191871734,1.1119129810343857,0.9713303999999999,0.3030799500000001,3.5522324000000003,1.9178105229387674,0
-0.5727633880105154,-0.061563116389370134,-0.8728116117705176,0.07890658289040886,1.58339092997613,-1.3896472438791818,AGGRESSIVE,3582584,-0.5148001468987975,0.9260865928693972,-0.4472427400000001,0.83019572,-2.3909836,0.7862370381920883,0
-1.4058643281846168,-0.1566216410233081,2.2634846657617094,-1.0075458990287116,-1.1033257424302065,-0.3756830642891152,AGGRESSIVE,3582585,1.415503412435117,0.2192777092921662,-0.8210361599999999,-0.08586484,3.0890188,1.4171748408783236,0
0.0021793431259505805,0.7440313223429683,1.6350646729504845,0.44410069822770293,0.07302047244378924,-0.14331625133990172,AGGRESSIVE,3582586,0.3456257516010042,-0.7524923083182236,1.3876526999999999,0.8135453699999999,-0.6189469999999999,-0.06551300712430848,0
0.04954356106213595,1.4670787063385144,-0.5737535908201827,-1.6101161519708165,-2.594332389382599,-0.9301947834927433,AGGRESSIVE,3582586,-0.07769812974603929,1.7672465883637092,0.0466783,0.6531170999999999,-2.17552187,0.4861574063299645,0
-1.6668549353743427,-0.00647828533988746,-1.8945352830441136,-0.16759944122582157,-0.4546409963710614,-0.26478071526125807,AGGRESSIVE,3582587,1.2177459407860867,-0.519264200468697,-1.691542,-1.331040386,-1.30087183,0.7306884040175319,0
-1.3933280810775845,-1.0383222694978318,1.3244715991285352,-1.5188176754466958,0.33927169506077526,0.13658013482398235,AGGRESSIVE,3582587,0.824938721761107,-0.1538691255307561,0.2695657,-0.932048114,3.1704825999999997,1.5360776678865375,0
-3.0683764543437064,-3.259048532759479,-0.5046297268124813,-1.555337146763514,2.1013704380280265,0.9921124353976166,AGGRESSIVE,3582588,3.3938220752470376,1.3737971269621154,-1.6507907000000002,-2.0059464,-1.8015288999999999,1.3809355868061441,0
0.26899250118595136,-0.2383646628790528,-1.4658287309700553,0.9188530930035019,0.7459098787066201,-0.042976034495982085,AGGRESSIVE,3582588,0.069403614304452,-0.14302656858023863,3.28903793,2.72853527,-0.9467096000000002,2.603878373965835,0
-0.562654909298568,-0.7374596240654597,-2.903564494190885,2.1057339304852767,0.6829777320631335,-0.5552392249638605,AGGRESSIVE,3582589,1.8596038131033428,0.3428562930829931,-0.81960368,-0.45082447000000003,-1.4160629,-0.09207024052221109,0
0.3531535424294283,-0.04682217037797259,-0.35460206450901627,0.6084380725481436,2.7984645124192546,-7.2410664507992495,AGGRESSIVE,3582589,-1.0876804690338848,5.961749489857239,0.90254592,0.6238417300000001,2.5105386000000003,0.9568361628521821,0
1.6976226715388998,0.05012496192169611,2.9020347628246315,-1.3270907536852872,-1.7762150535964996,1.604715946452044,AGGRESSIVE,3582590,2.2780894453587037,1.3823511011369625,1.3249988300000002,0.087570789,3.2075453,1.6929337408638305,0
1.3345067079396111,1.4989004827248722,0.13574551300366022,1.3570860015167103,1.0896158681607095,-0.8245735048794645,AGGRESSIVE,3582590,0.5179008687099871,0.4296240677237528,-0.3578574000000001,1.308655681,-2.7245893700000003,1.2625224384822746,0
-0.988588026771787,0.11355564475563712,-1.8904855359327677,1.9322667219636191,-1.476077384356526,-1.4424579480249646,AGGRESSIVE,3582591,0.7642045409196023,1.141418178317757,-2.2894522,-1.251359763,-1.99568703,1.5051267345149042,0
1.0960375513245426,1.2674420370649964,0.2558323380819564,-0.24976812091315578,1.0508885164410038,-0.24365645089338317,AGGRESSIVE,3582591,0.16085981162306107,0.022805180272156694,2.0544365,1.0422870629999998,2.1139636299999998,1.3459761652141922,0
0.6294895076377037,-0.6550582931615839,0.5319365564784737,-0.8066891281203139,0.2521349119877374,-1.6801057708722225,AGGRESSIVE,3582592,-0.4308336023557474,0.504021685838247,-0.45979159999999997,-1.7365637,0.27194214,0.028389979367828187,0
-0.05256713199607507,-0.6766940145887242,0.8655172831234239,1.1927486271962695,0.5135451344114675,-0.1961268863239316,AGGRESSIVE,3582593,-0.40474011942316196,-0.2047425646972522,-0.672179249,-0.019543199999999983,0.32855223,-1.0464161340832774,0
0.28368490324333834,-0.20843521502602777,-0.5479801644044903,0.46236042641322594,-0.07704837802562053,-0.006008584820029723,AGGRESSIVE,3582593,-0.9156848670449274,-0.739634557716269,0.331382509,0.42297065999999994,-1.39218996,-0.29813082917144823,0
0.5731589004722228,-1.3363370839813742,-0.3613605844807536,-0.377586083699867,-0.21743537867803664,0.5485031257383792,AGGRESSIVE,3582594,0.024681846772727323,-0.3886258168389882,0.2852819,-1.01881566,0.18380641999999997,-0.7190588017886282,0
-0.4753660618704083,-2.1493813063278604,-0.24818238206753884,0.20672452325846177,0.4699768141973519,-0.15915944529319834,AGGRESSIVE,3582594,0.7612512274593475,-0.5397905136575231,-1.03334046,-0.7344097999999999,0.11147211999999998,-0.5190987968977397,0
-0.30221277496927296,-1.2576368040979595,-1.1361094428154108,0.35280216192049335,0.10206606151832757,0.025677794441344378,AGGRESSIVE,3582595,0.26866098713858727,-0.7804460023808744,0.17064572,0.8054984999999999,-0.87454218,-0.59099633578664,0
-0.24531706409922244,-1.8082111807994499,0.4799830435296301,0.5445290986276741,-2.1199211222977037,-0.21725113340136826,AGGRESSIVE,3582595,0.41539961421937127,1.09137811201999,0.05607175999999997,-0.497325,1.5917310199999999,-0.12080632003360667,0
0.3517070953080029,-2.2641082418970595,0.6202883277691226,0.01499761494824824,-0.0915711725628897,-0.19084582455457247,AGGRESSIVE,3582596,0.9618754503204137,-0.8620370271752368,0.58837819,-0.4118044999999999,0.13819027999999994,-1.0636050426065629,0
0.48322858997077967,0.6711338688867762,-0.4505808781399584,0.7545156588999723,-1.1081666316775016,-0.23837538912402403,AGGRESSIVE,3582596,-0.6914273082268798,0.16149429126577333,0.12961683000000002,2.6513571,-1.0547266,1.0741052954275785,0
0.5261360257921915,0.550207642413836,0.7979165492393286,0.05151702648197765,-0.31425400364335676,-0.18028369669324454,AGGRESSIVE,3582597,-0.45310844997814576,-0.6769190193755472,0.042286060000000014,-0.10923071999999995,1.2296772,-0.5567043612257757,0
-0.08110776400048184,0.9192731156745858,-0.6547881604018143,0.5719186161770975,-0.10609396710015886,-0.19084582455457247,AGGRESSIVE,3582597,-0.5365237088230421,-0.6649521275059675,-0.5984498220000001,0.33337091999999996,-1.4308062000000001,-0.20351075108735753,0
-0.38348067844320033,0.5058991834631519,-0.07309876878992963,-0.11282032392522746,-0.6095507598619009,-0.06410028935411595,AGGRESSIVE,3582598,-1.1055048834627372,-0.4047856807277118,-0.297994018,-0.37339404,0.5729208299999999,-1.0489011740332774,0
0.023312803133840466,0.29444866545265186,0.287284659882215,0.4988797931096387,0.24729397519217333,-0.053538161492788054,AGGRESSIVE,3582598,-1.2971340842355394,-0.6548382456508733,0.40090239,-0.19099986,0.3549509,-1.2274216349831826,0
-0.5389617908943003,-1.0769470007825572,0.19015746520851964,-0.3501964914215825,0.4070446992527112,-0.0007275230506705625,AGGRESSIVE,3582599,-0.31838362941185405,-0.584184187507989,-0.55413186,-1.2387597,-0.09566307000000002,-0.4307823281905189,0
0.7042493224372829,-2.221346494801153,0.12536082101957735,0.0697767292596879,-0.5998689021201957,-0.25421859172253974,AGGRESSIVE,3582600,0.9245885718121102,-0.39141729935371555,1.22520721,-1.0337177000000002,-0.06381988,-0.18544704215861807,0
1.2999652868593818,-0.08550749169062095,-0.858721350921955,0.39845143754698426,0.16015722381798128,-0.053538161492788054,AGGRESSIVE,3582600,0.16056402277541068,-0.7476526285760136,0.5870889400000001,1.9292691000000002,-0.96924782,0.4514809795003696,0
0.5637038647748358,-0.4087990974832138,0.1517161695043319,-0.06717106324450876,-0.41107259690983095,-0.20140794809329077,AGGRESSIVE,3582601,-0.8130682026143421,-0.5827499908907137,-0.72559905,-0.29202412,0.99520588,-0.5259822630034977,0
0.8733118174111066,0.7072938159915624,0.9629708272879308,-0.2406382717661665,2.958215284028061,0.4006333443250081,AGGRESSIVE,3582601,-0.00842596092751329,1.8970110456913911,0.3051242799999999,1.00814882,0.79902556,-0.46934540837401006,0
0.35266776754699325,-0.3771316690174308,0.3645129321888782,1.074060603231181,1.0944569159022342,0.08905057025453078,AGGRESSIVE,3582602,-0.912510476099815,0.19770678988221677,-0.5131041999999999,-0.97954414,-0.58943656,-0.5387576320714523,0
0.14771141582419792,0.4745784787475103,-0.2182938127445165,0.14281555681087837,-0.1690260661953766,0.07320737630123417,AGGRESSIVE,3582602,-1.181751549319574,-0.7784114555431191,-0.20198822,0.76933611,-0.57402134,-0.8125573553096441,0
-0.40945257763761517,0.4018526545993563,-0.8296064237138833,0.6175679067493607,0.23761212537517967,0.18939078709845045,AGGRESSIVE,3582603,-0.6050420015709062,-0.5499068021792873,-0.54909527,-0.06569206999999999,-0.6020975,-0.9769160320007908,0
-0.006452678872416926,-0.9766425067293507,1.6750223063877314,-0.3958457670480734,-0.4255953835223887,0.02039673267198521,AGGRESSIVE,3582603,0.5703782106604689,-0.5376778176479196,0.397163745,-1.2451725599999999,2.4668732,1.0090454985281616,0
-0.3952592531085853,-0.3127234508292798,0.27421204940273847,0.03325731922053572,-0.29004932759024804,0.28973097800671277,AGGRESSIVE,3582604,-1.0382842191725297,-0.5758483660890842,-0.383175965,0.59970743,-1.37969402,-0.23762956260591525,0
0.2442660076761551,0.30847780871686403,-0.15383121405839567,0.44410069822770293,-0.5950279653246316,0.3531037451746801,AGGRESSIVE,3582604,-1.2712677215221941,-0.26989490881248823,0.6302638,0.56112113,-0.42159081,-0.8503811153583175,0
-0.23286291593052363,-1.0282374008816109,-0.17172290887090705,0.3619320260132548,0.10690699038918013,0.27916888040365173,AGGRESSIVE,3582605,-0.4854800816629142,-0.6295141452761072,-0.47021925,-1.2074334,-0.017621990000000004,-0.49570312416603896,0
0.13562209094419592,0.2270377037885874,-0.09879085505969024,0.43497084908071365,0.18436188402166706,-0.291186032753273,AGGRESSIVE,3582606,-1.439772577419002,-0.6577062481405979,0.36314869,1.1338698600000001,0.071832654,-0.5994317581724241,0
0.5418783830645171,-0.20029867062397874,-0.3639807415194794,-0.14020988631196757,0.23277118857961565,-0.6661415653464984,AGGRESSIVE,3582606,-0.860600321031089,-0.4311782699566636,0.40037298,-0.38600609,-0.26119233399999997,-1.1812220715136277,0
1.2313687878103219,0.7444010178285274,-0.038533456835685646,-1.5644669211816422,-1.1807806043638476,-1.3790852932448456,AGGRESSIVE,3582607,-0.05722583815195767,0.8210746899379358,0.67950536,0.85333207,0.320541394,-0.6555859071916565,0
1.3838662212946469,0.09393705093469153,-0.30022012472038556,-1.6831550348213642,-0.2755265489024018,-1.3051503420216264,AGGRESSIVE,3582607,-0.005222117306587715,0.41592818334747306,0.15028900000000012,-0.587553664,-0.257741924,-1.1364169874068284,0
0.8212482546211953,-0.6604078844813386,0.14730375544180585,-0.7610398973311397,0.48934052968076214,-0.0905056094396966,AGGRESSIVE,3582608,-0.4130519887563631,-0.407388673917483,-0.5544702600000001,-0.681387676,0.44077777,-0.8105935027241247,0
-0.27410046888435935,1.5502277533918383,0.062206355528411646,-0.13108003417582384,-0.29489026438581206,0.7491835594262187,AGGRESSIVE,3582608,-0.10709042127371896,-0.21953691702395872,-1.0794861299999998,1.9968317,-0.08381461599999998,0.4857180854309271,0
-1.2386903523191644,0.43619977198142856,-0.8753068253741586,0.47149026061444305,0.0681795435729367,0.9340207991607614,AGGRESSIVE,3582609,0.06443805262390595,-0.07682822242025023,-0.95062091,-1.0062836000000002,-0.923380824,-0.1253839712325025,0
-0.6201453225140385,-0.22802212335109925,-0.8149681215245926,0.35280216192049335,-0.3917088893511322,0.6963728898613123,AGGRESSIVE,3582609,-0.5037033978576686,-0.198877623807723,0.6095874,-0.59998098,0.05942913999999999,-0.9368173923803266,0
0.7446775347015422,-0.3183216240030425,-0.5716437159286957,0.17933495339883557,-0.6821647325482467,-0.2119700802772282,AGGRESSIVE,3582610,-0.5020376395277406,-0.31570934421523417,1.3450578000000002,-0.08156608999999998,0.23965645999999996,-0.42247776184871316,0
0.5743719069589551,-0.24865151670621094,-2.3928362219287447,0.215854364932565,0.5280679606475827,-0.7136711644968264,AGGRESSIVE,3582610,1.2049221966313808,-0.23433328839656156,-0.16783930000000002,0.06293188999999999,-1.7937393000000001,0.014109286211909159,0
0.9547652780825754,1.4067165137478597,-0.3887355327202219,-1.3544803160720273,-1.3695769491977694,-1.3526798547197632,AGGRESSIVE,3582611,0.1855924067801558,0.8869303779785095,0.3748846,1.49526738,1.97389027,0.7201379039408058,0
2.179503562060137,2.1534048579349747,-1.651447605965398,0.5080096572024002,0.3441125843080705,-1.0041296914898672,AGGRESSIVE,3582611,2.2343175905012638,-0.07221288397060821,1.2070018999999998,0.6744716,-1.24367757,0.07148013644851448,0
-0.8618864632664264,1.280915983928634,-0.8711471613419429,0.42584098498795214,0.20856653630064137,-0.1697215688319167,AGGRESSIVE,3582612,0.19076586882256333,-0.6951372793383468,-2.9973453,-0.7881052,0.7685379600000001,1.4128190044689224,0
-1.480848126665419,-0.6784949432918845,-1.4529672531683444,-0.0032620923131936857,0.5619545023671079,0.45344396201859977,AGGRESSIVE,3582613,0.8211404477016963,-0.2983308165643356,-0.6099979999999999,-1.7699044499999999,-0.57304956,0.1701774420554117,0
-2.018742187300249,-0.404820813596089,-0.819000953654397,-0.24976812091315578,-0.01895721255608223,0.49041143763020945,AGGRESSIVE,3582613,0.8548341415003106,-0.49675163741950057,-0.5301044000000001,0.24720545,0.6244097,-0.9386362234326392,0
-1.0187611876922575,0.044383590145305504,-1.1208921527885503,0.0697767292596879,-0.2755265489024018,-0.07466241721544381,AGGRESSIVE,3582614,0.025976181677102077,-0.7280973770108691,0.9854995000000001,0.40575912999999997,-0.29734039999999995,-0.6862520107652129,0
1.3069758117011412,0.7672990333491858,-0.532717327794679,-0.23150840767340497,-0.25616283341899154,-0.291186032753273,AGGRESSIVE,3582614,0.13944265470353928,-0.6666072951620698,2.2920561999999998,0.65299792,0.5793085,0.6679685766783866,0
0.7535381521679912,0.5495934390977066,-0.18516250134787549,-0.1036904702945065,0.04881582016481496,-0.3545587912760212,AGGRESSIVE,3582615,-0.6358871210005869,-0.749277220126976,-0.5454228999999999,-0.19664997000000006,0.34231568,-1.1219947797284395,0
1.059152693115634,0.06554253458769312,-0.44273983996175853,0.3893215734542227,-0.2513218886987161,-0.47602328113303477,AGGRESSIVE,3582615,-0.3259125865821257,-0.5176910925283028,0.3011887,-0.43723541499999996,-0.25369454,-1.2073737589411415,0
0.6663351986358882,-0.1335392648713683,-0.430415702185923,-0.14020988631196757,-0.043161864042585374,-0.1538783748786201,AGGRESSIVE,3582616,-0.7225820976366675,-0.9008001603700436,-0.38712879999999994,-0.179827395,0.012138360000000015,-1.3697373613308848,0
-0.671861159618898,0.930097563464095,0.8232077565383832,0.2523737764662944,0.07302047244378924,0.06264524411729674,AGGRESSIVE,3582616,-0.18583666204165245,-0.8160502226416175,-1.3188168999999998,0.96076608,1.23472596,0.259078990454813,0
-0.6544758190322681,-0.01787364330406855,0.23460785379409008,0.234114093118088,-0.3094130668477927,-0.0905056094396966,AGGRESSIVE,3582617,-0.9360298375810887,-0.6713667762692178,0.01713356999999993,-0.85628718,-0.5797271700000001,-0.7589290589754634,0
-0.3448958110846847,-0.2570095086376856,-0.2923384032702546,1.110579850361416,-0.20291257621605602,-0.10634880166394939,AGGRESSIVE,3582617,-1.109951421284154,-0.38765047502862726,0.30509674000000003,-0.21600759000000003,-0.51900291,-1.1558840051640407,0
-0.4268097604496961,0.031573601716104446,-0.529046594045247,0.30715290123977457,0.6732959060202742,-0.01657071700396716,AGGRESSIVE,3582618,-0.955675556801735,-0.3401767445798725,-0.08072769000000002,0.260672493,-0.23313998000000002,-1.4382557703902485,0
0.9657605085334808,-0.6972405547063105,-0.29048514672118303,0.234114093118088,-0.15934420052896,-0.14859730878665137,AGGRESSIVE,3582618,-0.22794405089722444,-0.7868344143077605,1.37240338,-0.658326133,0.23496530000000004,-0.24996925874151305,0
1.1018678849022334,-0.8479479700054264,-0.16025374929473388,0.1702051191976185,0.03429302721248809,-0.0852245450767717,AGGRESSIVE,3582619,-0.030120769372038163,-0.9067580199789693,0.13413629999999999,-0.13613158999999997,0.12826825,-1.5677728366988402,0
0.3466666507248218,0.4840905817370809,-0.7166005693268803,-0.03065165096349074,-0.5078912139504397,-0.042976034495982085,AGGRESSIVE,3582620,-0.6745778530387861,-0.5051611399384651,-0.7442645800000001,1.20320905,-0.54796028,-0.2730641020442614,0
-0.8893394309612797,2.180152150290796,0.9263101532120771,-0.27715766835412364,0.2666576986002951,-0.06410028935411595,AGGRESSIVE,3582620,0.9935630819528586,-0.7283931460195536,-1.21810652,1.5320251999999999,1.61814499,0.7553725280660957,0
0.16995529669694973,1.52651760122612,-0.9751897507651663,0.38019170936146124,1.2203210665444009,0.11017481733196742,AGGRESSIVE,3582621,0.22920297492936278,0.19841659793230762,1.04395426,-0.5904175999999999,-1.87283612,0.4378967563747567,0
0.415356176972824,-0.5992891191685447,1.1620616829902046,-0.4506248768757814,-0.5127321507460038,-0.09578667293809959,AGGRESSIVE,3582621,-0.06715024695787607,-0.4547278858250369,0.24184703999999999,-1.9202071,2.10503386,1.0772572793028299,0
0.8025868645736809,-0.9157310295003925,1.0810155693905583,-0.824948856305837,-0.1690260661953766,-0.021851778773326322,AGGRESSIVE,3582622,0.22899840772481148,-0.559311263737177,0.3816229,-0.28583689999999995,-0.0798243999999999,-1.312993874383818,0
0.3413303313495421,-0.4441561077078229,0.5525161697863787,-0.2588979700601451,-0.009275350059550222,-0.06410028935411595,AGGRESSIVE,3582622,-0.7399213576206591,-0.8877752823224044,-0.45457672,0.42596606,-0.52053264,-0.9826586267957287,0
-0.6049507785506678,-1.116226897032108,-0.4224565231162357,-0.34106664227459316,0.5183861029058775,0.12601800264004492,AGGRESSIVE,3582623,-0.18584424359498536,-0.46043859984589414,-0.9325772800000001,-0.60707076,-0.96027566,-0.32073086033061027,0
-0.7645254023105493,1.0859603454438493,0.18958037599132663,0.4167111208951906,0.5667954312379605,-0.14331625133990172,AGGRESSIVE,3582623,-0.32023401800241524,-0.4183098425941727,-0.1572637,1.9892004,0.60281087,0.2975900486608531,0
-1.304295227342901,0.20055205673149382,1.8908100561145005,-0.11282032392522746,-0.2271172284950303,-0.13803518092532346,AGGRESSIVE,3582624,0.9722883748773881,-0.7669935098785281,-0.531953,-0.7997751,1.67558483,0.1435755870211571,0
-0.013504464239815562,0.07811654694421172,0.27734924036704944,1.3114366810529026,1.723777827607297,0.015115670902626043,AGGRESSIVE,3582624,-1.3834705537529464,0.7990309848877069,1.272097822,-0.1105940314,-1.5891390200000002,0.25142711215745756,0
0.13567615387132995,1.0045004350048923,0.956623790132471,0.14281555681087837,-0.20775351301162004,-0.021851778773326322,AGGRESSIVE,3582625,-0.19333798145887188,-0.7778129267632115,0.147020218,0.8367877014,0.6690349600000001,-0.7114599158024263,0
1.0654722109495434,2.427961157624386,-1.3562922448889578,-0.09456061815836275,-0.01411628051534508,0.025677794441344378,AGGRESSIVE,3582625,1.5459731667117067,-0.915911297204594,0.91633096,1.2857892300000002,-2.27805044,0.988933783028987,0
1.431745498198798,-0.16205116291160007,0.906186584457536,-0.03978150384692309,0.2811805010622757,-0.042976034495982085,AGGRESSIVE,3582626,0.34082651837600486,-0.7453550351399091,0.3609689999999999,-2.3395165700000002,2.2283735399999998,1.4711158055242552,0
-0.6448520193326113,1.1579823820431032,0.030326055251304822,-0.16759944122582157,-0.05284372574664624,-0.07994348157836872,AGGRESSIVE,3582627,-0.35574657374449326,-0.9139366614693623,-2.0465247,1.19236512,-0.862657543,0.7364666989502701,0
-0.10964984701813561,0.7959132358747157,-0.723735757305948,0.40758128669397353,0.2811805010622757,-0.1327541191559643,AGGRESSIVE,3582627,-0.574762809718371,-0.6602399701124004,0.527451495,-0.32705125,-0.742694857,-0.8256764268731339,0
-0.5579708254513003,-0.4994759877682417,0.7631207772610628,0.27976335379880674,0.14079350040985958,-0.0693813533366512,AGGRESSIVE,3582628,-0.4590202006636662,-0.8086536625447036,-0.44182849500000004,-1.1701043,1.4644432100000002,0.13803404946268652,0
-1.8227982716467144,-0.5755775278097641,1.2814620603481957,-0.021521797930600665,-0.44495913070464477,-0.12219199129463644,AGGRESSIVE,3582628,0.9692924099151062,-0.5645057478146229,-1.2465105,-0.0687413,0.5105276499999999,-0.44251105193282225,0
-0.8903184082904633,-1.0171544518766795,-1.2333954616525251,0.6266977708421222,1.1912754140721706,0.04680205016400014,AGGRESSIVE,3582629,0.4005118781390171,0.19366537559687713,0.9189759000000001,-0.39886935,-2.4769478,0.8884876741298458,0
0.115139882210577,-1.6101472174215576,0.3386397723616112,-0.26802781920713437,-0.4207544625762476,-0.12747305479303941,AGGRESSIVE,3582629,0.16211139080716164,-0.5689788540760419,0.9908974700000001,-0.53564085,1.5483379000000002,0.1268205067916638,0
0.34553506333105566,-0.893430179464149,-0.5120621859467451,0.1702051191976185,-0.004434419603755364,-0.1697215688319167,AGGRESSIVE,3582630,-0.42855939183451625,-0.8751580464830012,0.22705865,0.647399,-0.83787822,-0.7099332460074254,0
-0.715497754964306,-0.06985591287512231,-0.07461314698431071,0.215854364932565,-0.13029862730384462,-0.058819225855712955,AGGRESSIVE,3582630,-0.9056727845590045,-0.825985764328998,-1.04566718,0.74392142,0.4308548,-0.43755186367265847,0
-1.1354738948295113,0.11850147267590458,0.5096363260685917,0.08803643203739817,0.1117479192600327,0.5379409849092228,AGGRESSIVE,3582631,-0.29246584476733545,-0.45650428274989124,-0.4138941399999999,0.17014020400000002,0.57544232,-1.0660012590406551,0
-0.28453492837654465,-1.0548497412110507,1.9889839591867966,-0.07630091538065249,0.42640843851025584,-0.14859730878665137,AGGRESSIVE,3582631,0.9510058716908255,-0.5977202141527228,0.8386158599999999,-1.059869324,1.4570474999999998,0.19989394296886195,0
0.9487251056660835,0.5934952153011305,0.003231914996222558,-0.08543076751679624,0.22308932291319905,-0.5763634979769545,AGGRESSIVE,3582632,-0.428953788946297,-0.5107401445370834,1.2154002400000001,1.48892355,-1.9558182179999999,0.9591747960701841,0
-0.25660418159253356,-0.5125526841345348,0.18115352712585922,-0.05804120811921057,0.8378875668763761,-0.7295143498049039,AGGRESSIVE,3582633,-0.9958490685990327,-0.010325587796922097,-1.18787398,-0.99907532,0.175239568,-0.22797945917614332,0
0.49963082342129206,-0.3956734353406547,0.2182237549384629,-0.1036904702945065,0.38768095999516655,-0.46546113165865916,AGGRESSIVE,3582633,-0.8589559964407542,-0.4979182026220677,0.7452833799999999,0.10557515,0.03651141999999999,-1.0412102820291127,0
-0.5336368462452439,0.5357245665870564,-1.0774758828194009,0.5353992345349126,1.1089795836441199,0.10489374691738917,AGGRESSIVE,3582634,-0.2489123672099093,0.10998457647777651,-1.01830412,0.84131687,-1.2761678699999999,0.04831006541845478,0
-1.4131504440738538,1.1538770838328722,1.0289623027240398,0.40758128669397353,-0.28036746192383144,0.009834600488047773,AGGRESSIVE,3582634,0.6161209937434601,-0.6435293798007443,-0.8667766800000001,0.5583672500000001,2.0746851,0.5312650168889324,0
-0.01994116306240989,0.18674540164399853,0.7266876736511596,0.22498422902532653,0.7797963411790306,0.3055741806052285,AGGRESSIVE,3582635,-0.8471370996038847,-0.17897888258066433,1.373033138,-0.87359453,-0.29771805000000007,-0.1350529889993307,0
-0.26512939176611205,1.847430641573922,-0.3572289834791386,0.4167111208951906,-0.15934420052896,-0.042976034495982085,AGGRESSIVE,3582635,0.2503023250559996,-0.7285115358657662,-0.241637468,1.50007033,-1.06757737,0.06872524752445117,0
1.323349836642376,0.07205135495748746,-1.2136912341750736,-0.09456061815836275,-0.2658446911606967,-0.04825709799438507,AGGRESSIVE,3582636,0.42629171388593035,-0.7386706595174068,1.5654752299999999,-1.603671622,-0.84355168,0.6095540074851239,0
-0.5000350830792872,-0.37475274930973207,0.07940089724454502,-0.5054040165950339,-0.1012530382293063,-0.1327541191559643,AGGRESSIVE,3582636,-0.9820936414429309,-0.7332182315238696,-1.79697907,-0.40359097800000004,1.27359967,0.45325206323532835,0
-0.13276489290642773,-0.4473375214670641,0.5836567320288842,-0.3136770798878531,0.13111164266815445,0.34254162163596175,AGGRESSIVE,3582637,-0.8129528913808769,-0.5966493269793487,0.361951466,-0.06556466,0.49665453,-1.1775877345944545,0
0.00763903921501075,-0.15495395945628584,-0.047255635593161496,-0.22237855852641567,-1.485759242098231,0.5326599317850828,AGGRESSIVE,3582637,-1.456200492756009,0.5473052575138566,0.138370634,0.26410538000000006,-0.621401804,-1.1059729310101492,0
-0.3682649882448169,1.1631995122475463,0.3471837975788023,-0.34106664227459316,-0.07704837802562053,0.7861510263926093,AGGRESSIVE,3582638,-0.4201043723652166,-0.22459872063069453,-0.37046027,1.19066688,0.38849353400000003,-0.48544095095696493,0
-1.4346015948072766,2.253916994334925,-0.7674773716139444,0.7910351152710184,0.8911377765310429,0.7597457175458134,AGGRESSIVE,3582638,1.2833706339073252,0.199280358017353,-1.0508941600000001,0.9852276,-1.09785843,0.02265893179657877,0
-0.8585143287742248,0.3441084316840494,1.1090914943650891,-0.13108003417582384,0.4602949564556468,0.78086996462325,AGGRESSIVE,3582639,-0.06387208327500017,-0.13180419822276,0.5677445000000001,-1.72509943,1.8482809,0.8073622821222427,0
-0.9274466917287157,0.43377912674563884,-1.273207906472698,0.37106189010601637,-0.4352772650382282,0.19467184886780958,AGGRESSIVE,3582640,0.13971939158708865,-0.4762621161610847,-0.0679341,0.08099809999999996,-2.3463879,0.5634603134830795,0
0.41850442925326026,-0.9947151625385579,-1.0983363396473675,0.1702051191976185,0.6200456488173387,0.19995290199194968,AGGRESSIVE,3582640,0.09520720659011535,-0.36153370579236355,1.3264593599999999,-1.29033597,0.17223549999999999,0.07029702524990308,0
0.9960156567758812,0.2555421955199062,-0.17684506175077086,-0.29541736664810225,-0.17870792393708174,-0.31231028847592873,AGGRESSIVE,3582641,-0.46769764780051326,-0.6929825656971111,0.56914784,1.12933741,0.9076004400000001,-0.23340956851663552,0
0.3316064015888945,-0.40082521510935304,-0.36719829387568825,0.1884648174915971,1.0315248009575935,-0.24893752130796146,AGGRESSIVE,3582641,-0.9191926111323889,0.004214001871337649,-0.6547874300000001,-0.59288615,-0.18748379,-0.8909275361449737,0
-0.45483726850869777,-0.41397067169187685,0.24754200712873892,0.6540872883915456,-0.18354886073264576,0.16826652273057557,AGGRESSIVE,3582642,-0.9367677874133966,-0.5598298862366095,-0.77505457,-0.011874080000000009,0.60547352,-0.8098582396591251,0
0.21576263830074882,0.08795924143676694,0.21078549841256636,-0.021521797930600665,0.5232270238520186,0.6752486773647521,AGGRESSIVE,3582642,-1.3236325614262223,-0.17851006842731823,0.66088843,0.4533852366,-0.03620242999999998,-0.9922558935424869,0
-0.3053784394086735,-0.01015393349572713,-0.08891643405449098,0.5993081935096098,0.4941814506269033,0.2105150341758871,AGGRESSIVE,3582643,-1.3813363268180847,-0.38713202764832405,-0.5135940299999999,-0.0886240566,-0.295184135,-1.1967699390926474,0
-0.04038176099782128,0.5589218014160842,0.7423939853382554,-0.3501964914215825,-0.05284372574664624,0.2052339637613088,AGGRESSIVE,3582643,-0.6967055709710481,-0.7071651189296533,0.26115905619999996,0.51403698,0.8187789950000001,-0.7919241202356727,0
0.20406473185434196,1.2120365360880863,0.24228624010896663,-0.12195018203968008,1.9464607141607444,-0.21725113340136826,AGGRESSIVE,3582644,-0.43069655740825935,0.8829842019539995,0.24090647380000002,0.58994806,-0.49256897,-0.989091930040111,0
0.9554326427067503,2.4245539234029527,1.0777747157842665,-0.3958457670480734,-0.17870792393708174,-0.053538161492788054,AGGRESSIVE,3582644,1.352405829002814,-0.7442241156007968,0.74048677,1.0952475000000002,0.8228940699999999,-0.23277263215632157,0
1.0150106378129713,1.653089981355377,-0.7551377301305373,-0.706260742666115,-0.6434373015814262,-0.18028369669324454,AGGRESSIVE,3582645,0.5630171268588906,-0.2755228962823966,0.05871519999999997,-0.6968510000000001,-1.80528257,0.1482304084120566,0
0.5011222621003212,-0.16640685857324114,1.8108753969142297,-0.7153905768673321,-0.17870792393708174,-0.14331625133990172,AGGRESSIVE,3582645,0.5334213187904152,-0.6031306470378744,-0.50644636,-1.6435223,2.52733227,1.2758843123684296,0
0.5403308317753057,-0.7498467587527379,-0.39336772985923724,0.24324395721084954,0.4844995849604866,-0.14331625133990172,AGGRESSIVE,3582646,-0.503210700781689,-0.5234363695137603,0.03864075999999994,-0.5270119,-2.1710157,0.4484103078443911,0
-0.0638500131395217,-1.9321560372255684,0.9518192246611435,0.12455584357112756,0.2521349119877374,-0.0905056094396966,AGGRESSIVE,3582647,0.7332902782829613,-0.7618941962967303,-0.595431234,-1.067961,1.3249092,0.01434150233237447,0
-0.5330935584741083,-0.0007260343710174076,-0.09570594621179603,0.343672312773504,-1.6697146184377432,-0.19084582455457247,AGGRESSIVE,3582647,-1.1256523223396782,0.6420072300941017,-0.462448066,1.74462973,-1.03173446,0.29204153247303793,0
-0.6800404502637742,-0.9215326381488702,0.43289315634480763,0.5171395212951618,-0.628914507044157,-0.15915944529319834,AGGRESSIVE,3582648,-0.3019182048150639,-0.32299422184256743,-0.14481884,-0.8317498299999999,0.52063084,-0.8015130575028501,0
0.23901037681374518,-0.15923035558019377,-0.09875793277928997,0.3254126144795254,0.2714986353958591,0.04152098839464097,AGGRESSIVE,3582648,-1.2881347681019673,-0.6832703281947455,0.9057413400000001,0.6885754199999999,-0.52363682,-0.5393675375565902,0
0.11053816112223326,-0.13337073536377214,-0.8225128936995607,0.30715290123977457,0.7023414792453896,-0.18556475413999418,AGGRESSIVE,3582649,-0.7179834950655417,-0.3065865510532378,-0.12661171,0.02335857999999999,-0.71284486,-1.0706152522599266,0
1.584398179953609,1.8297217030637074,0.5263322047880723,0.37106189010601637,-0.44980006750020884,-0.4126505139650675,AGGRESSIVE,3582649,1.0451258645905925,-0.43000664001623684,1.4525159099999998,1.7732299,1.3285122,0.8658412495627945,0
2.0974699700573933,2.3778176786047465,-1.848079189861544,-1.5279475245936849,-0.3094130668477927,-1.241777514337125,AGGRESSIVE,3582650,2.431886104065154,0.3314839977964071,0.5056416000000001,0.4950863000000001,-2.3386188,0.6585983942689272,0
2.067544800491869,0.5611218404968538,0.028666440720514226,-0.12195018203968008,0.8814558870904918,-0.9354758452621025,AGGRESSIVE,3582650,0.8208178515338748,0.14031227005782612,-0.02949180000000018,-1.6409922000000001,1.848455,0.6873713987314954,0
0.5236164072438751,1.4420495890847709,0.5139567534968037,0.3345424486807425,0.915342428810017,-1.3421177311810446,AGGRESSIVE,3582651,0.007449802115843157,0.4416476710517125,-1.5215695699999998,0.7957278999999999,0.4779749,-0.006322431803571439,0
1.1207560186002241,1.5900732525148757,-1.5822855360300008,-0.9071175285202852,-0.1690260661953766,-0.7876060292678547,AGGRESSIVE,3582651,1.1050245067670754,-0.20327835868539812,0.58849197,0.13370740000000003,-2.0646429,0.3645479387274866,0
-0.14509094197277841,1.0466730318146695,-1.2088991975676253,-0.66974136102393,-1.3405312967255396,-0.7559196586517,AGGRESSIVE,3582652,0.04186010413162565,0.4804780305128374,-1.24751525,-0.4908446999999999,0.3677577999999999,-0.40089129939697904,0
-0.22450765695187158,-0.6174338010551623,-0.3204811860799905,0.7453858246987553,0.905660571068312,0.067926314531875,AGGRESSIVE,3582652,-0.8538788975667816,-0.043384222373421204,-0.07826662000000001,-1.503161,0.8750257300000001,-0.047871780924331434,0
-1.1464664870745134,-0.1605686279966857,0.6797904812050395,-0.15846959955171838,0.029452096756693236,0.1735475758547156,AGGRESSIVE,3582653,-0.1632488672365257,-0.7825840932906071,-0.90860723,0.41267898000000003,0.98519327,-0.38864003054462964,0
-1.2992422512816773,-1.2574543587005222,-0.4805275533689607,-0.5327935341444574,0.2666576986002951,0.3055741806052285,AGGRESSIVE,3582654,0.42582936802394067,-0.5170474658101122,-0.15056329999999996,-0.99079928,-1.14282705,-0.2702474848317191,0
-0.2605090510322557,-0.3278043010298468,-0.6186735579749605,-0.04891135598306683,0.14079350040985958,0.057364182347937574,AGGRESSIVE,3582654,-0.8382327772702979,-0.8402171926835174,1.0236904999999998,0.83973798,-0.13606354999999998,-0.4603559188270343,0
-0.18840490503005694,0.420496050094211,-0.1030609274204031,-1.555337146763514,-0.7741424207180028,-0.06410028935411595,AGGRESSIVE,3582655,-1.3009457202689796,0.09015591371554585,0.07105995000000001,0.6759277,0.50784013,-0.9458263146192049,0
-0.15950441463752518,1.2442901811002947,-0.5652192719189302,1.0284112827673735,0.1456344372054236,-0.28062390921455466,AGGRESSIVE,3582655,-0.29585620553933467,-0.41974102640368943,0.028481959999999987,0.74412002,-0.45519163,-0.9213400385513508,0
-1.3658833324088158,1.4374927717280306,2.185660927217091,-2.1670371143406584,-1.6406690452126278,-0.042976034495982085,AGGRESSIVE,3582656,1.639113125722116,0.9438326621049604,-1.18890841,0.17451680000000014,2.7094126000000003,1.1822892923786816,0
0.7434204904701098,0.6894985258976095,-0.4695919061187581,0.2706334897060452,0.9250243182505681,0.07848842942537425,AGGRESSIVE,3582656,-0.46257307667335335,-0.09613732480728775,2.07875736,-0.6756512000000001,-2.61522675,1.6294040557055833,0
-0.029917665524025312,-0.3317845333629636,-1.186900076165894,1.9961755912636832,2.4160307750098857,-0.49714750227481413,AGGRESSIVE,3582657,-0.2617460065532491,1.5860148333349657,-0.762138847,-0.9225086,-0.7064952499999999,-0.40141797360972004,0
-0.7759388289849724,0.6695603880410399,-0.9359806103376609,1.2018784912890312,1.9028923146995138,0.1312990644094041,AGGRESSIVE,3582657,-0.18754498504242031,0.949106828617902,-0.735217453,0.9044988,0.24713702999999987,-0.6006798852443785,0
-1.620503788505173,-0.6659179679689721,-0.9495596346522709,1.137969472531245,-2.5556048791686643,-0.48658541331697225,AGGRESSIVE,3582658,0.5934999538127166,1.589495418693542,-0.8323341599999999,-1.20631617,-0.01337432999999999,-0.32491406110169524,0
-0.9384453721411877,-0.12571575603108692,0.31064903147779704,-0.43236517858180284,0.179520947226103,0.015115670902626043,AGGRESSIVE,3582658,-0.5758960275819978,-0.7323765684110943,0.6721809999999999,0.48795599,1.2412119000000001,-0.2969098750076565,0
0.4809981898181278,1.1540098217160801,-1.106933536388168,0.6175679067493607,1.4381629053563234,0.1312990644094041,AGGRESSIVE,3582659,0.12345028317978353,0.4319761499253457,1.3988875,1.1559555799999999,-1.3962135,0.5039972330607169,0
-0.1919536572605644,0.8191987485920423,-0.14286845816430588,0.343672312773504,0.24729397519217333,-0.12219199129463644,AGGRESSIVE,3582660,-0.8889154496488127,-0.7076976942232658,-0.6632063100000001,-0.30242947,0.94953247,-0.5951296312038711,0
-1.0004519372512104,1.0753690580011497,0.12176853988861594,0.27976335379880674,0.26181675388001957,-0.053538161492788054,AGGRESSIVE,3582660,-0.15280864053794088,-0.7191540006158526,-0.7967897899999999,0.23139453,0.26064778,-0.9244406094745495,0
-0.4351370747396606,0.3618115359270036,0.04901851402161916,-0.4232353144890413,0.7265461632232098,0.18410971668387216,AGGRESSIVE,3582661,-1.1626035998608688,-0.2479803891979765,0.5571280999999999,-0.64454506,-0.07165337,-0.9392504453114127,0
-1.1819249891146475,-0.15512403886410298,1.1323009608746086,-1.619246016063578,-0.5369368188744009,0.015115670902626043,AGGRESSIVE,3582661,0.19875219497514654,-0.02550934706842485,-0.7359731,-0.46693961000000006,1.0669527200000002,-0.41339078494803383,0
0.17961645745098118,-0.5631971462591628,0.27470102029772286,-0.3501964914215825,-0.9338931130796947,-0.15915944529319834,AGGRESSIVE,3582662,-0.9063205831769651,-0.0713940019734893,1.34182391,-0.36860589,-0.8446722200000001,-0.1617758480857983,0
-0.22406748244378716,-0.2058443464631147,0.7565645974256656,-0.15846959955171838,0.4167265569944163,-0.021851778773326322,AGGRESSIVE,3582662,-0.7436088500137691,-0.6060452870593864,-0.39783788,0.32279104999999997,0.47459982,-1.0967834190743502,0
-1.027852485824147,-1.3460717858548201,0.6310283765082814,0.3254126144795254,-0.9290521842088422,-0.27006177703061723,AGGRESSIVE,3582663,0.3540512531389397,-0.06011744596231956,-0.79214477,-1.02994915,-0.12364385,-0.48631900460727273,0
-0.02769101466784043,-0.2292321193828761,-0.236007341833083,-0.5693129905155034,-0.8370744960390861,0.07848842942537425,AGGRESSIVE,3582663,-1.2917925042136278,-0.12795524359477098,0.985677358,1.0088233500000001,-0.85396576,-0.1406813914276442,0
-0.6870062270746289,-1.0948982772630325,-0.4602297075086803,-1.1810131075503696,0.3150670110829551,0.15770439054663812,AGGRESSIVE,3582664,-0.14581943690767404,-0.3126219148125249,-0.649767158,-0.7819423500000001,-0.22084237,-0.7527235465204061,0
0.40935567911434534,-0.7015278997682078,0.3048568179005622,0.40758128669397353,0.2714986353958591,-0.10106773643650258,AGGRESSIVE,3582664,-0.6560634995510972,-0.6708747262321596,1.0804846399999999,0.3553251500000001,0.75355338,-0.42679267657628406,0
-0.7551250687978804,0.03457693304703046,-1.5749615317773862,-0.43236517858180284,-0.3529814425348887,-0.33343455284380363,AGGRESSIVE,3582665,0.3097012004956941,-0.535451374355771,-1.1476169999999999,0.664911684,-1.8514814,0.49179136735072315,0
0.4094918714206503,0.6829839631474967,-0.5154046512788882,1.5396830442395852,-0.1448214139164023,-0.7717628007336819,AGGRESSIVE,3582665,-0.6904569477214643,0.024292009489139923,1.14775122,0.585695666,1.0435847999999999,-0.13128182825363605,0
1.011619325593239,0.7620371774526525,-0.026517221473853145,0.1884648174915971,1.1815935563304658,-0.5816445770367519,AGGRESSIVE,3582666,-0.2775136743365978,0.22514589487604866,0.5934075799999999,0.07140749999999996,0.481517793,-1.0272136915265937,0
0.44460298262494363,-0.651952182411649,-0.5280986748245571,-0.6332219195986561,-0.2610037543651327,-0.6767036888852168,AGGRESSIVE,3582667,-0.5672237382626566,-0.32921982007498846,-0.5588049399999999,-1.2772339,-0.494020463,-0.31142441786240477,0
0.7949041553084992,-0.4300822276808048,0.6352064581734602,-0.6606114819853963,-0.9242112553379895,-0.7981681528065732,AGGRESSIVE,3582667,-0.35968547624450087,0.15703670169683137,0.34522819000000005,0.20041156999999998,1.14576912,-0.5787628275932901,0
1.354615214806973,-0.14768613412807718,-0.7536262760145981,-0.587572688809482,0.29570329559954484,-0.7400765165697177,AGGRESSIVE,3582668,0.16158124436776497,-0.28781128599626804,0.55160545,0.25508385999999994,-1.3678970499999998,-0.2935648654147029,0
0.58165203615018,-0.8408690775141512,0.17786818285383202,-0.3501964914215825,0.15531629494712873,-0.3598398616905995,AGGRESSIVE,3582668,-0.46358854590342485,-0.6698682314192048,-0.7617693000000001,-0.62614103,0.91745283,-0.44440962671940165,0
-0.061255036268955565,-1.5752161197776646,-0.26769689980303035,-0.6606114819853963,-1.476077384356526,-0.43377476104250423,AGGRESSIVE,3582669,0.09611393977679585,0.510907087742299,-0.633596637,-0.6633239,-0.43884850000000003,-0.7763762176708694,0
0.5173247630700328,-0.5806573257839155,-0.4528088837698828,0.4806200798698879,0.7265461632232098,-0.01657071700396716,AGGRESSIVE,3582669,-0.6166208698808584,-0.2635669492183254,0.570200937,0.898369,-0.18232155,-0.7133216399348693,0
0.33778254307888406,-0.1910307544142182,0.3606301621402175,-0.012391945346083759,0.024611166300898372,-0.09578667293809959,AGGRESSIVE,3582670,-1.032002410746516,-0.9822242693808946,-0.17694212999999998,0.35194343000000006,0.80117702,-0.9012087749510549,0
-0.17957693028819305,-0.8127536660918693,-0.17700579468761676,0.2615036405590559,1.3752308696587976,0.004553538718688605,AGGRESSIVE,3582670,-0.721197283235707,0.33027957261150387,-0.50986719,-0.5615923300000001,-0.52953147,-0.8687271414626572,0
-0.8615661647758271,-0.6077030846394272,-1.3668230900298786,0.6175679067493607,0.3344307503404998,0.06264524411729674,AGGRESSIVE,3582671,0.29325160056682936,-0.5377366796102286,-0.67211282,0.18521890000000008,-1.1718816300000001,-0.42760301734592276,0
-0.5857963281136458,-1.478862808499148,-0.7371540689898124,0.20672452325846177,0.058497680283933526,-0.06410028935411595,AGGRESSIVE,3582671,0.2782823160276722,-0.8825880904373995,0.2717762,-0.7869046,0.6201772,-0.7549990584942695,0
0.07516190007767361,-1.2217092313191567,0.076183334735286,1.019281418674612,0.7797963411790306,0.9076154470878701,AGGRESSIVE,3582672,-0.30225538912718314,0.2604836579330055,0.65138638,0.23228269999999984,0.80107691,-0.7347097266928695,0
-1.1493611062981475,-1.8762093996572309,0.5404244353283628,0.7088664430565703,-0.541777755669965,2.106416944219451,AGGRESSIVE,3582672,0.8499998797125082,1.0420838355149562,-1.20678974,-0.5911994999999999,0.45724299,-0.37136677185961176,0
-0.9873248030503726,0.21340783696272275,0.31011355961314846,1.137969472531245,-0.49336838771432456,3.6907361666447294,AGGRESSIVE,3582673,-0.5350230996561618,2.4384954137478854,0.15968973000000009,1.88751772,-0.22683910000000002,0.11985728123514829,0
-0.4252377144333636,0.20925727723775342,-0.42646611491425795,1.4392545691107528,-0.4159135257806836,4.88953757732412,AGGRESSIVE,3582674,-1.0379981051740879,3.5050859470527818,0.55394707,-0.003749134000000001,-0.72547625,-0.8810792376437683,0
-0.05592005070969914,-0.8524329384162104,0.6764053933683876,0.27976335379880674,-0.9968252280243353,4.847288910264864,AGGRESSIVE,3582674,-0.42852955471569265,3.4951721642938542,0.36396928850000004,-0.959007736,1.08624649,-0.29638270614906653,0
1.2614333764109098,0.15783892779137507,-0.07646544914666861,0.6084380725481436,0.7120233369870946,2.755987757981106,AGGRESSIVE,3582675,-0.18034565564389968,1.6259224039795137,1.2982758115,0.912562366,-0.74152184,-0.03725644855767064,0
2.0017225778894523,-1.2168347951242806,-0.7760107056693328,1.1470993366240065,-0.377186094813863,0.08905057025453078,AGGRESSIVE,3582675,1.211623409106807,-0.2834201240455246,0.7295685000000001,-1.241720716,-0.6890001,-0.19327781733150287,0
2.1346455382629963,-0.9122207711971302,1.1459565087281613,-0.21324870937942636,2.3337350238289494,-0.9143515981846657,AGGRESSIVE,3582676,1.3771550579609044,1.3801250554486117,0.13099799999999995,0.2751529599999999,1.8929949,0.12948765368774706,0
2.4435997434763337,-1.5419655568019117,1.0013017390309418,-0.29541736664810225,0.3005442086209745,-1.2048101251777064,AGGRESSIVE,3582676,1.8979591147454802,0.0528706573943849,0.30447999999999986,-0.5688383599999999,-0.14247419999999988,-1.1346279211550043,0
3.9126585218244267,-1.4303993106118562,-1.3070624399372692,-1.3909997724430734,0.7120233369870946,-2.87362624946054,AGGRESSIVE,3582677,3.455027199882563,1.6829264583413295,1.4477842,0.10077599999999998,-2.2735672,0.9140545540338325,0
3.812844842603241,-0.21171387395341743,-3.3951316256278314,-0.7975592939190969,1.2106392088026956,-4.505474811679572,AGGRESSIVE,3582677,4.340729558490306,3.1441213155807293,-0.0983681999999999,1.100819,-2.0565930000000003,0.5493576924134079,0
0.6070901654086042,0.06738969792151574,-0.911291671820159,-1.9935699058190002,3.5778543379914187,-3.9404010726798555,AGGRESSIVE,3582678,-0.4106160829062699,4.001682327797443,-3.15932966,0.252109778,2.4463978,2.2282815442904127,0
0.8395472160592179,0.47996972917106073,-2.458220138844175,-1.7561938279972786,0.7797963411790306,-2.9105936386199582,AGGRESSIVE,3582678,1.3793109538961348,1.785726652826413,0.22909066,0.37267692199999997,-1.5236096,-0.20469319635650943,0
-0.6535397024020737,2.3600343448839265,0.43854688231806427,0.20672452325846177,0.4118856360482752,-2.535638296221553,AGGRESSIVE,3582679,0.9006373331638637,1.2322719216701397,-1.47146437,1.6982322,2.8531002799999996,1.8540607314945206,0
1.0155213335942506,-0.11094023617404643,-1.1274870665102505,-0.2588979700601451,-2.623378041854829,-0.7189522176209666,AGGRESSIVE,3582679,0.10587608910122555,1.625275728948946,1.6448900700000002,-2.23199169,-1.54242708,1.3923852411608115,0
-1.4620627815282143,-0.3664287666173913,-0.7007722382831416,0.3254126144795254,-0.29004932759024804,2.106416944219451,AGGRESSIVE,3582680,0.20537405441955597,0.9638898025277646,-2.4417043,-0.23077868999999998,0.42028239999999994,0.703860330117329,0
-0.5238461394343956,0.8341615628200684,0.47696299845789236,1.7770591519528514,-0.08188931482118458,3.3369048119671874,AGGRESSIVE,3582681,-0.5749272116771696,2.1742737158641257,0.9246295999999999,1.0844739799999998,1.1599817,0.04919152144460656,0
-0.041267679500032566,0.21297661043839203,0.4406432028876077,3.17392665432733,-0.38202701576000414,6.526667417442988,AGGRESSIVE,3582681,-1.1735870831546793,5.1248530422465155,0.47558986737000003,-0.5611064,-0.03577229999999998,-1.0585076708337982,0
-0.501642115764681,-0.2627769419862914,1.178694612798786,2.5257069912467847,-0.2271172284950303,5.143028715157742,AGGRESSIVE,3582682,-0.17446977518756324,3.8369151912457125,-0.45370739737,-0.42974055,0.7269258,-0.8349788758914646,0
-1.2434211628517646,-1.3404680108988305,0.639293517744089,2.2152921202491482,-0.5805051866367855,4.752229884868591,AGGRESSIVE,3582682,0.5059163594767014,3.4889213395008927,-0.73103677,-0.97346105,-0.5312699999999999,-0.463127377825052,0
-1.9193725384265456,0.4698051514006194,0.03740411100190135,1.6948904946841754,-0.648278270075836,4.91066217021032,AGGRESSIVE,3582683,0.5351755261087456,3.5737588861518295,-0.6661624000000002,1.6351906999999999,-0.592816344,0.07433209538222499,0
-0.10947445198679644,-1.1348622330458138,-1.067138656344746,1.1744888691192021,-0.2610037543651327,4.799759570471109,AGGRESSIVE,3582683,0.0938225352365596,3.3934004112529577,1.78368755,-1.4494703000000002,-1.087892556,0.758685450122875,0
0.9776160985173619,-2.0171831205180446,-1.1921694076606604,1.6675009621889798,2.570940657371397,4.2294045535715545,AGGRESSIVE,3582684,1.2020018291825554,3.654734546200437,1.07134755,-0.7969862999999999,-0.1231460000000002,-0.4503706114248537,0
1.0945301210589586,-2.5739662867974866,-0.8623465583945368,0.30715290123977457,0.7313870524705051,2.3229406064414633,AGGRESSIVE,3582684,1.6041752169283554,1.246528650851408,0.11522089999999996,-0.5029332999999998,0.3248510000000001,-1.18596758730041,0
1.0716376981464601,-3.3013894819453986,0.26832108725979315,0.3345424486807425,-0.1351395482499857,0.45344396201859977,AGGRESSIVE,3582685,2.1798484528420903,-0.4890325469488145,-0.022560899999999995,-0.6570697000000001,1.11362362,-0.4983859548528764,0
0.8074723754416951,-1.1907889433255965,-0.2943717749288988,1.3570860015167103,1.7721871955629371,-0.33343455284380363,AGGRESSIVE,3582685,0.013125691649090637,0.8651184991637068,-0.26033973999999993,1.9064716,-0.55421066,0.21501541829768958,0
0.34437419185175855,0.002323454095559983,0.13833563732005705,-0.3136770798878531,-0.6870056534943877,-0.6714225838897622,AGGRESSIVE,3582686,-1.2279215051749908,-0.1305278370996348,-0.4563917,1.077719284,0.42618464999999994,-0.5463316305198942,0
0.9546387456686561,-0.3259783192966865,-0.4747159982311996,0.05151702648197765,0.4651358774017878,0.1735475758547156,AGGRESSIVE,3582687,-0.35167851632797087,-0.5155094999583294,0.60142684,-0.296549724,-0.60381031,-0.8915782820052547,0
-0.4344611562401902,-1.2665030083118824,0.7079274260109419,0.22498422902532653,0.4070446992527112,1.6099969649953074,AGGRESSIVE,3582687,0.026011020372048242,0.5443662813575064,-1.36898327,-0.84956086,1.1648159,0.20067279590649864,0
1.0173692953603255,1.0287343759502792,-0.4477486848020039,1.2475278117528388,0.6345684750534537,1.588872717917871,AGGRESSIVE,3582688,-0.02498568896458738,0.7209385570022531,1.43080537,2.0732511000000002,-1.1382550999999999,0.9814414981817089,0
1.1339105191138397,1.0605975568139678,-0.8749660179399406,0.005867759822950055,0.6442503327951588,2.9355439445915086,AGGRESSIVE,3582688,0.3005582160566898,1.7452853504824926,0.11485349999999994,0.028781500000000015,-0.42077732999999995,-1.3595871223472145,0
-0.07231305094689598,0.5537504043388749,0.06393278119037656,0.8640739383384772,0.3441125843080705,1.76314788598501,AGGRESSIVE,3582689,-1.2025919833608814,0.7208854899854161,-1.188755312,-0.45782690000000004,0.9247455549999999,-0.21579237990357694,0
0.6305663015242394,1.4049548307324369,-0.18931444906198108,1.1653590947010741,-0.9726205915947841,1.9427039861432214,AGGRESSIVE,3582689,-0.07138966864735659,1.1175836705067435,0.692700412,0.7688792999999999,-0.249429705,-0.7284352127683588,0
0.9740751188473245,1.1491941710224416,-0.11791612921994182,-1.2905712973142411,-0.5078912139504397,0.24748247520662037,AGGRESSIVE,3582690,-0.052567300262682394,-0.13666404222520656,0.3385341999999999,-0.23102449999999997,0.07032204,-1.3809932716348745,0
0.19618267569229933,0.5045858201573538,-0.18813024805831619,0.19759466663858638,-0.2271172284950303,0.3266984536183225,AGGRESSIVE,3582690,-1.1449756484411306,-0.5731601697947799,-0.76662718,-0.58226438,-0.06915568999999999,-0.828399049103118,0
-0.12608530664261586,0.421391803856191,-0.1921979559153685,-0.15846959955171838,0.18436188402166706,-0.3281534910744445,AGGRESSIVE,3582691,-1.2834112249211593,-0.7150189146532351,-0.31760097,-0.07514781999999998,-0.0040063899999999986,-1.4709717266139786,0
-0.007296260430539582,0.20713026502710835,0.3320206943805656,0.17933495339883557,-0.5320958979282598,0.4111954678637264,AGGRESSIVE,3582691,-1.2962336585399523,-0.32186907258076075,0.11706877,-0.19353901,0.51631642,-1.2322628819312595,0
-0.2740263150045742,-0.035096809872890815,-0.604831193998739,0.03325731922053572,-0.716051274267772,1.5307809952288245,AGGRESSIVE,3582692,-0.9562859975965565,0.5851191000515977,-0.26286733,-0.21879983,-0.9227295,-0.8093707321147207,0
-0.8466482265545122,-0.6262530211509588,-0.6909791746840594,1.34795607764086,0.4796586481649226,2.212038266058826,AGGRESSIVE,3582692,-0.25973712560749884,1.196045137091375,-0.56432933,-0.53398192,-0.08484935999999998,-1.0131134215859474,0
-2.2040927930253598,-0.11785430784753999,-0.5262076387758958,0.8366843759517372,1.1138206313856445,2.460248298896993,AGGRESSIVE,3582693,0.9120032270606955,1.5324439276928816,-1.33778636,0.45922840000000004,0.16228772000000002,-0.367131269188915,0
-0.18111385772516916,-2.388368392310982,1.51402792850062,0.43497084908071365,-0.30457212212751716,1.937422881147767,AGGRESSIVE,3582694,1.5015622860584092,0.824092742399871,1.99368261,-2.05091894,2.00948044,1.7171060327078314,0
-0.18599814081274357,-1.2315757854185416,1.7988611911471213,0.562788752084336,1.2203210665444009,-0.7823249588532766,AGGRESSIVE,3582694,0.8454089373144003,0.3646891417306108,-0.00481355,1.0449121999999997,0.2805396,-0.7109341038012768,0
0.7274013752515417,-2.252416458873193,-1.7942631506288464,-0.6788712251166915,0.4167265569944163,0.9181775706265882,AGGRESSIVE,3582695,1.6890594759866964,0.01405070772927351,0.90017187,-0.9221089999999998,-3.5389605,1.9894204077343463,0
-0.8286322329935517,-1.2452800031721483,-1.0115037590968683,0.5080096572024002,0.973433575260248,0.5960326730173926,AGGRESSIVE,3582695,0.3573929989843253,0.13435233891517367,-1.5334994800000001,0.9097301999999998,0.77095984,0.15484802945526355,0
-1.2193645808495353,-1.5253860527241327,-1.1877125232384989,1.2292681134588601,-0.5369368188744009,1.1452632699351277,AGGRESSIVE,3582696,0.9030593128561742,0.3611377469244466,-0.38507384999999994,-0.25301529999999994,-0.17355253999999998,-1.3040162749457118,0
1.8640409028824036,-1.783404474227412,-2.898737632621439,0.6632171674300794,0.20856653630064137,1.8582069113812838,AGGRESSIVE,3582696,2.833454995355017,0.758679232001473,3.0387523,-0.23306389999999988,-1.6852326000000002,1.7040297778564253,0
-0.45034454591195944,2.0324165468874695,-2.1081594177849783,0.5262693554963788,1.4914132418063737,1.6575264776934444,AGGRESSIVE,3582697,1.5680782999321545,1.1221526756401599,-2.2808690400000002,3.4467698999999996,0.7786607999999999,2.4315824043674152,0
-1.077280450475437,-0.630448711756219,0.6512390888922172,1.1836187929950528,0.5522726446254027,1.4357217969281686,AGGRESSIVE,3582697,-0.08061389583152939,0.5634317349798366,-0.6178567599999999,-2.40532346,2.7178025000000003,1.9041847128893987,0
-4.234676549634897,-0.6474727493587972,-0.03146701922037006,-0.16759944122582157,-0.9338931130796947,0.9445829226994797,AGGRESSIVE,3582698,3.2905215905647163,0.2828711263893085,-3.1116713999999996,-0.015377539999999912,-0.67241479,1.4032017333328546,0
-0.812399138982303,-1.9479564950280048,1.8508785160161263,-0.23150840767340497,-1.0161889435077456,0.986831416854353,AGGRESSIVE,3582698,1.512050303882478,0.36893430219875534,3.37271676,-1.1747060999999999,1.85397049,2.2486539290220713,0
0.42822558889770895,-0.7442702177577734,-0.39593945684877124,0.7545156588999723,-0.33361769535263264,0.2105150341758871,AGGRESSIVE,3582699,-0.5760074796208585,-0.43063060070638826,1.22265828,1.0872704999999998,-2.21294876,0.9692223421403371,0
-0.19452650668646065,-0.05449055634756897,-0.23288564442329332,0.7453858246987553,0.7120233369870946,-0.15915944529319834,AGGRESSIVE,3582699,-1.3692660981122826,-0.21500076426075318,-0.61373354,0.6230669,0.16059589,-0.9048132661777313,0
-0.29981859296473107,-0.059894947710849855,0.4022599826302495,0.47149026061444305,-0.0915711725628897,-0.31759135024528795,AGGRESSIVE,3582700,-1.1294287517500798,-0.6574144598239535,-0.10376727000000002,-0.004881700000000003,0.62557125,-1.161393749357348,0
0.03003920334671869,1.2904995705305375,-0.22816338972949157,0.06064687861812139,-0.24648095190315203,-0.7347954115742632,AGGRESSIVE,3582701,-0.38579568752366505,-0.3634890435787842,0.32508087,1.2197897,-0.6209201799999999,-0.3841173155587478,0
0.12040180417937267,0.3677697952049555,-0.034301146714377166,-1.1079742545913662,-1.0403936274855656,-1.8226945683232063,AGGRESSIVE,3582701,-1.3570010794493388,0.9443187025744123,0.08905399,-0.8334869999999999,0.190939905,-0.9344836746297825,0
2.654964682923125,1.0337522886227513,-1.8353618853718927,-1.9935699058190002,0.7797963411790306,-3.8400610287403176,AGGRESSIVE,3582702,2.2571684789482904,2.59034033963796,2.49785791,0.6015713,-1.773911005,1.3414731921766632,0
2.2863149809713947,0.8904329487675576,-1.4749576429469506,-3.153061420046391,-0.5030502771548756,-4.806495808020095,AGGRESSIVE,3582702,1.6404579314224885,3.550848801509626,-0.36331099999999994,-0.12945806000000004,0.35497139999999994,-1.2720127596231565,0
2.6872177647902795,0.5959606415825895,-2.37169797764881,-2.267465679144124,0.20856653630064137,-4.5582859480863105,AGGRESSIVE,3582703,2.5737310094224557,3.171632431691906,0.39509700000000025,-0.26599210999999995,-0.8832225999999999,-0.7898676727987206,0
1.593735095055132,1.1672108754336725,-0.024462551761919648,-1.0531952194925194,0.38768095999516655,-1.801570234793579,AGGRESSIVE,3582703,0.5371863025408401,0.6680904432212595,-1.0776471,0.51600117,2.3118524899999997,0.8185574360095142,0
0.6908609754111428,-0.29264439383047863,1.4215097820116092,-0.49627415250227236,-0.30457212212751716,-0.7823249588532766,AGGRESSIVE,3582704,0.21579522299350473,-0.2619617366687636,-0.8897989000000001,-1.31866384,1.4241753099999999,0.3485745796173538,0
0.2821941849974599,0.550600453554119,-0.6323920547394128,-1.7561938279972786,-0.6676419063121316,-0.6555794763886564,AGGRESSIVE,3582704,-0.7498793096653554,0.2198687057002883,-0.40274857000000003,0.76168954,-2.0229407,0.4125853517994116,0
0.6622532244044624,-3.0173453573463074,0.328343198699737,0.8275544969132034,-0.4788456407253242,-0.11162986343330855,AGGRESSIVE,3582705,1.7543414430640434,-0.36073178214085705,0.37455511,-3.2228682,0.9462528400000001,1.60056802715426,0
-0.2606932688329536,0.10866676349070198,1.4089899543472786,-0.05804120811921057,-0.20775351301162004,0.052083116255968856,AGGRESSIVE,3582705,-0.029813702070598164,-0.7718867369585959,-0.90958059,2.823676589,1.06435676,1.3712003149009426,0
-0.12187368488491541,-1.2697317825935892,-0.07328370659832124,0.07890658289040886,0.3683172682858907,0.1735475758547156,AGGRESSIVE,3582706,-0.2553610982253164,-0.5963937799774216,0.13680923,-1.245085289,-1.45992942,0.1357860526863627,0
-0.8760483525574192,-0.23826364259679472,0.8270488990814492,0.5901783294168483,0.019770235052632368,0.19995290199194968,AGGRESSIVE,3582706,-0.2860602612763633,-0.6126375244617662,-0.74325288,0.93170862,0.8867607200000001,-0.3049078011452421,0
-0.177763356521378,-0.23805143911511542,1.1375654189053048,-0.0032620923131936857,-0.08188931482118458,0.5009735179428322,AGGRESSIVE,3582707,-0.3175053549440258,-0.49361788609132146,0.68817259,0.00019168000000002738,0.30583569999999993,-1.0417507505751564,0
0.5894230745784063,-0.2814670559020917,0.5951423395462924,-1.3818699382418562,-0.9145294372198418,0.37950906266669504,AGGRESSIVE,3582708,-0.6199480833607723,0.20031143161209333,0.75607621,-0.03921663000000003,-0.5342464299999999,-0.8671764571748352,0
-1.700130017620802,-2.7831021838180257,-0.2127156051582385,-1.4457788075419202,-0.038320933586790513,0.5062545797121913,AGGRESSIVE,3582708,1.9517191887051,-0.11244190013302034,-2.2563963,-2.25968687,-0.79568005,1.511300396558997,0
0.20269690326884643,0.5049806240264924,-0.15834141214686842,-1.0531952194925194,0.5377498183892877,0.712216083814609,AGGRESSIVE,3582709,-1.1527466228188048,0.006785439109156232,1.87527061,2.97007244,0.05355454000000001,1.7345867261322687,0
-0.9307195890911554,-0.25163832942199643,0.6095076160641332,-0.04891135598306683,0.1892028128925196,0.5220978082463644,AGGRESSIVE,3582709,-0.39401532151328045,-0.4543923051264544,-1.11700261,-0.68344176,0.75627424,-0.2780995812800637,0
-0.8639188559190607,-1.31569894476073,1.0688346505400685,-0.6788712251166915,-0.628914507044157,0.5907516544741291,AGGRESSIVE,3582710,0.4784839175771435,-0.08852043450703155,0.06583333999999996,-0.9611488799999999,0.452403,-0.7286311936285675,0
-2.1147273224078957,-1.150034095601498,0.515638606253327,0.19759466663858638,-0.29489026438581206,-0.13803518092532346,AGGRESSIVE,3582710,1.1324116334136904,-0.6861921139367564,-1.2326945399999998,0.14964239999999984,-0.544857,-0.43520447765172054,0
1.2164972211312373,-0.6207389632763302,0.12332648482116933,0.3345424486807425,-0.29004932759024804,0.07320737630123417,AGGRESSIVE,3582711,-0.04746037868592036,-0.6419248616135425,3.2829825,0.4781038000000001,-0.38639829000000003,1.560641840661796,0
-2.1751770416263696,-0.6683236677383456,1.4916144611224704,-0.7427801990371611,0.7991600883612868,0.10489374691738917,AGGRESSIVE,3582711,1.4614287367473677,-0.14221790525513853,-3.3425567999999997,-0.042982500000000035,1.34766199,1.826443280955094,0
-0.11613565807301625,-0.2204696256351662,0.9782433499075804,-1.1718832733491524,-0.3675042132980235,1.303695295920285,AGGRESSIVE,3582712,-0.5100445404139077,0.40103618274559505,2.02922281,0.40453937000000006,-0.5056324000000001,0.3434258226577571,0
1.670987953552021,0.39069009607664773,-0.34852326078533785,1.503163587868539,1.2493666397695162,0.316136321434385,AGGRESSIVE,3582712,0.3652416369355614,0.47328821599862714,1.7612428900000001,0.5520507699999999,-1.30676653,0.4756702545146289,0
0.23360292734852378,-1.3413256592568068,0.033371265673132,-1.2266624280141771,-0.03348000233852451,0.36366589464905574,AGGRESSIVE,3582713,-0.14846152593191714,-0.27728692277387146,-1.41656914,-1.56450204,0.376137733,0.35725495003725377,0
0.7141947295835451,-2.182540314483419,0.8700158965816811,-1.3636102399478776,-1.3502132337143593,0.04152098839464097,AGGRESSIVE,3582714,1.0827643068158315,0.4890719128921037,0.47363198000000006,-0.7598557000000001,0.824032797,-0.5752013036707504,0
-0.9626983990137841,0.28388548655753076,1.2302792146706103,0.43497084908071365,1.1041387736439392,-0.0693813533366512,AGGRESSIVE,3582714,0.11276665299237212,0.08219353924302679,-1.65260874,2.2278828500000003,0.35483260000000005,1.01387469639373,0
0.23763820533545435,-0.9641142646976713,0.6619917172605054,2.4617981219467207,1.4381629053563234,0.1629854609612164,AGGRESSIVE,3582715,-0.30337785099220765,0.8956737468314685,1.1829536,-1.12729815,-0.55972096,-0.06174183132030598,0
1.0551165424913662,0.1815109014863651,-2.1460599417323416,1.9048770997937903,0.03913395925322525,-0.26478071526125807,AGGRESSIVE,3582715,1.114320462521102,0.0021779368710517595,0.8056398,1.03482483,-2.76572224,1.2798430585457075,0
0.4078730479842563,-3.0907709946563657,1.5082444465465097,-3.116542023458434,2.4063491550095244,0.3531037451746801,AGGRESSIVE,3582716,2.1842446256207606,1.8460200842031664,-0.6378702600000001,-2.95579973,3.5992183,2.929568149226325,0
-2.509434178192513,-2.9823289044831034,4.007736443988252,1.6218517015082612,-1.074280169205091,-0.48658541331697225,AGGRESSIVE,3582716,4.752666009700111,0.3970422079540043,-2.8750594400000002,0.0979540000000001,2.4618139,2.0095665724367326,0
0.05625303008127997,-1.3463474466798313,-2.6109206931288194,0.4897499589084217,-0.5998689021201957,-0.33871560596794364,AGGRESSIVE,3582717,1.7166095038887874,-0.3161263228883052,2.528531504,1.4777558,-6.5188855,5.38984448996035,0
-0.2243048093587154,-1.4186220616615202,-2.123869232274374,1.8318383066178758,0.7846373096734405,0.2052339637613088,AGGRESSIVE,3582717,1.2625325590878143,0.23470093415828006,-0.276494864,-0.06528449999999997,0.47970950000000023,-1.2384647633848798,0
1.4848838356330343,-1.061595128386926,-0.9491733110942527,0.19759466663858638,0.03429302721248809,-0.1538783748786201,AGGRESSIVE,3582718,0.7283895843577655,-0.8713717077228619,1.68443656,0.32249669999999986,1.1569881999999998,0.2818273802426475,0
0.3517216054404732,-1.5451238106235656,-1.2887233915823182,0.44410069822770293,-0.0673665202839154,0.10489374691738917,AGGRESSIVE,3582718,0.6427170902996012,-0.7136471037212366,-1.11675203,-0.4367637,-0.33443160000000005,-0.5470035567157739,0
0.433016002589841,0.006436032408543416,-1.1458541372836022,-0.706260742666115,3.3067622419765605,0.7386214185970621,AGGRESSIVE,3582719,-0.26602222116104146,2.303187396333902,0.08011710999999999,1.40149911,0.14071560000000005,-0.38007828596156806,0
1.0872525286041799,-1.638775535109814,-2.495732410153993,0.80016497936378,-0.2610037543651327,0.3055741806052285,AGGRESSIVE,3582719,1.9990429260844775,-0.4080215433757725,0.6447620200000002,-1.48609321,-1.3295297999999998,0.30885488161613683,0
-1.9432300373525047,-2.080077407241091,1.7938029415648702,1.137969472531245,-2.802492370452817,0.7544646125503587,AGGRESSIVE,3582720,2.154688095548943,1.8920499605337966,-2.9865958,-0.39862090000000006,4.2248736,3.420868790339844,0
-1.0790548468845824,-0.3308528219158577,-2.6685947898861246,-0.17672929784569696,-0.1690260661953766,0.5273788267896281,AGGRESSIVE,3582721,1.676182484634958,-0.4445110886748481,0.8516604000000001,1.5800465,-4.3951302,2.976525265562362,0
-2.7002081234999413,-0.5624726786130292,-2.7691162812129537,0.4897499589084217,0.5667954312379605,0.8442427058555599,AGGRESSIVE,3582721,2.8543862809335137,0.004749105274061073,-1.5976761000000002,-0.20921850000000003,-0.09900620000000027,-0.17533146794556873,0
-2.615688529780262,-0.41571924697971674,0.8022631004655639,-0.41410548028782423,0.6539321905368639,0.8917722185536969,AGGRESSIVE,3582722,1.5089484567833482,0.0718873732818513,0.08329560000000003,0.13256002,3.51754333,1.7427075535109093,0
-1.40156577754239,-0.8293452815328035,0.20407150971876506,0.01499761494824824,0.2714986353958591,0.4111954678637264,AGGRESSIVE,3582722,0.17852948193085075,-0.5113923951517678,1.1965401,-0.37362176,-0.58917427,-0.40598086367834224,0
1.097019065390172,-0.4641039988650687,-0.4082674730897622,-1.2175325639214156,-1.1226894579136166,-0.021851778773326322,AGGRESSIVE,3582723,-0.18090554967213646,0.25536696667599607,2.4624009,0.32991659000000007,-0.6031084,0.7724918989272788,0
1.7261049454140223,0.39801836751347325,0.8189202656048414,0.4897499589084217,0.16983908948439788,-0.291186032753273,AGGRESSIVE,3582723,0.6062255435594911,-0.6443266629931321,0.6199756000000001,0.7787413,1.20868874,-0.22417432551619793,0
0.9554155653969968,-1.4678735731040047,-0.05891748280090198,-0.6240920853974392,0.5813182178505181,0.004553538718688605,AGGRESSIVE,3582724,0.3263334362837492,-0.36976015370935256,-0.75952843,-1.68543025,-0.864604957,0.2537139093683089,0
1.7994232242139352,0.9877876062959641,-2.372396101376782,-0.16759944122582157,0.10206606151832757,-0.2753428474451955,AGGRESSIVE,3582724,1.9465430161862678,-0.7924770882665302,0.83178493,2.21815934,-2.2786045429999997,1.5072508161074272,0
2.1105132600452228,-0.41749359489408766,1.290579194786923,-0.08543076751679624,-0.958097797057515,-0.1327541191559643,AGGRESSIVE,3582725,1.2927789343892622,-0.06434694200045286,0.30658490000000027,-1.26936796,3.6077585,2.060387931730117,0
0.12477647720886678,0.5587243994815149,-1.028402942492453,0.0697767292596879,-0.9338931130796947,-0.2278132742305248,AGGRESSIVE,3582725,-0.3981070526092402,-0.07804614112198711,-1.95697979,0.88180205,-2.2840251,1.3537207768537503,0
1.809507461872406,-1.071569400551667,-0.9215465976703383,-0.359326355514344,0.15531629494712873,0.18939078709845045,AGGRESSIVE,3582726,1.014260506527027,-0.6892963407069418,1.66033309,-1.47261823,0.10524556000000007,0.43573322008380483,0
0.5154567407921441,0.42783824849159335,-0.8482630594773709,0.0697767292596879,0.34895352110363453,-0.7664817821904181,AGGRESSIVE,3582726,-0.47563491598568586,-0.3032790084794966,-1.27531057,1.35439087,0.07217883999999997,0.0735080622201073,0
2.0965082425360415,-1.0556637709485235,-0.5896961436780529,0.06064687861812139,-0.5756642181423757,-0.5129907308089872,AGGRESSIVE,3582727,1.1674827359940259,-0.3137281601273087,1.55815507,-1.34002357,0.25466920000000004,0.28387215216203276,0
0.8774876610379748,-1.8666967763440145,0.07160729411662277,-0.09456061815836275,-0.8273926779209384,-1.030535000336663,AGGRESSIVE,3582728,0.6498325425097066,0.17564982983657648,-1.2013669999999999,-0.7325930999999999,0.65133475,-0.2395151103784878,0
1.9228122157988432,0.2709888885969116,-1.3794706430650334,-1.4275191092479418,-4.82600166868168,-0.39152626688763087,AGGRESSIVE,3582728,1.1119770811913718,3.769947074953434,1.0301863999999998,1.9309371599999998,-1.42920395,0.8301640065543975,0
3.048597585966026,0.40871315507878453,-0.33707055930344976,-1.1353637870865618,-2.061829975847473,-1.3051503420216264,AGGRESSIVE,3582729,1.9625477781571938,1.3630549332934379,1.1094819999999999,0.12440411999999998,1.02668663,-0.2735250234696751,0
0.8401201126181495,-1.8555753566014563,0.5593444412126124,0.0697767292596879,0.6539321905368639,-0.7612006771949634,AGGRESSIVE,3582729,0.7113048301121756,-0.12775644776798617,-2.1764948,-2.04529548,0.8829021699999999,1.333720683311986,0
2.897409920243424,1.617775504821117,-2.3557811424669572,1.2749172844649455,0.08270233018549437,-1.5005495842618197,AGGRESSIVE,3582730,3.0173939211526415,0.43640512938544224,2.0274966,3.1374221,-2.8711821,2.9402391743050145,0
1.1385295103039068,0.4925184520270885,-0.7586941709944869,-0.3319368080733761,-2.0182616556333572,-0.6344551947303436,AGGRESSIVE,3582730,-0.01329038270937061,1.037185231902513,-1.7334087,-1.01642664,1.5730119999999999,0.7678037438191249,0
-1.7238336888486847,1.1293422186888724,-0.5026951341786979,0.681476865724058,0.8040010251568508,1.4674081675443236,AGGRESSIVE,3582731,0.6382428383492973,0.6073078557009769,-2.8209111,0.57523269,0.25214003,1.1079030927051075,0
0.45411317711960947,1.9873450056337187,0.976399759062247,-1.0440653553997579,-0.716051274267772,-0.6925468828385133,AGGRESSIVE,3582731,0.715891857091655,0.03360371449162371,2.14640633,0.77502015,1.4567985700000001,0.9242238026409529,0
-1.073681633214434,1.0613174079715864,-0.3694621093134742,1.557942757479336,-0.29973120118137614,1.5571862608495248,AGGRESSIVE,3582732,-0.051380180630179184,0.6841839673265828,-1.5056696299999999,-0.8364658700000001,-1.32557394,0.3870915845796966,0
-1.2961603194388815,1.4571648802823907,-0.5303915685979583,-0.34106664227459316,1.559186166751195,0.10489374691738917,AGGRESSIVE,3582732,0.46647166066009893,0.5167256840505662,-0.21925680000000014,0.3575626700000001,-0.15850356,-1.3482554848856523,0
-0.6836904690132002,-0.7187237659517097,0.86477560281033,-0.9710265024407546,-1.5874187880096924,-0.2119700802772282,AGGRESSIVE,3582733,-0.17759344558368043,0.6273505015902497,0.6036002,-1.9654453,1.374136,0.6883981546417481,0
0.2617754758505536,2.5563075092636742,-0.5705689444994939,0.1884648174915971,0.0681795435729367,0.13658013482398235,AGGRESSIVE,3582733,1.0595923360110504,-0.7896377644565309,0.93177392,2.9582832,-1.41370773,1.6295610703421228,0
-0.6375878208462664,2.3986702575916743,-1.267962739237277,-0.0032620923131936857,0.5232270238520186,0.030958864855922648,AGGRESSIVE,3582734,1.2761720261870835,-0.5024356880864985,-0.88633892,-0.14239120000000005,-0.68688107,-0.6622289333138452,0
0.9899762961150522,1.809663890768649,-0.7150077689731791,0.47149026061444305,0.34895352110363453,0.015115670902626043,AGGRESSIVE,3582735,0.659627995866887,-0.5860886899388758,1.6039941,-0.5320399999999998,0.54461956,-0.013205147475221788,0
-0.1640290798195897,0.2688132050910425,0.5373007479207448,-0.18585914699268627,0.42640843851025584,0.1735475758547156,AGGRESSIVE,3582735,-1.0317400717277163,-0.5431204311796417,-1.13729333,-1.3918257,1.23343084,0.39358582079381926,0
-1.0194501653109511,-0.42043253783447765,-0.3675555797102917,-0.5236637298347847,-0.541777755669965,0.06264524411729674,AGGRESSIVE,3582736,-0.377544364113199,-0.402354004605071,-0.8430330699999999,-0.62258462,-0.89121625,-0.41539814405606645,0
-2.173695891950365,-1.7442508948458684,-0.19283314088549136,0.0697767292596879,0.9879564014963629,-0.02713284227172931,AGGRESSIVE,3582736,1.4849518709243095,-0.05522413162722054,-1.1375302,-1.19578388,0.17208862000000003,-0.1300546550322391,0
0.7763710125087412,-0.9174516401599603,-0.3239785768042965,-0.6240920853974392,0.019770235052632368,-0.6555794763886564,AGGRESSIVE,3582737,-0.22641526754863883,-0.40119208310094595,2.9073447,0.7468345000000001,-0.12916851000000001,1.2231153250835771,0
2.258196272163692,-1.5475655677145077,0.40330959480119194,-0.012391945346083759,-1.1807806043638476,-0.28062390921455466,AGGRESSIVE,3582737,1.5501140647916265,0.16592553565826226,1.4603658,-0.5691717999999999,0.71632481,-0.06574223761655602,0
-0.7700047225927545,-1.8860885743727007,-1.2826446589299907,0.0697767292596879,0.21340746517149392,-0.006008584820029723,AGGRESSIVE,3582738,1.0220664649076854,-0.7992020159110671,-2.9843472699999998,-0.3057824,-1.6605396700000001,1.6500133009462412,0
-0.2621370574545837,-2.067202275398532,1.380457954360233,-0.03065165096349074,-0.5078912139504397,0.04152098839464097,AGGRESSIVE,3582738,1.1336824105249574,-0.4961612705847241,0.50051284,-0.16359710000000005,2.6229582000000002,0.8919310155628862,0
-0.16012567154006038,-2.081003583330265,0.9524921688247556,0.3345424486807425,0.2811805010622757,-0.03769496926853528,AGGRESSIVE,3582739,0.8812250379309303,-0.6868191785506482,0.10053408,-0.012466499999999936,-0.4215145,-1.3632108797597535,0
-0.2518159393467992,-3.0694330754859647,0.30989571576923686,1.676630796390197,0.38768095999516655,-0.29646710316785124,AGGRESSIVE,3582739,1.7162883112036236,-0.03603658906920278,-0.09036243,-0.8928325000000001,-0.63290976,-0.6946347732576972,0
-0.14483087575234954,1.0442748933442312,0.4796731927453043,0.2980230520927853,-1.0597572637218613,-0.291186032753273,AGGRESSIVE,3582740,-0.5254708343167432,0.06427433881072281,0.10543572999999999,3.7158464,0.16721819999999998,1.943975980413143,0
1.1102294755750544,0.908872111696155,0.5804943615002136,-0.46888457516976007,-0.4207544625762476,0.26860675686493346,AGGRESSIVE,3582741,0.047378045248060226,-0.4447620109445036,1.23688485,-0.12230716000000008,0.09930135999999995,-0.5450003983200699,0
-0.23349167142599278,1.0863915941096118,-0.17529098513032274,0.12455584357112756,-0.2271172284950303,0.030958864855922648,AGGRESSIVE,3582741,-0.5939208568516371,-0.751362500175545,-1.32426168,0.16035050000000006,-0.7443924099999999,-0.2626241098992837,0
0.6699903720337721,1.50283767211471,1.0502351764488973,-0.6514816477841793,-1.3744178384450647,0.025677794441344378,AGGRESSIVE,3582742,0.42950892889621217,0.38044108691368633,0.89039802,0.37616905999999994,1.20705221,-0.2437136258813745,0
0.12253870022663038,1.3036510274410595,0.750344432784818,0.9462425657156086,-0.1351395482499857,-0.1697215688319167,AGGRESSIVE,3582742,-0.11357946502798898,-0.48186294723344836,-0.5395236,-0.17992209999999997,-0.29537009999999997,-1.154631847387763,0
0.3502613686197281,1.706469541329193,-1.3405471993155589,0.35280216192049335,-1.2969629765114237,-0.17500263060127583,AGGRESSIVE,3582743,0.6809325920052265,0.28216025242984777,0.22442484000000001,0.3638595,-2.0593729,0.316506040932665,0
-0.5652762611253088,1.0821016474294864,1.2262357624503544,0.4806200798698879,-0.28520840664410696,-0.11691092866075536,AGGRESSIVE,3582743,0.19534016755307404,-0.6199247205767162,-0.9022790199999999,-0.5639815,2.5280905000000002,0.9599282388373742,0
-0.12320498446559067,0.6322656150651927,1.7249065769517682,1.0466709810613521,-0.8128698833836692,-0.5710824275623761,AGGRESSIVE,3582744,0.4099643049945762,0.06259636859280297,0.4356693,-0.40632967,0.4911536999999999,-1.0226057042646852,0
0.2807518473890767,1.2577185166145728,-1.140719435233759,0.343672312773504,0.029452096756693236,-0.0905056094396966,AGGRESSIVE,3582744,0.16165415359057597,-0.818917341042139,0.39810682,0.5649615699999999,-2.8224286999999997,1.1238309832536455,0
0.4574722626395334,1.993542613788648,-0.2422013725228573,0.1884648174915971,0.1214297849264493,0.057364182347937574,AGGRESSIVE,3582745,0.4464362841647636,-0.8197027671876598,0.17416119000000002,0.6646581,0.88497353,-0.6722391766642553,0
0.40405454934704255,-0.6733778148638401,0.49552087550261936,0.6175679067493607,0.03913395925322525,-0.042976034495982085,AGGRESSIVE,3582745,-0.5836862877888797,-0.6772028225523351,-0.05264413000000001,-2.4089864299999997,0.7266016,0.7324250489355427,0
-1.0315277704685732,0.2918116430753023,-1.0745642926293124,0.47149026061444305,-0.9871433702826302,-0.20668901850786905,AGGRESSIVE,3582746,0.010125293684459023,0.0024062172483600673,-1.41479254,0.8718401499999999,-1.5464172299999999,0.48427774234987936,0
-3.7465175408185476,-1.0252473887289406,-3.413387317441092,-0.706260742666115,1.409117411378323,0.23163930718898107,AGGRESSIVE,3582746,4.3359155588844995,0.423832879012105,-2.6756719,-1.18967829,-2.3035669,1.9486205048389573,0
-1.5327412309131148,0.08320771077951185,0.5034791103386432,-0.4597547409685429,-3.364040436460173,-0.47074221071845657,AGGRESSIVE,3582747,0.13931897184842354,2.307102225845851,2.1817169,1.0012497052,3.8578224,2.7714768891505557,0
-0.6377553773619878,1.1857684175270027,1.0007575355431686,-0.7153905768673321,0.6829777320631335,0.9604261512336527,AGGRESSIVE,3582748,0.10578455371265011,0.17449153649663687,0.88202487,0.9959253948,0.4897823,-0.3732132031495457,0
-1.871920346470418,-0.25738555871415064,1.2715895389786787,-1.1171040887925834,0.920183397304427,0.4270386358813657,AGGRESSIVE,3582748,0.9396219695688064,0.13101920281409193,-1.21629207,-1.30357783,0.2667494,0.014166671573387553,0
-1.1129834939089518,1.0574424027927558,-0.8937707968580942,-0.9071175285202852,0.7846373096734405,0.6171569200948294,AGGRESSIVE,3582749,0.22909310699358523,0.06396336445587598,0.7479460999999998,1.1876630000000001,-2.13271904,0.7690376298985327,0
-0.6623054763662852,-1.8566803247518322,-2.342648882817879,0.07890658289040886,0.8959787133266068,-0.042976034495982085,AGGRESSIVE,3582749,1.8157818266166867,-0.14494223827243857,0.4441514000000001,-2.6322802999999997,-1.42703726,1.2457156811685386,0
-1.5069970088881883,-0.30262219755358005,0.3597839054106297,0.30715290123977457,0.22793025970876307,0.057364182347937574,AGGRESSIVE,3582750,0.10964932381248853,-0.7156883436952558,-0.8324589000000001,1.4037557699999998,2.6616955,1.3415051857419404,0
-1.541087398228345,-0.20829304489290354,-0.20309486927926784,-0.3228069439806146,-0.1448214139164023,-0.5341149778864238,AGGRESSIVE,3582750,0.0906132325149879,-0.5420018958871657,-0.033596699999999924,0.08520601,-0.55439377,-1.234053739366464,0
0.5915204482718376,0.5109900189410195,-2.3375528638890883,-0.15846959955171838,-0.3239358376109275,-2.5039517527010164,AGGRESSIVE,3582751,1.1629222736197187,1.1915698899758786,2.1017239,0.64971685,-2.10228253,1.2616858627087402,0
-0.2771277594241115,-1.1395877681123203,-1.1860412296541267,-0.14020988631196757,-0.21743537867803664,-0.28590497962913297,AGGRESSIVE,3582751,0.21496997451156896,-0.7099392317734113,-0.8560686399999999,-1.4909404300000002,1.1341534,0.2725944635272889,0
-0.5860435685946044,-0.25619516892016875,-0.5007266405104804,1.8957473253756618,-0.4207544625762476,-0.058819225855712955,AGGRESSIVE,3582752,-0.781680949479759,0.06708519151443072,-0.30444216,0.7979543600000001,0.6749839500000001,-0.7042358945107204,0
-0.5471162621097901,-0.38116449832161703,0.5345712019197564,-0.3958457670480734,0.576477328603223,-0.15915944529319834,AGGRESSIVE,3582752,-0.7134621642653124,-0.42037765132771304,0.038363570000000013,-0.11288279000000001,1.01969145,-0.7665536047413375,0
1.1267138992864125,-0.042413235643742025,0.7200656715916722,1.2566576459540557,-0.628914507044157,-1.9811264214039814,AGGRESSIVE,3582753,-0.09225022533254736,0.9255945400958587,1.64959013,0.30598858,0.18269827000000005,-0.1016020520607989,0
0.06798999821017467,-0.47751556224481306,0.3402267753236796,0.5810484503783145,-0.6918465902899518,-1.907191643085144,AGGRESSIVE,3582753,-0.9797082518308439,0.7968621844179804,-1.0433917000000001,-0.39302095,-0.37411309000000004,-0.6162509471394712,0
-0.8859156485150406,-0.14509256431049333,0.3874473830291193,0.2706334897060452,1.0702523111715287,-5.086391692761271,AGGRESSIVE,3582754,-0.594047736777052,3.595080415230573,-0.9400913999999999,0.30027236,0.04650879000000002,-0.8054448918494295,0
-2.506987140747385,-3.41737382942242,0.5061418492696773,-0.14020988631196757,4.492790171947455,1.0871716336982726,AGGRESSIVE,3582755,3.0913113840260174,3.4819125508194,-1.5975954999999997,-2.95579916,0.11690523000000003,1.5826862757015723,0
1.9198127786252666,0.16261754583337734,1.2690333055436658,-0.12195018203968008,-3.436654329899404,0.030958864855922648,AGGRESSIVE,3582755,1.0412418981319707,2.352249045689635,4.362692,3.233748765,0.7513913999999999,3.715601911382769,0
1.2039416948272164,0.2558403963224163,4.581018267376896,0.3619320260132548,0.4070446992527112,-0.12219199129463644,AGGRESSIVE,3582756,3.8910929408087234,-0.5727466066645737,-0.7055039999999999,0.084206705,3.2620591,1.5591348740297273,0
-0.9252210606405822,-0.359255186293332,1.126538800325803,-2.5322312296779526,-1.4228271271535904,0.29501204842129103,AGGRESSIVE,3582756,0.041098785532914635,0.9233990079981895,-2.0983287,-0.55560597,-3.4024056000000003,2.2605966793501207,0
1.3006222001293999,-2.1801458293492155,0.7487400478009013,-1.016675822904562,-0.18838978960349834,-0.15915944529319834,AGGRESSIVE,3582757,1.3261695663863893,-0.45623289814032386,2.1936090999999998,-1.6447813,-0.37210370000000004,0.9840765968515314,0
0.5223894081189074,0.4213663854925675,-1.3485770436142557,0.7088664430565703,0.6878186530092746,-0.4443368845812225,AGGRESSIVE,3582757,0.032088960985729394,-0.1782825022694874,-0.7669625999999999,2.34990424,-2.0657015000000003,1.441293226002491,0
0.6045305070122263,0.9965422841182741,-1.0839438834142885,-0.11282032392522746,-0.3094130668477927,-0.11691092866075536,AGGRESSIVE,3582758,0.05864571353528414,-0.6929562574131763,0.08095154999999998,0.5195471600000001,0.2606440000000001,-1.208942368045209,0
0.07810717894282589,0.42168998251726936,3.2783819337702984,0.13368569271811687,1.5301405935260797,0.5009735179428322,AGGRESSIVE,3582758,2.175268425455828,0.5587718132804327,-0.5187997839999999,-0.51925486,4.2965668,2.5854920448163554,0
-0.7158570989022798,-2.7262887091975445,-0.9965817603804256,-0.3136770798878531,1.5446634990093093,-0.33871560596794364,AGGRESSIVE,3582759,1.627509147713353,0.5125065654464287,-0.782466266,-2.84351864,-4.2105216,3.371995244265116,0
-0.9489462433935254,0.5570008993651069,-0.18111416551049989,-0.4780144392625216,0.21824840196705797,0.10489374691738917,AGGRESSIVE,3582759,-0.5159500914101288,-0.6637781207963769,-0.22971359999999996,2.96574282,0.80317499,1.3002096808566275,0
0.4480982705981183,0.2512977273405497,1.7613823233722805,0.6175679067493607,1.757664448573937,-0.021851778773326322,AGGRESSIVE,3582760,0.451836319121983,0.7259880067669645,1.37681283,-0.27613677000000003,1.91321471,0.5880754158009496,0
-0.556348024412159,0.6846741625505861,-0.6565784477338864,-0.46888457516976007,-0.3723451500935875,-0.8192924344648863,AGGRESSIVE,3582760,-0.5470531370302921,-0.2094083679444349,-0.9899001299999999,0.39146198000000004,-2.3815117,0.8248315590379292,0
1.1818397189912455,-0.4711985010657121,-1.2339648447046578,-0.6880011041552253,1.58339092997613,0.3372605512213835,AGGRESSIVE,3582761,0.40656255829953974,0.6028628271414299,1.7130157,-1.04408123,-0.5686827,0.29828906421458096,0
-1.208826064428341,-0.7233986414224229,2.5109920670990555,-0.05804120811921057,0.31990794787851917,1.5519053287584523,AGGRESSIVE,3582762,1.667780201042059,0.4692502145304168,-2.3560447,-0.22780834,3.6885043,2.609502372276811,0
-0.49570335192434856,0.5522005373300763,-4.260732961656906,0.40758128669397353,-1.5535323255372817,3.0992570755721207,AGGRESSIVE,3582762,3.3486323709584256,2.2135000677610286,0.70279543,1.15222827,-6.669646,5.046093519075996,0
-1.2534445188355352,0.37885510227236574,-2.207488941024781,2.0418249117274905,-1.4131452694118851,-0.6608604603510438,AGGRESSIVE,3582763,1.258119522232458,0.8188739724344808,-0.7467677300000001,-0.15658015000000003,2.0222928,0.3750209107298118,0
0.18973920276870002,0.025448213376113166,1.199166816989207,0.9462425657156086,0.7459098787066201,-0.24893752130796146,AGGRESSIVE,3582763,-0.2705069831269434,-0.12059499976509024,1.42228386,-0.319226772,3.3553027999999996,1.8807585383829226,0
0.9311949377222869,1.318334560719987,-0.9130035776051115,-0.6149622063589054,2.967896983275537,0.7967131067052321,AGGRESSIVE,3582764,0.33874011488160716,1.9913936673951838,0.73071814,1.167843492,-2.0803309,0.7106767823608585,0
0.5243691787107091,-1.0340496374173178,0.5081897194839285,-0.23150840767340497,0.179520947226103,0.057364182347937574,AGGRESSIVE,3582764,-0.21450994074460863,-0.7838324237330135,-0.4009342,-2.1248709000000003,1.3997698,0.7919306920191973,0
-0.5004014791445804,-1.3728619218810345,0.5523835100331839,1.0558009049372026,-0.18838978960349834,-0.5077096517491898,AGGRESSIVE,3582765,0.06860218683987822,-0.3015209920215019,-1.00993016,-0.3060436999999998,0.0435276,-0.736835076992131,0
0.03480362056375367,-0.10914135555332102,-2.147481368752645,0.6540872883915456,-0.05768466254221027,-0.291186032753273,AGGRESSIVE,3582765,0.811313755558149,-0.6024478624651902,0.52745438,1.14149851,-2.6591663,1.1597213055953868,0
-0.15594562098947046,2.1297213861944884,-1.65145684524103,0.9371126418397583,-0.07704837802562053,-0.3704019938745369,AGGRESSIVE,3582766,1.225259391423863,-0.4391348273284721,-0.187986854,2.02232879,0.4885472999999998,0.3021216227340578,0
0.825500159753656,0.533649028776892,0.816338852605469,-0.41410548028782423,-0.3626633082013053,-0.25421859172253974,AGGRESSIVE,3582766,-0.22799933600128885,-0.563215476586203,0.9672327039999999,-1.44170655,2.4305954,1.205444145599364,0
-1.5872000918716043,0.07710688592246508,-0.24517880524313637,-0.07630091538065249,0.09238420377662244,0.28444989894691536,AGGRESSIVE,3582767,0.12419029128634929,-0.6839685152426859,-2.37776007,-0.412387192,-1.04551602,0.8463709313611426,0
-0.48600191794250275,-0.22670001417976865,-0.6891597887102717,0.2980230520927853,-0.5950279653246316,-0.38096414334891254,AGGRESSIVE,3582768,-0.7063542894206757,-0.33714676439635816,1.0852508699999999,-0.274423898,-0.43728828,-0.5903570148922835,0
0.37003111970211056,-0.5777825929955361,-0.8691738246688061,-0.66974136102393,0.7313870524705051,0.057364182347937574,AGGRESSIVE,3582768,-0.3898303393434334,-0.2240107195095764,0.84363616,-0.31712726,-0.17730045000000005,-0.8752896079838397,0
-0.11885340588469961,-0.6773482274719858,0.18538486153904873,-0.19498901108544778,0.2666576986002951,0.07320737630123417,AGGRESSIVE,3582769,-0.865203104009371,-0.7166811293548488,-0.48180461,-0.08993604,1.03866195,-0.6439687963624957,0
-0.4755673366869681,-0.4791255764529003,1.00469356849289,0.17933495339883557,-1.3550541229616544,-0.2278132742305248,AGGRESSIVE,3582769,-0.28720975266515797,0.3322186088428027,-0.35154808,0.17905134,0.8069582,-0.8957214362903893,0
0.7477835553936277,-0.5743596383575763,-1.2378330552794108,0.17933495339883557,-0.6143917283563108,-0.0852245450767717,AGGRESSIVE,3582770,0.14166535098505892,-0.39265996362938627,1.2056346,-0.08602339999999997,-2.2087221,0.7335182634747662,0
0.6033807667324538,1.5045964767440083,-0.2017102470657402,-0.2588979700601451,-1.0984847739357964,-0.042976034495982085,AGGRESSIVE,3582770,0.010480526952604591,0.0773573793888995,-0.14231158,1.8778877,1.02050398,0.35545436219099835,0
-0.011114275058439425,0.8182169642970839,-0.9539846384969767,0.6266977708421222,-0.5514596134116702,0.02039673267198521,AGGRESSIVE,3582771,-0.35054087925130845,-0.3632265438255649,-0.605596063,-0.6199956000000001,-0.7409343799999999,-0.6522837845488846,0
-1.239693377909855,0.6014463694953226,-0.5023155725520764,0.20672452325846177,-0.7305740608803296,0.04680205016400014,AGGRESSIVE,3582771,-0.09177640654907544,-0.2714985067939059,-1.210787097,-0.19580539999999996,0.44486046999999995,-0.48683179413948113,0
-0.8947770777371524,2.802486575100621,0.5060759965864366,0.1702051191976185,-0.1448214139164023,0.06264524411729674,AGGRESSIVE,3582772,1.448297254308103,-0.7948115147229465,0.3399213000000001,1.9881642999999998,0.99319077,0.46237491717592144,0
-1.0116323494626633,1.1570317950254496,-2.0349204920943476,-0.3867159029553119,2.5612590373710358,-0.3281534910744445,AGGRESSIVE,3582772,1.173122728513521,1.4950697803297794,-0.11516300000000002,-1.4863128999999997,-2.50269274,1.1311066368078093,0
0.8846978777727519,-0.7104709901038057,-1.15092406287352,-2.4226731893718028,2.445076585976345,0.24220140479204208,AGGRESSIVE,3582773,0.21295219819361946,1.6827982489091027,1.868868,-1.6868853000000001,0.8706708000000001,0.8804624975170633,0
-0.773534875471641,0.03965697789814552,4.085042275444973,-1.4914281280057278,1.8932104569578088,0.067926314531875,AGGRESSIVE,3582773,3.183897215904725,0.9800945968157943,-1.6342186,0.677578557,5.1570377999999995,3.685243501543284,0
1.8648029385107379,0.2104778945143301,0.18388597689918898,-0.16759944122582157,0.7943191674151456,-0.47602328113303477,AGGRESSIVE,3582774,0.5432817073064348,-0.16051440603121997,2.60013,0.15429979300000002,-3.84234909,2.870362365816326,0
0.029083974944141153,1.736539155515771,-0.5045290390141931,-0.8705980870950113,-0.49336838771432456,-0.38096414334891254,AGGRESSIVE,3582775,0.16373768131300556,-0.2961911729624252,-1.8091344950000001,1.37846665,-0.67803764,0.5882062540275618,0
-0.35112578212205525,-0.17482272820725228,0.13268481511914182,-0.2862875324468852,-1.3405312967255396,-1.468863300097856,AGGRESSIVE,3582775,-1.233854012020318,0.8113160028771733,-0.374703645,-1.72650252,0.6276083,0.08672797471547326,0
-0.526044982585661,0.6970164940507632,-0.6010675293813296,0.0697767292596879,-0.7015284480316569,-0.291186032753273,AGGRESSIVE,3582776,-0.599488232441914,-0.2872913014348328,-0.17238606,0.7875183800000001,-0.72269154,-0.7101821323084129,0
0.39373306594920976,-0.4299185692881888,0.8250823547988595,0.2523737764662944,-1.4131452694118851,-0.5658013485025788,AGGRESSIVE,3582776,-0.48275430932195945,0.4535668289098962,0.90645803,-1.0179423600000002,1.40465167,0.1696311775694869,0
-0.7238847028546396,-1.1223539847269846,0.9161811048775957,0.22498422902532653,0.135952571539007,-0.0693813533366512,AGGRESSIVE,3582777,0.15805014711571339,-0.8330531176687225,-1.1014326799999998,-0.6254658,0.08972550000000001,-0.5219334554039143,0
-0.5612434184053663,0.4111493768117947,-0.4679778046658526,-0.5327935341444574,1.1089795836441199,0.16826652273057557,AGGRESSIVE,3582777,-0.8286458865201497,0.11285953749399702,0.16028595,1.38518898,-1.36329368,0.16244589999359432,0
0.4209805072572201,-0.9845766009503967,0.9176838578295607,-0.4871442884095108,0.9347061839169847,0.07848842942537425,AGGRESSIVE,3582778,-0.04262140530426499,-0.06858360626168374,0.96799958,-1.26073688,1.36477378,0.3081941655455394,0
-0.5222603443065266,-1.460761523818717,1.9761505038034861,-0.5784428247167204,0.4506130749398072,0.067926314531875,AGGRESSIVE,3582778,1.208239712735218,-0.48004891441565417,-0.92958105,-0.4301301999999999,1.042511,-0.3291052825025307,0
-0.5075980583842248,-1.5453266261381924,-0.2766330662759727,1.7040204185600256,-2.3813315190650863,-0.5552392249638605,AGGRESSIVE,3582779,0.14880901114328224,1.5243250309013125,0.01444994999999999,-0.07638630000000002,-2.2188244299999997,0.4341113700967867,0
-0.26736426672185437,-1.4181135836818912,-1.0316698894376173,0.6084380725481436,-0.7644605629762976,-0.15915944529319834,AGGRESSIVE,3582779,0.31750165899300986,-0.1837890394091139,0.23675478000000003,0.1149095,-0.74365517,-1.0057618795179166,0
-1.08785884439356,-0.32787272912460164,0.44431292133202527,0.9827619623035657,-1.2340307823196683,-0.20668901850786905,AGGRESSIVE,3582780,-0.3051040963430633,0.3151820992405124,-0.8086123599999999,0.9847970699999999,1.4537334,0.14535122291117528,0
0.5107485782425324,0.43359037104015935,0.27564992436427677,0.8366843759517372,-1.214667146083373,-0.645017318269062,AGGRESSIVE,3582780,-0.8964062233450067,0.363988152014221,1.5754567499999999,0.6878174,-0.16612052000000005,-0.06195008601070136,0
1.2560806595712442,3.170782168638764,2.039614783527997,0.6266977708421222,2.4015082657622293,-0.18028369669324454,AGGRESSIVE,3582781,2.677239829226107,1.3476870821589813,0.7345383499999999,2.47246143,1.7373743200000002,1.329066419510139,0
-0.4903807004850391,2.123173168468149,-0.2047031631874904,-0.06717106324450876,-0.17386700299094063,-0.31231028847592873,AGGRESSIVE,3582782,0.5615572992566639,-0.7278314637972054,-1.7211694999999998,-0.9462884,-2.21048642,1.1753677196538534,0
1.8227324836592165,3.3367593226925165,-0.9981997504515365,-0.2406382717661665,0.9927973382919271,0.015115670902626043,AGGRESSIVE,3582782,2.5916965442958664,-0.04300988690749012,2.2796152,1.0962129,-0.78153518,0.863948530166527,0
-0.4898599592274344,2.1267692691022204,1.1863188427441889,-0.3319368080733761,0.7943191674151456,-0.09578667293809959,AGGRESSIVE,3582783,0.9545429557664369,-0.22922981474525916,-2.279102,-1.0929646,2.1515885,1.5398485323376672,0
-0.8028934395846191,0.9253983877720606,2.8256188462131213,0.9736321281023489,-0.40623169181311286,-0.042976034495982085,AGGRESSIVE,3582783,1.858410538296315,-0.35403344329437414,-0.3085002,-1.0851790399999999,1.6145887,0.18212281895645938,0
-0.8450539993146972,1.1342008126893472,-0.08707381282544635,0.38019170936146124,0.10206606151832757,-0.259499662137118,AGGRESSIVE,3582784,-0.2365480627985619,-0.7266526247480052,-0.041549999999999976,0.18860787999999995,-2.86878585,1.0931109537851824,0
0.8570375065060858,-0.8559415250413774,0.42901521914801594,-0.41410548028782423,0.179520947226103,0.37422802683299317,AGGRESSIVE,3582784,-0.16705176422418372,-0.5366837167396016,1.6774422,-1.7976636400000001,0.50830935,0.7263919091456892,0
0.8401235016980411,1.3562627225625554,-0.47953314333165675,0.06064687861812139,2.508008700920986,0.43231971494116306,AGGRESSIVE,3582785,0.09269627190625002,1.466534100136183,-0.016669060000000013,1.9982486,-0.89485263,0.4032714949429776,0
0.17237004656059463,0.8452337732306117,-0.5221844520437295,-1.1353637870865618,1.4478447630980287,0.2527635283307604,AGGRESSIVE,3582785,-0.6666840744475456,0.5316062557447023,-0.6580832,-0.46160424999999994,-0.04200837000000002,-0.9895805263517394,0
0.4151987978437233,0.10460291182652191,0.4325116554856083,0.12455584357112756,-0.2706856200315493,-0.47074221071845657,AGGRESSIVE,3582786,-0.9729849072507911,-0.5525680224967185,0.23931216000000002,-0.668999973,0.94030473,-0.6137251785509242,0
-0.4676742710887505,-0.9775107608331249,1.0385172366850206,0.2980230520927853,0.48934052968076214,-0.7400765165697177,AGGRESSIVE,3582786,0.03601976027061342,-0.2321583131512282,-0.8700875,-0.977455917,0.59687047,-0.352429760265404,0
0.6235563449114437,0.5114609671938699,-1.2599124873077887,-1.4092594109539631,-0.982302481035335,-1.2470586193325799,AGGRESSIVE,3582787,0.013332277201321338,0.5890633072683469,1.07542766,1.3449642700000002,-2.2637825,1.061971996981629,0
-0.00738674074609027,0.9275910980389285,-1.7272099707390725,-0.8705980870950113,0.6152047120217746,-0.6555794763886564,AGGRESSIVE,3582787,0.5030459168929566,-0.10793147491642266,-0.62180591,0.37588367,-0.4602533,-0.9340888560852018,0
1.9868010882371134,-0.11261186998663213,0.24432348007971616,-1.0897145413516154,1.16707088858858,-0.14331625133990172,AGGRESSIVE,3582788,0.6991654184138071,0.24671820463621416,1.96530845,-0.93959865,1.94181396,1.1362931947936377,0
-0.25274600839730677,-1.2748050488453808,1.4304797987537352,-0.2406382717661665,0.28602143785783973,-0.23309433599988397,AGGRESSIVE,3582789,0.5353618977607487,-0.6843949264460127,-2.20711448,-1.04979045,1.16827584,0.925766147150614,0
-0.2882067021777302,0.41171108279329727,0.12003727223703685,0.6084380725481436,0.35863538677005113,0.14186120523856063,AGGRESSIVE,3582789,-1.2364846746504763,-0.5030443276136841,-0.034947160000000005,1.5234029599999999,-1.29068852,0.20955581062669892,0
-0.6355234247266311,0.14136312753737942,0.3728778271423607,0.43497084908071365,1.0315248009575935,0.18939078709845045,AGGRESSIVE,3582790,-0.8861259941812559,0.038853834809851384,-0.3422869599999999,-0.24420097,0.24902916000000003,-1.3077170485933962,0
0.620805447027886,-0.1540605748275007,1.4390208491272338,1.284047058883074,1.2784122922417462,-0.31231028847592873,AGGRESSIVE,3582790,0.1728080298990355,0.4156430188746685,1.238135,-0.26685149,1.05007166,-0.14425548134842445,0
0.10329718899478663,1.1906895389306766,-1.4611588355558514,1.411865096398646,-2.3668086135818562,-0.7664817821904181,AGGRESSIVE,3582791,0.3771203587573535,1.5019239202727352,-0.5100138200000001,1.2146912,-2.8564615,1.365069258663633,0
-0.9855786455913426,0.7368372390531291,0.3772718235719236,1.5396830442395852,-0.3917088893511322,0.4006333443250081,AGGRESSIVE,3582791,-0.3246168413691511,-0.019243265101991754,-1.07310698,-0.4099575,1.8107176,0.3578432136813788,0
-0.9216858647296413,-0.19286141906018886,0.8380552115606611,-1.0531952194925194,1.5398224512677847,0.4376007680653031,AGGRESSIVE,3582792,-0.2505315551472653,0.6365820074318131,0.06296749999999995,-0.8397818800000001,0.4538374,-0.8369650860836192,0
-1.793853398513326,-0.7980234918870073,0.9684192585872551,-0.9162474075588188,-0.55630058190608,-0.14859730878665137,AGGRESSIVE,3582792,0.8300637098029081,-0.28753388089055193,-0.859537,-0.5466331900000001,0.12839889999999998,-0.7664982267529509,0
1.9543368484282062,0.9928122942465448,-0.11857842689517195,0.024127467084391983,-0.038320933586790513,-0.22253220381594654,AGGRESSIVE,3582793,0.8346795395797505,-0.8633910584907898,3.6939098,1.61763323,-1.0706119539999999,2.3978447262376648,0
-1.678927467059073,-1.3241939478717364,1.3961575142689824,0.80016497936378,0.1117479192600327,-0.1697215688319167,AGGRESSIVE,3582793,1.2435928829423932,-0.5641750296288391,-3.5806481999999997,-2.09291456,1.4919023539999998,2.6345874374556346,0
0.235049384616895,-0.060595358691411326,-0.7987660262458652,0.22498422902532653,-0.6385963727105736,-0.01657071700396716,AGGRESSIVE,3582794,-0.7225714247229685,-0.36359233451698864,1.88625907,1.14138833,-2.1618366,1.306861163638238,0
0.4511585792994497,0.5421428251798691,-1.109399813798896,-0.7519100332383782,0.3102260742873911,-0.3545587912760212,AGGRESSIVE,3582795,-0.21442591395201305,-0.46980713719823697,0.21297955000000002,0.54444373,-0.3059512000000001,-1.1355409988354717,0
2.2103212569767696,-0.020789525943314017,1.4021317720353177,0.7271261861878655,-1.476077384356526,-0.9301947834927433,AGGRESSIVE,3582795,1.415325908388238,0.6757814988550676,1.73368688,-0.50848776,2.473672,1.282166671885847,0
0.6378907018399173,-0.05745241566979723,-0.39544565310191787,0.3162827503867639,-0.3384586400729081,-0.9671622158782576,AGGRESSIVE,3582796,-0.787630902629054,-0.12113974470656942,-1.5496589699999999,-0.03311700000000001,-1.7704802,0.5678308390736024,0
0.9624090433698402,-0.45791663112231334,-1.1164167898151252,-0.770169746478129,-0.7789833416641438,-0.6238930711916252,AGGRESSIVE,3582796,0.135799775931144,-0.01712130743647172,0.31981874,-0.3617329,-0.7101030000000002,-0.9354836894505598,0
0.44691647611661584,-0.18699124946836604,-0.9790599310316472,0.3345424486807425,2.2708029881314236,0.30029312748108844,AGGRESSIVE,3582797,-0.407891542447649,1.22620060369565,-0.50802732,0.24472255,0.13528630000000008,-1.2159556886068799,0
0.5489185572818558,0.08760555320998258,-0.42595485807420524,0.9553724148625979,1.9513016826551541,-0.22253220381594654,AGGRESSIVE,3582797,-0.8690992100597505,0.9537259253363498,0.10052490999999997,0.2480388857,0.5447674,-1.188734005279998,0
-0.1258201568023495,-0.24228472587144934,0.5106675307596211,-0.20411884528666485,0.833046630080812,-0.11162986343330855,AGGRESSIVE,3582798,-1.00974409136272,-0.2019476757855228,-0.6649673,-0.2979845957,0.9225034599999999,-0.6167229290673649,0
0.5391944753170215,0.5774861741411023,0.5257483434864325,-0.03065165096349074,-0.009275350059550222,-0.41793156708920753,AGGRESSIVE,3582798,-0.6477074332005957,-0.698089738232639,0.65538404,0.7404858999999999,0.014853480000000086,-0.8044425493416619,0
1.7422942959419987,-0.5206977751292307,-0.7516781087527709,0.3893215734542227,-0.7305740608803296,-0.19084582455457247,AGGRESSIVE,3582799,0.6494481868887751,-0.2497172191785224,1.1856768,-0.99197194,-1.25817014,0.20576788439654364,0
0.6033246439753257,-0.7411200012758367,-1.3752722552995646,0.35280216192049335,-0.7789833416641438,-0.877384122573056,AGGRESSIVE,3582799,0.2704461860439968,0.0628195442141404,-1.1224753500000002,-0.19910386000000002,-0.6141939000000001,-0.4966678829202766,0
-0.09008633768227395,-1.0587698816984583,0.19772256378987801,-0.03065165096349074,-0.4546409963710614,-0.5922066659945937,AGGRESSIVE,3582800,-0.4636411801749422,-0.3593660719932312,-0.68336916,-0.28692803999999994,1.54928302,-0.07163260343600225,0
0.505814818647318,0.19287055860602825,0.9121162804867846,0.04238717135667947,0.5474316761309929,-0.21725113340136826,AGGRESSIVE,3582800,-0.45307536185690933,-0.46916896648065565,0.58727145,1.130586726,0.70362473,-0.33523033135485825,0
-0.0466497191561212,-1.0451227888387096,0.8625495465660333,-0.0032620923131936857,-0.16418513732452403,-0.0852245450767717,AGGRESSIVE,3582801,-0.1281360313475548,-0.8399398574319177,-0.5444638708,-1.1182595260000001,-0.048819550000000045,-0.5471706370131553,0
-1.2103527738909134,-2.4877526441787174,0.7375148660197131,0.8092948285107693,0.7265461632232098,0.669967624240612,AGGRESSIVE,3582802,1.5035135587960005,0.04267708242391451,-1.1468505692000002,-1.3031043999999998,-0.12314987,-0.04867378583590723,0
-0.36905945351187497,0.5775668132354548,1.0636427868179088,-0.3136770798878531,0.45545401173537126,0.43231971494116306,AGGRESSIVE,3582802,-0.2946869838783903,-0.36917371090067147,0.8291099000000002,2.76885388,0.32121177,1.1261456667038432,0
0.6511947378935431,-0.13774518481808665,-0.5755468529959473,0.07890658289040886,-0.25616283341899154,-0.3545587912760212,AGGRESSIVE,3582803,-0.6397751432446694,-0.6427035313733719,1.0054791,-0.64612985,-1.61448,0.22139998068859285,0
-0.8905803618428079,-0.8082715317843465,1.3842806792703364,-1.9844401314008722,1.5301405935260797,0.955145046238198,AGGRESSIVE,3582803,0.42985014503922414,1.0049619834133405,-1.51944746,-0.60567569,1.9302845,0.745904353460764,0
0.0021174092129723674,-2.6915134872330153,-1.6840913882001753,-1.9753103569827442,-1.4470317318842958,-0.1327541191559643,AGGRESSIVE,3582804,1.8708998787081603,0.7330466187204562,0.879769923,-1.7011022400000002,-3.0221185000000004,1.7998614209746397,0
0.027800579094509375,-0.5111424852770751,0.07623852671587436,0.2523737764662944,0.4118856360482752,-0.06410028935411595,AGGRESSIVE,3582804,-1.0683964292146346,-0.593773597181274,0.025311231999999996,1.9694941400000001,1.7337941700000001,0.8403742927908938,0
0.2946485766928575,-0.3598618615226738,-0.12424280950986086,-0.08543076751679624,0.7362280209649149,-0.0905056094396966,AGGRESSIVE,3582805,-1.0869293883083053,-0.30169777458432734,0.26298356500000003,0.13664936,-0.19745922,-1.4410664172045127,0
-0.9881113232588823,-1.797652042715619,0.5321195449012375,0.4806200798698879,1.457526620839734,-0.21725113340136826,AGGRESSIVE,3582805,0.683839998841912,0.4308169985590392,-1.26418326,-1.2987328,0.64646815,0.13642374221011427,0
0.6594532355972045,-0.6843656885609323,0.36121016528280214,-0.20411884528666485,-0.15934420052896,-0.48658541331697225,AGGRESSIVE,3582806,-0.4731243909568523,-0.5918807115495687,1.6237049,1.0056137,-0.16833304,0.1294124187161221,0
-0.1875472953193887,0.3602762711924294,0.838314723522368,-0.24976812091315578,0.1214297849264493,-0.02713284227172931,AGGRESSIVE,3582806,-0.6644382662845513,-0.847081931307881,-0.83473446,0.9436083200000001,0.46991254,-0.4466778357572792,0
-0.7820026031973564,0.6528637557894206,0.6646592890434087,-0.07630091538065249,0.03429302721248809,0.29501204842129103,AGGRESSIVE,3582807,-0.388797263131667,-0.6837128995574133,-0.58584654,0.26428957999999997,-0.17103769999999996,-1.1302764920128716,0
-0.4306501561959104,1.6958806230196886,0.8059415606861563,0.1702051191976185,-0.8515972826516438,0.09433163202388993,AGGRESSIVE,3582807,0.3238031387698764,-0.1520568981061412,0.34626424,0.9421404000000001,0.13915254,-0.7799142363527205,0
-0.38900834892206354,2.176097832727118,1.1563857218371303,0.03325731922053572,-0.44495913070464477,0.5643463024012378,AGGRESSIVE,3582808,0.9599196810819645,-0.2910516744952165,0.04103876000000001,0.4337724999999999,0.3451614599999999,-1.2401394228498264,0
-1.366508485738532,2.179267932214746,0.6216584209678928,-0.14933973545895685,-0.39654981029727326,0.559065283857974,AGGRESSIVE,3582809,1.133121599263915,-0.32059235535033215,-0.9633442000000001,0.00286350000000013,-0.52666666,-0.6948509811448507,0
-0.7895112416076236,2.605060838492283,0.47361956858598553,-0.05804120811921057,-1.1710986673750274,-0.259499662137118,AGGRESSIVE,3582809,1.2035351616804926,0.15381146081962882,0.5686413,0.3846119000000001,-0.14580727,-1.093316897814374,0
-0.4138897964409182,1.705582666281336,0.6356847785188424,0.27976335379880674,-0.541777755669965,-0.43377476104250423,AGGRESSIVE,3582810,0.24236880509701914,-0.36215188318042646,0.37018178,-0.8124842000000001,0.15962218999999994,-0.886907221017708,0
0.6324513300832613,2.6448818713332614,0.3871026768236456,-0.41410548028782423,-0.8467563617055027,-0.8034492578020277,AGGRESSIVE,3582810,1.200628742810504,0.0710352874707899,1.03118825,0.8484539,-0.24483489999999997,-0.4335846766283951,0
0.9662195563607224,2.786527363232697,-1.0024785097619535,0.1884648174915971,-1.6213052504821028,-1.0463781856447405,AGGRESSIVE,3582811,1.6476399379552118,0.8077772340803536,0.32893467,0.12794609999999995,-1.3686342200000001,-0.3774750860748427,0
0.08989640181311595,2.006970727888609,-0.05348451764286359,-0.8979876644275235,0.7217051947287999,-0.25421859172253974,AGGRESSIVE,3582811,0.3676915001077009,-0.16616243842338133,-0.8636324400000001,-0.704161,0.93468857,-0.33621748936849255,0
0.38800217244019636,-0.9825679302640503,0.9841226766550596,-0.06717106324450876,-0.5756642181423757,-0.47074221071845657,AGGRESSIVE,3582812,-0.003935470029160207,-0.335572935914388,0.29378867,-2.7004023,1.02196599,1.1202153047051044,0
-0.1635142745252683,0.2633341306785437,0.45850583967060404,-0.05804120811921057,-0.29004932759024804,-0.31231028847592873,AGGRESSIVE,3582812,-1.119589954424348,-0.6456059553216497,-0.5435295099999999,1.12540334,-0.5176935300000001,-0.4384852505460319,0
0.12908438333510605,1.4654818662823053,-0.8713708330366378,0.03325731922053572,-0.43043632824266415,-0.12747305479303941,AGGRESSIVE,3582813,0.09981293486195217,-0.577034886082746,0.28836131,1.08588076,-1.30982971,-0.0633513840746123,0
0.1260782593242581,0.5635116759303943,-1.7438521398232858,0.47149026061444305,-0.21743537867803664,0.052083116255968856,AGGRESSIVE,3582813,0.3997969188041168,-0.6551984031552994,-0.002962590000000015,-0.8147351999999999,-0.85932926,-0.6080860506641481,0
-1.3179469281999037,0.22762659944825178,-0.5019079275887537,-0.18585914699268627,-0.1932307184743509,0.15770439054663812,AGGRESSIVE,3582814,-0.0986255910036247,-0.7153770190447332,-1.4231131399999999,-0.3033996,1.22322277,0.11296278641029985,0
0.24287120850876726,2.0642161818420997,1.7347229519539833,0.03325731922053572,-1.117848489419207,-1.8174135497799428,AGGRESSIVE,3582814,1.2684348099088902,0.9009380118120797,1.5382147199999998,1.6589619,2.20291523,1.3772195784177421,0
0.15990549777246785,-1.073788304132269,0.791907466510996,-0.824948856305837,0.11658884813088527,0.28973097800671277,AGGRESSIVE,3582815,-0.13805404404753302,-0.4769087889587815,-0.08176421999999997,-2.8345091,-0.9286032,1.2023407835142224,0
0.12810556835705494,0.085301086391319,0.0888318523102049,0.09716628118438747,2.2223937786700123,0.18939078709845045,AGGRESSIVE,3582816,-1.4918237482848187,1.1599609297076017,-0.03133941000000001,1.0469868478,-0.69247724,-0.5361631782748794,0
-0.2652199938450121,-0.30621388097202157,0.46377613570513393,0.3254126144795254,-1.548691277795757,-0.11162986343330855,AGGRESSIVE,3582816,-0.9764639509346976,0.5205494457521771,-0.38762951,-0.3536491878,0.36929226000000004,-1.1538474819986033,0
-0.8731027956659525,-0.2661315349537916,-0.6914826745938013,0.09716628118438747,0.019770235052632368,-0.06410028935411595,AGGRESSIVE,3582817,-0.39728214897532105,-0.9474754919558707,-0.5990795800000001,0.036205739999999986,-1.13784409,-0.5052144916532564,0
-0.6635602476818621,-0.6436258416568293,0.36408011781424593,0.35280216192049335,0.6103637910756335,-0.6819847506545761,AGGRESSIVE,3582817,-0.5610605278622162,-0.1854920812671907,0.20650800000000002,-0.34098455000000005,1.03965092,-0.67921500748627,0
0.8773545736970796,-0.27400281393302567,-0.954203436727602,0.39845143754698426,-0.6531191593231314,-0.5446771014251421,AGGRESSIVE,3582818,-0.11965487803173393,-0.20644488109880793,1.5185996400000001,0.33387455000000005,-1.2984113499999999,0.23847290122299725,0
0.023501140594526387,-0.9816334511379784,-0.45447139496587974,0.16107525510485698,0.7459098787066201,-0.39152626688763087,AGGRESSIVE,3582818,-0.4551889956338345,-0.2315002344038877,-0.84148812,-0.6391914000000001,0.49219893,-0.6266313877392506,0
-0.16786645177596055,-1.0444918687416256,0.584280281603541,0.5080096572024002,0.179520947226103,-0.48658541331697225,AGGRESSIVE,3582819,-0.30978899809538063,-0.5184374108160695,-0.18859625,-0.05677899999999991,1.02309322,-0.7512212746980578,0
-0.43971823811584715,-0.4462898553419996,-0.07482616812940346,-0.4597547409685429,0.15047537400098765,-0.259499662137118,AGGRESSIVE,3582819,-0.9782536185978348,-0.6967740955968905,-0.26791489,0.54034628,-0.64917088,-0.9079280739682776,0
-0.10260241570517264,-1.5791427919874317,0.7457664630866272,-0.5693129905155034,-0.9193703660906944,-1.3157124655603445,AGGRESSIVE,3582820,0.28384491991816263,0.453403249992905,0.332233787,-1.0232878799999998,0.8082227700000001,-0.4456587492617759,0
2.5275207688642496,1.06520386027062,-0.6391641391861439,-0.40497561619506267,0.2569758487833014,-1.7751649691728786,AGGRESSIVE,3582820,1.5763167361010786,0.5461049063902509,2.592034333,2.3885959,-1.3640537400000001,2.0027304170854285,0
3.6635913876858734,1.0374262163893457,1.9404823309915091,-2.0848685467466157,2.556417831135282,-0.47602328113303477,AGGRESSIVE,3582821,3.325555447285435,1.7160023666524002,1.1196183000000004,-0.025091100000000033,2.5407601,0.9938665405354682,0
2.1006999458391693,2.5555792775741466,0.5860492982955592,-3.792150860335641,0.49902238742246724,-1.1942480016389883,AGGRESSIVE,3582822,2.0261369563965568,1.2335309635791214,-1.5402580000000001,1.3713233,-1.3340159,0.671451279495003,0
2.556997240487231,-0.35747874601366275,1.684363214051655,-0.8888577853889899,3.185738980581689,0.7491835594262187,AGGRESSIVE,3582822,1.9681535468128084,2.2027259583489966,0.44968929999999974,-2.63131857,1.0817576,1.0981840760658166,0
-1.27253061944576,-0.47230553943995474,-0.21592832466257833,1.8957473253756618,2.1836663477031917,-0.11162986343330855,AGGRESSIVE,3582823,-0.13100731718038908,1.330200623982923,-3.7740694999999995,-0.10372120000000001,-1.8716459699999999,2.4397687189738972,0
-0.7851119317937675,-0.21029894790028386,-1.644922951350701,-2.340504322862316,-0.55630058190608,0.04152098839464097,AGGRESSIVE,3582823,0.42218617435108863,0.31204553034920646,0.4803599999999999,0.23666635000000003,-1.4074535300000002,-0.2844512014476499,0
0.18759226124511671,1.8203967283843843,0.6983221938395427,0.40758128669397353,0.8185238513929658,0.02039673267198521,AGGRESSIVE,3582824,0.35349025573521226,-0.1876046151471697,0.95861771,1.8342948199999998,2.30792236,1.3191862652738697,0
-1.7485036537235212,1.7138379883938888,-0.35223561188731434,0.5993081935096098,-0.6240735860980159,-0.0693813533366512,AGGRESSIVE,3582824,0.9882951515765314,-0.3134803617354155,-1.9080578099999999,-0.0962527999999998,-1.03472138,0.386335883302438,0
-1.5364179767177342,0.20648128859245055,0.5903406880003566,0.01499761494824824,-1.2388717508140783,-0.058819225855712955,AGGRESSIVE,3582825,0.18388551281440335,0.20741516198897306,0.2090143,-1.36157112,0.92836762,-0.12825487000739003,0
-0.7930879385268186,-0.04141147977736515,-0.6415015236252806,0.5810484503783145,2.0093929083525,0.37950906266669504,AGGRESSIVE,3582825,-0.554478906749534,1.0041920814249474,0.7325653,-0.22391756000000002,-1.21327305,-0.35589745143313406,0
0.5174265978179152,-0.6955042679130796,0.5143004850094636,0.14281555681087837,0.19404374968808366,-0.12219199129463644,AGGRESSIVE,3582826,-0.4888072265385119,-0.8061885471497958,1.29153596,-0.5908315199999999,1.1383790999999999,0.03172000262433158,0
-0.4096184193194992,0.6219276920257546,-0.0181310325283015,0.9371126418397583,0.3150670110829551,0.009834600488047773,AGGRESSIVE,3582826,-0.9930753273394018,-0.42749858595947915,-0.91361976,1.19001515,-0.524405484,-0.20054779269018008,0
0.16190231523318555,-1.0563551371542241,0.4748202276839355,-1.3818699382418562,-0.07220745707947944,0.5696274073966924,AGGRESSIVE,3582827,-0.34472800814811183,-0.10239393026930305,0.5632440999999999,-1.51596595,0.485520364,-0.10071668544233271,0
-0.6918608912274615,-3.157498848868764,1.497867521645788,-1.5918563938937489,0.3150670110829551,0.36894697370885304,AGGRESSIVE,3582827,2.2811393705479155,-0.06266759977192685,-0.8413992,-1.8979293999999998,1.00762557,0.5221295309557381,0
-0.5498785347195712,-2.5101892211914527,1.4947884061283065,0.5719186161770975,-0.377186094813863,-0.053538161492788054,AGGRESSIVE,3582828,1.6492611995958821,-0.5232820553276465,0.1399262,0.5847043999999997,-0.0030326999999998883,-1.194506007951233,0
0.36364909668217554,-1.5732006959546412,0.3208710512924563,-0.41410548028782423,0.6636140482785691,0.23163930718898107,AGGRESSIVE,3582829,0.1707947622583426,-0.290397774978131,0.90029813,0.8463667000000001,-1.1562213700000001,-0.09696915953146065,0
-1.0527909997660874,-0.726016190410568,0.11649146161658921,-0.6514816477841793,-0.6095507598619009,-0.291186032753273,AGGRESSIVE,3582829,-0.23526267168499837,-0.29664744360997064,-1.39592753,0.76524817,-0.20129871,-0.18514557821746802,0
-0.4196639971145352,1.4038920420095025,-0.22544932712997445,-1.0623250686395087,-0.16418513732452403,-0.22253220381594654,AGGRESSIVE,3582830,-0.20131879143950246,-0.43103406158961555,0.6239582,1.92391193,-0.33678627,0.26332430217832414,0
-0.8360262109164663,1.242416905268964,0.012086747415063208,-1.199272805844348,-0.3239358376109275,0.16826652273057557,AGGRESSIVE,3582830,-0.15392559711789416,-0.28940844728806275,-0.41033255,-0.14585789999999998,0.23395538400000002,-1.3020146144205071,0
0.08462008132825365,1.3493888043755002,-1.47392355478968,-0.5419233683456743,1.2977760077251566,-0.07466241721544381,AGGRESSIVE,3582831,0.4899552351190848,0.2732623450080273,0.9073137,0.09662599999999988,-1.463609734,-0.06429453124074822,0
0.32535985044211385,1.20433463906157,1.2291821776024403,-1.0897145413516154,-0.958097797057515,-0.33871560596794364,AGGRESSIVE,3582831,0.22591784805235493,0.10882065398656764,0.23725343,-0.1310251,2.6623583,0.8927622013957403,0
0.77758980275457,0.1590454631173729,0.431233538768102,-1.281441463113024,0.6539321905368639,-0.33871560596794364,AGGRESSIVE,3582832,-0.6222014336248034,-0.07518005045092492,0.44568086000000007,-0.94419294,-0.7859201199999999,-0.48469154922333096,0
-0.8494692398334334,0.6219153481775662,-1.7805573451770758,0.3345424486807425,-1.045234516732861,-0.8721030175776014,AGGRESSIVE,3582832,0.6492299754848043,0.25779607735210736,-1.60349634,0.41810294000000003,-2.17844968,0.954096097437398,0
0.00383650781168181,0.49857927041680355,-0.3425538764830724,0.13368569271811687,-1.4276680164008855,-0.45489900811994083,AGGRESSIVE,3582833,-1.1204496268182982,0.43551926878554853,0.840948366,-0.11140749999999999,1.41632657,-0.13853369811809116,0
0.6690730069593854,1.9284044036671475,-1.5405724402226793,-0.9071175285202852,0.7894781989207358,-0.18556475413999418,AGGRESSIVE,3582833,1.0998194554924154,-0.11792625646518605,0.655602694,1.2915381,-1.17995927,0.0800315706210493,0
-0.10915124538153573,-1.780140827190734,-0.821917417308555,-0.5784428247167204,0.7797963411790306,-0.27006177703061723,AGGRESSIVE,3582834,0.5101816491561766,-0.1873508782285094,-0.766954184,-3.3498694,0.7078218,1.7302912016688097,0
0.22477908241359382,-1.632336806763369,0.37563642101981387,-0.36845620466133333,-0.6143917283563108,-0.1538783748786201,AGGRESSIVE,3582834,0.21201639058656876,-0.371736292445038,0.329094424,0.13350899999999988,1.17950155,-0.5601596213213554,0
-1.0358904498081516,-1.4750280232310513,0.2637576262702596,-0.3136770798878531,-0.4255953835223887,-0.349277729506662,AGGRESSIVE,3582835,0.35564874867920976,-0.4951877989877001,-1.2424128,0.1420945,-0.11019229999999997,-0.5364698884634185,0
1.5128520652347692,-1.6339334254052609,0.6348617519679864,0.19759466663858638,-0.29973120118137614,-0.7453575351129815,AGGRESSIVE,3582836,0.9952126943380794,-0.32506720549105345,2.5118322,-0.14353669999999985,0.36550998999999995,0.7581880645719602,0
1.5973576561692677,-0.0007706050730854762,-0.08514405304353206,-4.504279691631695,1.1815935563304658,-1.5375171463256203,AGGRESSIVE,3582836,0.2160139272333382,1.8870642515966658,0.08328179999999996,1.47520977,-0.70915222,-0.1506149790694592,0
3.337304474093685,1.3348355734222912,-0.5015961477249002,0.5353992345349126,0.8814558870904918,-2.430016974382179,AGGRESSIVE,3582837,2.5300285117008694,1.2830719738468948,1.7147493,1.20643163,-0.41017437,0.34979772573723783,0
2.6579140956539895,0.05185744038866981,-3.5392237132860136,-0.7975592939190969,0.5910000438933775,-2.1870879600872755,AGGRESSIVE,3582837,3.5219884517087734,1.005972157054878,-0.6695516000000001,-1.158893561,-2.99183745,1.4977941285477787,0
0.691217579673755,0.9343719779298634,-0.8343819108495953,-4.942512450687182,0.029452096756693236,0.36894697370885304,AGGRESSIVE,3582838,-0.12573419134546984,1.5627090493344427,-1.9382152599999998,0.7971612210000001,2.6640682,1.6105006061654648,0
1.5084275909953702,-0.4165916415312239,-0.6840298992061974,-2.303985075732081,0.09722512472276354,-1.0675024327221772,AGGRESSIVE,3582838,0.3444436397241487,0.47064257712044416,0.8053753599999999,-1.2203037600000002,0.14808555999999995,-0.32095829590780156,0
2.424414101327973,1.6855481024895915,0.613913227583062,0.17933495339883557,0.010088373348571506,-0.5499581545492823,AGGRESSIVE,3582839,1.7450253216322666,-0.568008896489601,0.9027213999999999,1.8988291,1.2783775400000001,0.675990574403809,0
-0.26095950439641874,0.5279900220194573,0.8491109287818788,0.6084380725481436,-0.55630058190608,-0.20140794809329077,AGGRESSIVE,3582839,-0.571364995617003,-0.3581098789097325,-2.64648463,-1.04560364,0.23165225999999994,1.072676399297326,0
-1.5398135506546955,0.9388862173133914,0.7881099211652526,1.3205665451456643,-0.6724828748065416,-0.3651209148147395,AGGRESSIVE,3582840,0.48550335118089816,-0.01253082354957972,-1.26033397,0.37115594,-0.06008146000000003,-0.47624881703442756,0
-0.33831528336438876,-0.6798305144537057,-0.4456204430428045,0.7910351152710184,0.24245306217074372,-0.14859730878665137,AGGRESSIVE,3582840,-0.6890761858526693,-0.5271258678807391,1.18409844,-1.46216085,-1.21513274,0.45380804444191475,0
-0.6160062209778521,0.2239636427610785,0.1033897931075976,0.01499761494824824,-0.40623169181311286,0.36894697370885304,AGGRESSIVE,3582841,-1.0137590601822017,-0.44664032850315366,-0.27366947999999996,0.81638276,0.54073429,-0.7765057872560565,0
-0.6070272901235684,0.5307361130894981,0.6559942699276392,-0.03978150384692309,-0.5708232971962345,0.23163930718898107,AGGRESSIVE,3582841,-0.5832447765237329,-0.38385287588414535,0.008848899999999937,0.27710265,0.54427435,-1.1848525910738699,0
-0.4150597189958541,0.7166115504227104,1.178084617546073,0.35280216192049335,-0.7402559582455921,-0.053538161492788054,AGGRESSIVE,3582842,-0.10149023344281322,-0.2534823122628941,0.18918754,0.1678983,0.5142202,-1.2228301987152412,0
-0.9156500149120531,0.6616467525029105,-0.31064742905592707,-1.3179609194840702,0.4167265569944163,0.4640061114929754,AGGRESSIVE,3582843,-0.46230567579867465,-0.09873930100156655,-0.49334085999999994,-0.04964882000000004,-1.46629045,-0.2422275343883752,0
-0.25781282489257895,-0.6678145255157647,0.921881281055266,0.01499761494824824,-0.8177108201792332,0.16826652273057557,AGGRESSIVE,3582843,-0.3340913473581485,-0.1759564955499986,0.64831054,-1.20088104,1.2139492,0.03807589100510462,0
0.09354143841216225,-0.057894458283526955,1.2277869454515111,1.137969472531245,-0.2271172284950303,0.5273788267896281,AGGRESSIVE,3582844,-0.24748090673048653,-0.17513599915136788,0.34626603,0.55093101,0.30129435000000004,-1.0779572946946934,0
-2.799608314680453,-0.3355551859740609,0.8854733468566722,0.6632171674300794,0.2811805010622757,0.7227782419342038,AGGRESSIVE,3582844,1.7301490055748994,-0.1761133731241293,-2.85125181,-0.25080647999999994,-0.3371534600000001,1.099922111008623,0
-2.4323324077183393,-0.627607456812612,2.051841086512635,1.101450150672149,-1.3260084704894244,0.3108552510198067,AGGRESSIVE,3582845,2.0808734461936953,0.4560153767424092,0.3619570999999997,-0.26380613,1.1487855599999999,-0.5589502633052863,0
-2.106525140253332,-0.5106997784203935,2.130881058934126,-0.3228069439806146,-0.17870792393708174,0.5168167032509097,AGGRESSIVE,3582845,1.8448772309399024,-0.43482347966261764,0.3210890000000002,0.10560082999999998,0.07784849999999999,-1.450387181463324,0
-3.097229802026128,-0.40942851196294017,1.0353509064667932,-0.5601831114769696,1.6414819971792458,0.030958864855922648,AGGRESSIVE,3582846,2.126532750976764,0.6066534038999893,-0.9763574999999998,0.09147671000000002,-1.0790157999999999,-0.33256641873869547,0
-1.0010860198932159,-0.5357827325653831,-0.3302694269802537,0.3162827503867639,-0.55630058190608,-0.23309433599988397,AGGRESSIVE,3582846,-0.35317811371442287,-0.412828953524436,2.0657878999999997,-0.11413373999999998,-1.34503456,0.6831177730196477,0
0.5447035565912094,-0.3240989102887672,-1.2671378039129937,-2.9522045893549045,3.4665130928324817,1.1030148622324456,AGGRESSIVE,3582847,-0.026420237115210854,2.8302529264618896,1.5234038,0.1912106,-0.9227457399999999,0.0026750613676183605,0
-0.07145834123333265,-0.9841434038386422,-2.2872521152081027,0.09716628118438747,-0.21743537867803664,1.0554851766299265,AGGRESSIVE,3582847,1.2031448541535181,0.02027358205698939,-0.60723878,-0.5962076000000001,-1.0047368000000003,-0.47476190259095163,0
-0.9130226053586795,0.37884580287104,-0.2877052415914754,0.7545156588999723,-2.076352802083588,-0.7770439057291364,AGGRESSIVE,3582848,-0.5944878000122914,1.1579306911889349,-0.82937692,1.23116628,1.9694051000000004,0.6816026504750953,0
0.5852767788576594,-0.32474599363101225,0.6786391862368946,0.024127467084391983,-0.8854838243711691,-0.25421859172253974,AGGRESSIVE,3582849,-0.540413004563773,-0.12148742477147609,1.47660135,-0.63554318,0.95177746,0.08002014943426188,0
-1.7414662394754357,-0.7979091646042807,1.969510104417136,-0.21324870937942636,-1.1081666316775016,2.6239610840688403,AGGRESSIVE,3582849,1.4993519108568405,1.633739901577763,-2.29304765,-0.4274007,1.2714119400000001,0.8730715358785421,0
-0.23950634456773087,0.9123689744332223,-0.8348457427924206,0.8184246328204419,-1.5535323255372817,-0.9037894746459476,AGGRESSIVE,3582850,-0.3753274739823561,0.7420061556219743,1.48020885,1.5448668,-2.76208214,1.715332696593057,0
2.582987424477948,0.21852064227622225,0.4476282983263814,-0.8979876644275235,1.0605703741827088,-0.29646710316785124,AGGRESSIVE,3582850,1.4251889313476032,0.12730667775204738,2.78161905,-0.6267420650000001,1.26314164,1.337893853705356,0
0.07734524478394945,-0.9290259075349315,0.8847636080393345,-0.7884294148805632,0.8959787133266068,0.5907516544741291,AGGRESSIVE,3582851,-0.19750595319836994,0.1073515067251747,-2.469356034,-1.036560385,0.4305458,0.9293405791202808,0
-0.28213178661887595,-0.15294911923762844,1.8468156714700934,0.06064687861812139,0.1892028128925196,0.0362399179800627,AGGRESSIVE,3582851,0.49937554757900127,-0.8078286372355058,-0.35427116599999997,0.70101771,0.9475498,-0.5612083184737133,0
1.228454077634037,1.1101540664785028,-1.0269012048455024,-0.8432085695455878,-0.958097797057515,-0.10106773643650258,AGGRESSIVE,3582852,0.4978633431364795,0.024504662278085,1.4887099000000001,1.14094084,-2.8303976,1.616393989324817,0
0.43521906687055234,0.19884670151838665,0.10957026947542829,0.0697767292596879,0.5377498183892877,0.030958864855922648,AGGRESSIVE,3582852,-1.1291709412576838,-0.4863590223865613,-0.7817475600000001,-0.8231693200000001,1.11933996,-0.19554864444665912,0
0.2841446816506763,-0.08983430385457311,-0.5676825034146146,0.39845143754698426,-0.1012530382293063,0.025677794441344378,AGGRESSIVE,3582853,-0.9366835855751554,-0.7528160200735428,-0.14888656,-0.26076092,-0.66704366,-1.0634384099582548,0
-1.966751469434117,-1.4637488457874324,-0.10220013152300766,0.5901783294168483,-0.3287767744064915,0.7861510263926093,AGGRESSIVE,3582853,1.1015876539458258,-0.11973785907201072,-2.21829918,-1.24103496,0.45846555,0.7989565083851907,0
-2.281324545875019,-1.0353771269565584,-0.22124122289551673,-0.4232353144890413,-0.3529814425348887,1.4040355127642046,AGGRESSIVE,3582854,1.196011827016388,0.3681162726019709,-0.31001749999999983,0.38694129999999993,-0.11724662999999999,-1.2867837588602438,0
-0.9887010637478142,-0.32502514173152053,-0.5693954245045816,-0.6971308785733534,1.065411263430004,4.52514418556005,AGGRESSIVE,3582854,-0.3501041337866791,3.2373585247910337,1.273904,0.6416495500000001,-0.34290602000000003,-0.3235514675279964,0
-2.8336388370404877,-2.146177662571165,1.8368512649967639,-1.3636102399478776,-0.9242112553379895,1.1663875170125646,AGGRESSIVE,3582855,2.9052275934511727,0.5795909308051556,-1.8182198,-1.6450178500000001,2.3699742,1.6311209164180085,0
-2.8399113745154194,-0.17392874575981052,-0.07620691796960581,-0.03065165096349074,-0.05768466254221027,0.8178373537826686,AGGRESSIVE,3582856,1.5941331711861022,-0.21552960115921166,-0.006181699999999957,1.7815008,-1.884220166,0.8092298787610457,0
1.3681591550997558,0.46446187038890735,-0.5168783665074385,-0.7245204559058659,-0.29004932759024804,0.3372605512213835,AGGRESSIVE,3582856,0.0941115095098778,-0.4203494028889652,4.147130199999999,0.576648,-0.434028634,2.435251529305451,0
0.7255908252745701,1.52350625580398,-0.020491675574710454,0.28889321789156824,-0.15934420052896,-0.33343455284380363,AGGRESSIVE,3582857,0.08171264572775915,-0.6800288956975715,-0.6332627999999999,0.9566177999999999,0.488904008,-0.5448138089789316,0
2.569517759828299,0.8005167716524021,-0.20382591934886002,-0.11282032392522746,0.1892028128925196,-0.6819847506545761,AGGRESSIVE,3582857,1.4644954400116448,-0.43362032267680073,1.8172235999999997,-0.6530647999999999,-0.180570608,0.15168457424789705,0
1.9003135958521988,1.827517966363839,-2.0376180559873793,0.7271261861878655,-1.258235545544603,-0.8879462461117744,AGGRESSIVE,3582858,2.092506164440384,0.4781876411362447,-0.6595128999999997,0.9276736999999999,-1.806149,0.348296175321354,0
2.247259386651041,0.967846324356089,0.8931682014188841,0.3893215734542227,0.5571135655715439,-0.6714225838897622,AGGRESSIVE,3582858,1.3352256811196073,-0.2230976781093234,0.34192139999999993,-0.7765276,2.8866067,1.2273484876799279,0
1.7439030941959588,0.8003188604649031,0.21185059398497996,0.3619320260132548,-0.8564382511460538,-0.6608604603510438,AGGRESSIVE,3582859,0.5388532931860728,0.006100704804017255,-0.4960667999999999,-0.15132486999999994,-0.67104722,-0.9461485907852291,0
1.6987641014700756,0.003248275129112255,-1.185511646558562,-0.21324870937942636,0.7168642737826587,-0.27006177703061723,AGGRESSIVE,3582859,0.7584150465329338,-0.29174875980375975,-0.04448530000000006,-0.71998107,-1.37629798,-0.23616597632760097,0
2.7000787141623808,0.8281223766091513,-2.0075397464632467,-0.22237855852641567,0.668455016772979,-0.5974877191187339,AGGRESSIVE,3582860,2.3625224547529573,-0.2069507236146237,0.9868138,0.74509554,-0.8096366000000002,-0.31250123602942786,0
2.753694160987353,-0.47073472663674154,-0.5407878858244572,-0.3867159029553119,0.7749554202328895,-0.3598398616905995,AGGRESSIVE,3582860,1.6887643550519522,-0.19882959308733908,0.05283900000000008,-1.17323678,1.4446416000000002,0.07357949135008508,0
2.1392944629431243,-0.18653492563117188,-0.06529838342451048,-0.7245204559058659,-0.7063694165260669,-0.5499581545492823,AGGRESSIVE,3582861,0.8687003206746827,-0.11385095866591659,-0.6055021000000003,0.25671312,0.46832183,-0.987120342306633,0
1.215068937042764,-1.6044494520878834,1.797859897341819,-1.619246016063578,-0.4788456407253242,-0.058819225855712955,AGGRESSIVE,3582861,1.4504496480101041,-0.05789860393986751,-0.9108410999999998,-1.2807794399999999,1.83507247,0.6311893014185942,0
-0.158717563638583,-0.7239836844729668,1.0276870796258246,-0.4780144392625216,-0.5853460758840807,-0.1961268863239316,AGGRESSIVE,3582862,-0.21474273875865316,-0.37418235152299506,-1.353891634,0.7953105999999999,-0.7585630000000001,-0.04508021531043254,0
0.6359125243186037,-1.0295287998871347,0.5493993255345583,-0.16759944122582157,0.36347632356561516,-0.30174817358242956,AGGRESSIVE,3582863,-0.13598715422137003,-0.6013441625209031,0.783122434,-0.27599399999999985,-0.47107789999999994,-0.8389646303417623,0
0.6854339524875052,-1.5226733952160008,0.05480780352041221,-0.9345071058527975,-0.793506136201413,-0.33343455284380363,AGGRESSIVE,3582863,0.21495916894219422,-0.06639800472905746,0.04880426999999998,-0.4454496000000001,-0.48713589999999996,-1.1334684013962333,0
0.25701178921361506,0.3523867808855992,-0.4169664135460661,-0.3501964914215825,0.9250243182505681,0.009834600488047773,AGGRESSIVE,3582864,-1.0572096078736335,-0.1000170640382013,-0.42221784999999995,1.69371177,-0.46466255,0.017790737575174645,0
1.3903480902610907,0.026966896392466373,0.8885998974244314,-1.9844401314008722,-0.7402559582455921,-0.5446771014251421,AGGRESSIVE,3582864,0.2723817197498721,0.3099482492837045,1.1169235800000001,-0.29394655999999997,1.28588581,-0.06058985133949504,0
0.7918791681254399,-1.1331373048070594,-2.7269074119670504,-0.46888457516976007,2.159461663725372,-0.28590497962913297,AGGRESSIVE,3582865,1.8803655194658695,1.10689567976829,-0.5898020300000001,-1.04790351,-3.56100606,1.9816528022660067,0
2.2286287824370334,-0.2827734557276114,0.7567233911299337,-0.4871442884095108,-1.5002819890872314,-1.093907750214192,AGGRESSIVE,3582865,1.1322891096343595,0.7404889634673805,1.41594293,0.76812002,3.4311175,2.0137329656882907,0
0.881115742090617,1.4732804106583135,2.5674004846252823,0.06064687861812139,1.0121610854741832,-1.0833456093850355,AGGRESSIVE,3582866,1.839680952564283,0.323226430343934,-1.32799866,1.58621528,1.7833824,0.9482937662928228,0
1.7496066924208147,-0.1089175167492688,-0.29851306194035215,-0.8158189922130755,0.2763395801161346,-0.9830053925411159,AGGRESSIVE,3582866,0.42897261424803873,-0.06046624363029408,0.85591366,-1.429174,-2.8227119,1.497856130895008,0
0.9056299107598953,-0.4492468435492477,0.4904258414196929,-0.12195018203968008,-0.038320933586790513,-0.5816445770367519,AGGRESSIVE,3582867,-0.33487718170717984,-0.547110621907805,-0.8317545,-0.30741402,0.7770462,-0.6132492199358041,0
1.2518941312104659,0.3475567936149168,1.4352794501487924,-1.4914281280057278,0.3102260742873911,0.43231971494116306,AGGRESSIVE,3582867,0.5828314719640112,-0.08225827654982228,0.3412496999999999,0.71973994,0.9306106000000001,-0.5670544980083289,0
1.0132455765939468,0.3637365452135664,-0.7752516128752401,-0.08543076751679624,-0.9919843387770401,-0.6767036888852168,AGGRESSIVE,3582868,-0.15351258728903602,0.1078647025100584,-0.23519249999999992,0.014614909999999981,-2.17720885,0.40366909044001315,0
-0.20330053011759414,-0.10125362549031319,-0.4785600242405069,0.6906067298168195,0.08754326698105841,-0.07466241721544381,AGGRESSIVE,3582868,-1.1030263303141876,-0.6337534262293988,-1.19892836,-0.42001816000000003,0.29221917000000003,-0.4879925041000396,0
-1.7934401134115676,0.0832385264492405,-0.7986053034620695,0.2706334897060452,0.741068941911056,0.5168167032509097,AGGRESSIVE,3582869,0.546735648353237,-0.11340380082743118,-1.56711154,0.1666488005,-0.31522082,-0.18256628831291563,0
-1.6936737189577327,0.3081517429225245,-0.21553714794659087,0.04238717135667947,-0.2706856200315493,0.4851303758608502,AGGRESSIVE,3582870,0.2591244169186045,-0.4440192832092084,0.09832160000000001,0.2031604995,0.57427881,-1.1785943115401591,0
-1.8101612653680526,-0.37324037881556443,-0.4816149247333925,0.20672452325846177,0.6587731194077165,0.9181775706265882,AGGRESSIVE,3582870,0.4946804438815823,0.08132391296524549,-0.11480059999999992,-0.61549057,-0.26206684,-1.116526537861362,0
-2.304662013829578,-1.0675619121160933,0.2449257387082187,1.0558009049372026,0.15047537400098765,1.0766095101595543,AGGRESSIVE,3582871,1.2398993824154805,0.1633775073603471,-0.48733950000000004,-0.6271695000000002,0.71558857,-0.7238693608882042,0
-2.2727777734416508,-0.26314764490699416,-1.1814971305312194,1.1653590947010741,-0.0915711725628897,0.7544646125503587,AGGRESSIVE,3582871,1.2768258959638268,-0.04672495791287117,0.03142250000000013,0.7266145000000002,-1.40492054,-0.20786912241817856,0
-0.7813183236145604,1.1045847214488498,0.962236863292947,-0.24976812091315578,-0.541777755669965,0.2157961045904654,AGGRESSIVE,3582872,0.0945632683323393,-0.4042112731521523,1.46986047,1.2354507,2.1114186999999998,1.071634387263687,0
-0.799765846485798,1.081205915808938,-2.28740806605833,-0.03065165096349074,-1.0984847739357964,-0.30702923535178867,AGGRESSIVE,3582872,1.3111291934854252,0.09109687607948874,-0.018180370000000057,-0.021117700000000017,-3.2006588000000002,1.4205525144194016,0
-0.6567100953182092,-0.1696948390433882,-1.4299756711149372,-0.7792995507878017,0.6394093643007489,-0.01657071700396716,AGGRESSIVE,3582873,0.12563677892296862,-0.2818208565570266,0.14098405000000003,-1.12991858,0.8445072000000002,-0.37319087009232327,0
0.7293696493537707,0.005705614252632857,-1.5412850828123585,-1.080584692204626,0.6636140482785691,-0.5552392249638605,AGGRESSIVE,3582873,0.30365410506984014,-0.06531888170634721,1.36600685,0.158436415,-0.1096315000000001,-0.41155971373910893,0
1.4613167422953968,-0.12103413849441261,2.425300120814049,-1.4366489583949311,-0.07220745707947944,-0.8826651756971963,AGGRESSIVE,3582874,1.6595426495461607,0.023411463280300426,0.7213472000000001,-0.11448198500000001,3.9067917000000003,2.19886295751997,0
1.0729581202012557,-0.27665115058198825,1.8858273452253282,0.0697767292596879,-1.3792588069394747,-0.8351356284181828,AGGRESSIVE,3582874,0.8994422811580475,0.5082902642485282,-0.3827345,-0.14056635,-0.5313406,-1.125567520356061,0
2.193333443285096,-0.10538379959909071,0.886497779463255,0.1702051191976185,0.35379444204977567,-1.1678426495660967,AGGRESSIVE,3582875,1.1259673162515151,0.032183525815088,1.1041502999999997,0.15470305,-0.98426537,-0.3032128442180253,0
2.215869809870055,1.462865081173555,-1.406064222718391,0.2980230520927853,0.15531629494712873,-1.4530200715636827,AGGRESSIVE,3582876,1.7492262409458654,0.24584046548684232,0.022210000000000285,1.4165740500000001,-2.25800323,0.882243682205308,0
1.4378281863181224,2.2572900200443384,-0.6554814106657165,-0.1036904702945065,1.0896158681607095,-0.8615408940388831,AGGRESSIVE,3582876,1.3065054955669884,0.2589946290835514,-0.7667742000000002,0.7175912999999998,0.7392683000000001,-0.5073662623865307,0
1.693985194414462,0.6821676085596925,-0.9262978799345046,-0.6058323871034605,0.29570329559954484,-0.9037894746459476,AGGRESSIVE,3582877,0.6840523187949342,-0.15909678456034118,0.2524474000000001,-1.4227827999999998,-0.2667341,-0.3211336814395225,0
3.458945552797942,1.6575668681435802,0.08191162470880776,-1.500557962206945,0.5135451344114675,-0.4126505139650675,AGGRESSIVE,3582877,2.7487235880459364,-0.0523216761973959,1.7394006000000002,0.8810625,0.99301145,0.401851534772221,0
0.28335080490647374,0.7684757950919392,-0.3645829899949318,-0.9162474075588188,0.2569758487833014,-0.03769496926853528,AGGRESSIVE,3582878,-0.786211341790667,-0.48959345627740253,-3.1296065000000004,-0.8031016999999999,-0.43976402000000003,1.4809279722494668,0
-0.4139374667922087,-2.1095116730442394,1.4664626145897066,-0.3319368080733761,1.7431415430907071,-0.14859730878665137,AGGRESSIVE,3582878,1.2509085690704351,0.6883425765312805,-0.6871903,-2.5996399,1.8034438700000002,1.4577029071893584,0
-0.39415741655985614,-0.3412157869145801,-0.7054586831690818,-1.3362206177780487,-0.7257331320094772,-0.03241390577013229,AGGRESSIVE,3582879,-0.6931293884626812,-0.022609534864681723,0.0194936,1.5972733,-2.1391811,0.8863923620435511,0
-1.8144340427679897,-0.8297556286870149,1.5432522649770546,-0.9892862007347333,-2.0327844818694722,0.004553538718688605,AGGRESSIVE,3582879,1.2281342109563214,1.0441594040919318,-1.3997085,-0.4412902,2.2148132,0.8734674534914784,0
-0.4141614707673233,-0.7722559910972892,-0.24071313843259967,-1.3636102399478776,-2.0279433548808328,-0.13803518092532346,AGGRESSIVE,3582880,-0.6629807925671868,1.09499460684385,1.37999414,0.0519385,-1.75707337,0.448825467941523,0
-0.19152328470210678,-0.23905462310383874,0.9247919067055906,-0.6788712251166915,3.471353902832662,0.6805297477793304,AGGRESSIVE,3582880,-0.5544126223959218,2.4472954184740967,0.21941399,0.48163224000000004,1.14793587,-0.5277071872270306,0
0.7367098078762502,2.3929962942971077,-2.755354735515886,-0.17672929784569696,1.394594585142208,0.18410971668387216,AGGRESSIVE,3582881,2.4730593660607494,0.3604836912322356,0.91479063,2.37748936,-3.6246709999999998,2.6574012982174855,0
-0.9085750975523521,-0.23226513019596168,2.5799367602308476,-0.04891135598306683,-0.44495913070464477,0.052083116255968856,AGGRESSIVE,3582881,1.5162712783149166,-0.5539379762207076,-1.62145826,-2.37135652,5.2548657,4.225225597258983,0
-0.20572507178392002,1.1945144712616544,-1.2214547639684663,-0.2406382717661665,1.8205964842714628,0.15770439054663812,AGGRESSIVE,3582882,0.15836135174721952,0.7699864975362795,0.69267151,1.28878712,-3.7440882,2.2444772973410116,0
-1.206306983668151,-0.09399639483718625,-0.1044039180671161,0.0697767292596879,1.0799340104190045,0.004553538718688605,AGGRESSIVE,3582883,-0.32905673299567867,0.03570363256248182,-0.98609171,-1.16389119,1.1002120839999998,0.09272254136115292,0
0.8393500609026463,0.6882240650873572,-0.9079162902994458,-0.46888457516976007,0.22793025970876307,0.04680205016400014,AGGRESSIVE,3582883,-0.0981679218164858,-0.6810579658180832,2.0160323,0.70656719,-0.791399984,0.4924144346076268,0
0.2294859055663621,-1.8559002821120618,0.7809524269350164,0.2615036405590559,0.8620921716070816,-0.10106773643650258,AGGRESSIVE,3582884,0.5934015028522809,-0.16643627884915568,-0.60103224,-2.2980667,1.6634102,1.117854740840966,0
1.9505006941053296,-0.5221514265464563,2.4767773034153384,0.13368569271811687,-0.5320958979282598,0.04680205016400014,AGGRESSIVE,3582884,2.092045285913663,-0.46597900013275423,1.69609144,1.2047539399999998,1.6702614999999998,0.8845405160361617,0
0.5779104919497876,-0.513793235342096,2.280597022598139,-4.139085277378957,-0.25616283341899154,0.42175759140244473,AGGRESSIVE,3582885,1.1484173396239805,1.1774133872195656,-1.3527126600000001,0.00754982000000004,-0.1932229999999997,-0.42470108948563595,0
1.08869359784434,-0.6186993388684283,1.9743630593254546,-1.7927132245852357,-0.05768466254221027,-0.24893752130796146,AGGRESSIVE,3582885,1.0748508810024489,-0.07969639246693537,0.50338606,-0.09475999999999996,-0.3016177000000002,-1.2013357032241563,0
1.5947678511969674,0.5738109511007516,-0.2879850596534723,-0.7245204559058659,1.6124364239541307,-0.4813043601928322,AGGRESSIVE,3582886,0.30795686549258905,0.6351911861072971,0.4987454,1.07717541,-2.2282447999999997,0.7404448820420279,0
1.4821446676188021,-0.7759733160700699,-0.6572533209770262,-1.1444937109624123,1.065411263430004,0.1471422756531389,AGGRESSIVE,3582886,0.44094649165364325,0.1859726565388209,-0.11099219999999987,-1.21923847,-0.36370179999999996,-0.5145363077438708,0
0.7587471882553638,0.8841654401126635,1.3190250969087385,-0.6332219195986561,0.997638259238068,0.09433163202388993,AGGRESSIVE,3582887,0.30223789806389234,0.012946389950174993,-0.7129214,1.4995767,1.9464874,0.7744187527865676,0
-0.4516378553276216,-0.5005454189206946,1.1220479031856558,-0.6332219195986561,0.4167265569944163,-0.011289652641042263,AGGRESSIVE,3582887,-0.16986064163231437,-0.5017237622948713,-1.19285652,-1.2507871000000002,-0.1940078999999999,-0.049685404826863795,0
0.025356682129101644,-0.03475227812449033,-1.482791939499854,0.35280216192049335,-0.4352772650382282,-0.5393960569462212,AGGRESSIVE,3582888,0.02348368849799383,-0.37553600180953034,0.47008680999999997,0.42074347,-2.5655737,0.8584427018038981,0
-0.8637149428965972,-2.391646874106918,1.3306753158281481,-0.925377241760036,0.6055228225812236,-0.07466241721544381,AGGRESSIVE,3582888,1.5331169167819034,-0.26614035047865914,-0.87619629,-2.12894507,2.7710562000000003,1.8247896651276225,0
-0.013858395796908453,-0.7521450393660839,0.40903497084932205,0.38019170936146124,-0.4546409963710614,-0.0852245450767717,AGGRESSIVE,3582889,-0.6942448055460181,-0.511582095264896,0.8375491159999999,1.4809357,-0.9077472600000001,0.14056934860512524,0
-0.47397004506952645,-1.1770651304049107,0.03330832793058801,0.40758128669397353,0.31990794787851917,0.1629854609612164,AGGRESSIVE,3582890,-0.2671496120284098,-0.5819502159929371,-0.453448416,-0.3838235000000001,-0.370062826,-1.095223403927018,0
-1.2353687496169645,-0.3499423451185958,1.089336806228417,0.19759466663858638,0.39736284151100604,0.3319794980972434,AGGRESSIVE,3582890,0.24817056528238257,-0.47786979279593267,-0.7503723000000001,0.7471267400000001,1.040109586,-0.3061832689163988,0
-0.7557225209656078,-2.767108320609447,-0.9543399952520526,-0.3136770798878531,1.6221182816958357,0.26332567780513605,AGGRESSIVE,3582891,1.6622173142824985,0.5961009066230757,0.47270010000000007,-2.18338724,-2.0128698,1.2256539439917025,0
-0.5093936010283827,-3.5076733411450793,1.0944483593239296,1.1288396233842557,-0.28036746192383144,-0.5024285813346115,AGGRESSIVE,3582891,2.410111434008582,-0.24544993615900268,0.24276164000000006,-0.6689404999999997,2.0179043,0.3531540670918608,0
-2.900974882484332,-3.547886388034798,2.1321281580834395,-2.1761670382165086,-3.3882450411908787,0.5537841788625194,AGGRESSIVE,3582892,4.038942987620655,2.5293909338764684,-2.35694694,-0.036323799999999906,1.0220375,0.78526334224552,0
-1.878759387928438,-1.7564359889686305,-0.9943789546209612,-0.2406382717661665,0.37799912602759583,1.0871716336982726,AGGRESSIVE,3582892,1.4419814249022325,0.08875300957101268,1.0074119999999998,1.6181883999999997,-3.0793772,1.8438802425365055,0
-3.7810850395494406,-3.5414724580918886,-1.0940236285372655,-0.587572688809482,0.5183861029058775,1.192792955537647,AGGRESSIVE,3582893,4.318800130133529,0.25509408063851213,-1.8747766,-1.6123948000000001,-0.09814259999999997,0.6901625819425827,0
-1.314873519791566,1.304539341681979,-2.998209501624275,0.8732037725396944,-0.648278270075836,0.7439024890116404,AGGRESSIVE,3582893,2.3340588001965954,0.06394785257242791,2.4304964,4.3773247,-1.8754815999999999,3.5791281065940406,0
-2.5876807270899715,-0.2383617291393489,-1.9042126627898435,2.8178624628658864,-0.8370744960390861,0.04680205016400014,AGGRESSIVE,3582894,2.040554731184845,0.678133925867024,-1.2543747,-1.39367778,1.0775055999999998,0.376175850862115,0
-1.8633640359080135,-0.13079029541520287,-4.167916315493632,3.055238540687608,-0.41107259690983095,0.6488433425822991,AGGRESSIVE,3582894,3.6405359476023884,0.7542096399632977,0.7138273000000002,0.09716755000000002,-2.2295799,0.5577368520517223,0
-3.6815020004059114,1.4387727678962148,0.08873599736378572,-0.8523384336383494,0.4167265569944163,1.5202188716901062,AGGRESSIVE,3582895,2.8205742304292185,0.5249407872887565,-1.7918081,1.41776113,4.19248625,3.0038365186515374,0
-0.8232671267330846,1.6723013267154816,1.999144928710934,-2.5322312296779526,-1.40346341167018,1.129420127853146,AGGRESSIVE,3582895,1.347778687385178,1.1641180730851386,2.8168425599999996,0.2109426000000001,1.88161085,1.6149722697266349,0
-1.5485969498637326,1.0981787624213617,0.21840869274685454,-0.4780144392625216,0.3344307503404998,1.129420127853146,AGGRESSIVE,3582896,0.38704545598604273,0.13043096911535484,-0.7148257599999999,-0.5185957,-1.75389288,0.1760807165109157,0
-2.6722528819888094,-0.27017304369921513,0.7907600703141068,0.04238717135667947,-1.127530347160912,0.5220978082463644,AGGRESSIVE,3582897,1.5458732271263878,0.21841665801256196,-1.1073834000000002,-1.23601023,0.56372358,-0.03620613506453456,0
0.8879594714375889,1.5241755912851116,0.26718820992461134,0.4167111208951906,0.3102260742873911,0.10489374691738917,AGGRESSIVE,3582897,0.21312882408074488,-0.6087939417518404,3.5086541600000003,1.6208063300000002,-0.5156793799999999,2.123115165500124,0
-0.20477020359791778,-0.665040281615282,0.4677934742804168,1.037541146860135,1.0508885164410038,0.015115670902626043,AGGRESSIVE,3582898,-0.7196999327743288,0.14551407690944368,-1.07690501,-1.97748357,0.19758128000000003,0.4745198110554818,0
1.2343119094348005,-0.10798743269739484,1.1678383624007176,1.284047058883074,0.4796586481649226,-0.5552392249638605,AGGRESSIVE,3582898,0.33547655612364935,-0.08549552186688823,1.41824165,0.5031768999999999,0.6894921999999999,-0.1341495354566571,0
2.227931281383882,1.2416303309068337,-1.086037340823691,-0.07630091538065249,0.9685926860129527,-0.4284937079183641,AGGRESSIVE,3582899,1.4974442832981694,-0.02190212364425006,0.9792300000000003,1.21908807,-2.2199001,0.9322090494587588,0
1.9512750075380616,-1.5512697185354105,1.3361741062561916,-0.9071175285202852,1.6995732228765916,-0.1961268863239316,AGGRESSIVE,3582899,1.619503272139226,0.7027882688702297,-0.27264980000000016,-2.5227817999999997,2.3856982999999996,1.704315598297403,0
3.4807449467106513,-0.09592834546259575,-2.5488899225542845,-0.15846959955171838,1.9270969194302194,-0.972443234421521,AGGRESSIVE,3582900,3.4063150409238157,1.0270463143719477,1.5073204999999998,1.3145865099999998,-3.8264994,2.544099298338447,0
3.819694842762707,1.0762221009413269,1.7930195322156801,-0.4232353144890413,1.5688680244929003,-2.5039517527010164,AGGRESSIVE,3582900,3.420207520701769,1.6525124657320438,0.3340413,1.05878469,4.2764582,2.6452556442134108,0
3.4368822368254057,-0.3792653391565964,-1.5737260071052381,0.4167111208951906,-0.3190949483636323,-1.3157124655603445,AGGRESSIVE,3582901,2.8069451335340037,0.1714011891365172,-0.37726879999999996,-1.31471845,-3.3159942,1.8090844189417017,0
3.022431555404883,-0.9501079271081387,0.8341831022146527,-1.4183891853720914,-0.4643228382633436,-1.3421177311810446,AGGRESSIVE,3582901,2.1906530672905355,0.41396805781829404,-0.40844869999999966,-0.51563295,2.37161156,0.6765101460225026,0
3.3829691800806065,-0.09178507469695121,1.398583077948629,-0.5967025379564713,2.0868476117919115,-0.31231028847592873,AGGRESSIVE,3582902,2.651177182549727,1.0476625287189556,0.3553164,0.77530926,0.5558920400000001,-0.775219992455668,0
1.8609461858879206,0.4130957857921224,2.3100313241515726,1.0466709810613521,0.2666576986002951,-2.1025908853253377,AGGRESSIVE,3582903,1.8345559665756141,0.9062123637908086,-1.4999814000000002,0.45605078,0.8977087999999998,0.01806049691969905,0
0.6392471658461354,0.6448801422563155,-0.8760301286664902,0.12455584357112756,0.8378875668763761,-1.0041296914898672,AGGRESSIVE,3582903,-0.28536466735836,0.1540340364784587,-1.20400665,0.20936708999999998,-3.1380337999999997,1.5883660580886716,0
3.215206174012427,-0.5126905920420514,2.4579182158319597,-1.7105446569911933,2.193348284692012,0.15242332877727896,AGGRESSIVE,3582904,3.1412491426579665,1.2986383270306363,2.5386545500000004,-1.04561507,3.2836914000000004,2.5064785644411227,0
1.5488649963925092,-0.9142164448630522,0.17811605942007264,1.3023068319059135,-0.377186094813863,-0.5658013485025788,AGGRESSIVE,3582904,0.4528680913168937,-0.11064182590512472,-1.6422096000000002,-0.36269186,-2.24543573,1.0228346526170191,0
-1.268019287350455,-1.4618773412706396,0.8606498093533979,-1.5735966955997702,0.9250243182505681,0.004553538718688605,AGGRESSIVE,3582905,0.7142715302529623,0.19030663246925028,-2.7760908,-0.4946933,0.67224503,1.1168192675364417,0
-0.47670388593722235,-1.7348997932771064,-0.9118861735183508,0.3619320260132548,0.7071824001915307,0.2157961045904654,AGGRESSIVE,3582905,0.5716499459832077,-0.2580764532016517,0.77985575,-0.24661679999999997,-1.74581624,0.14010110743268486,0
-0.3653350779437482,-3.147631187697793,-1.6611739234128269,-1.4549086716346817,-4.225726171707503,0.009834600488047773,AGGRESSIVE,3582906,2.296819161813289,3.186608601772443,0.10975599000000003,-1.2760976000000002,-0.73799276,-0.3122887219467797,0
0.2925696095590773,-3.934193704162033,-2.6674507441957833,1.8135786083238974,-1.8778745995079609,-0.27006177703061723,AGGRESSIVE,3582906,3.6508458436321694,1.0689332832716378,0.6483770600000001,-0.7104892999999999,-0.9911079,-0.4099611712635278,0
-0.17194694455330198,-2.419419093337419,0.3956650892146493,0.5810484503783145,-1.476077384356526,0.09433163202388993,AGGRESSIVE,3582907,1.0294083868759887,0.47907427757792576,-0.45778953,1.3682716,3.0169415,1.5648277029666828,0
-1.8509206333548993,-0.8417472066964758,0.09899384729240679,-0.14933973545895685,-0.4159135257806836,0.8336805823168418,AGGRESSIVE,3582907,0.6395136744378618,-0.10110673975622353,-1.6546591700000002,1.4250857000000001,-0.29219913,0.41703702455519076,0
-0.07292801674304547,-2.25403787591862,1.390196861589842,-0.05804120811921057,1.5446634990093093,1.3353815800842488,AGGRESSIVE,3582908,1.2957096673356916,0.9425793222444853,1.752244128,-1.2756995000000002,1.27173903,0.728655365409763,0
-1.5078709653285136,-3.566626342313418,3.489504661546933,0.39845143754698426,0.4941814506269033,1.6575264776934444,AGGRESSIVE,3582908,4.244632084130631,0.6177056323586456,-1.414162428,-1.1856400999999996,2.0676622,0.9886424398261979,0
-0.31022626452004815,-0.6346285048134984,-0.3936872666534015,0.215854364932565,-0.1012530382293063,1.4726893589919692,AGGRESSIVE,3582909,-0.7695351901564409,0.3769682061364831,1.18030068,2.6484265999999996,-3.82465552,3.028811641924649,0
-1.092943580395086,-0.3636505372591976,0.31751406709860586,0.17933495339883557,0.11658884813088527,1.715618200382491,AGGRESSIVE,3582910,-0.33605618187408,0.5911569195757344,-0.77138218,0.24477004999999996,0.70048047,-0.7225963398394416,0
0.036204345547479026,0.37297938625189503,0.6272656764306357,0.5536589776662079,-0.7354149897511822,1.4040355127642046,AGGRESSIVE,3582910,-0.9034558101479365,0.5225478123305403,1.11279586,0.66538599,0.30508232,-0.45940662935780635,0
0.022809971235543475,1.5643819957453124,-0.9285007161531195,-0.7610398973311397,0.19888467063422477,0.9657071697769163,AGGRESSIVE,3582911,0.21656169604225,0.006215789447438228,-0.013200400000000001,1.07617486,-1.5323143,0.08436774164924754,0
1.8708643180439168,1.6234723844975223,0.2892996342139965,-0.16759944122582157,0.5135451344114675,0.316136321434385,AGGRESSIVE,3582911,1.1064085123142442,-0.4067196142071295,1.8212912399999999,0.05337539999999996,1.19944286,0.39511906802039704,0
-1.1394836633947423,0.8365026206795125,0.22256644800564307,-0.2406382717661665,-0.8225517490500858,0.8125563006585287,AGGRESSIVE,3582912,-0.16554335761870315,0.12611629768371774,-2.9667528,-0.71085716,-0.06572723,1.2703176758932087,0
0.0724374958695563,0.4318284998225671,1.7898319821226496,-1.4914281280057278,1.2396847820278112,1.6892129347617906,AGGRESSIVE,3582912,0.4370253995497965,1.1066772594015233,1.19437039,-0.36553564,1.5436401,0.19821644533708588,0
-0.8596103511230202,0.9689569385715556,-0.9297691570138377,-0.5054040165950339,-0.43043632824266415,1.7948342566011648,AGGRESSIVE,3582913,0.020662866794158876,0.7275882894443712,-0.91855014,0.48517949999999993,-2.67860505,1.0908056305101603,0
-0.4036923290144503,2.5309567877140844,-1.634799649642602,-0.40497561619506267,1.2542075290168115,2.4179997182899284,AGGRESSIVE,3582913,1.5776793687250934,1.5294929041238634,0.44931552,1.4109294000000001,-0.6944026500000001,-0.1540789883008564,0
-0.25672604641139235,0.9994540373805023,1.6190978847619182,0.4167111208951906,0.19888467063422477,1.2984141909248303,AGGRESSIVE,3582914,0.45451854278266285,0.2459579825121734,0.14483795,-1.38338186,3.2048473,1.7151945179387218,0
-0.3183049380505359,0.7860236546863338,1.7204728414839376,1.494033753667322,0.34895352110363453,0.4376007680653031,AGGRESSIVE,3582914,0.47972507980748996,-0.04640136306234396,-0.06068711999999998,-0.19278823999999994,0.0998467999999999,-1.5725365581089699,0
-0.43647092120372755,1.1206776675644106,-0.6116429768715371,1.101450150672149,0.1746800342046734,-0.25421859172253974,AGGRESSIVE,3582915,-0.3118686692841857,-0.38487572415736226,-0.11645473,0.3022876,-2.2969608,0.5342102174742389,0
1.4972678785533156,0.8810315418659103,0.09077807627823437,0.01499761494824824,-0.5078912139504397,-0.6872658124239351,AGGRESSIVE,3582915,0.2927289155531286,-0.26161209291559495,1.90573483,-0.21646850000000006,0.6918325460000001,0.2517945579562158,0
2.9588479519812023,-1.0275341890099357,0.8189376882388902,-0.03978150384692309,-0.18354886073264576,-1.405490558865546,AGGRESSIVE,3582916,2.141963438248519,0.19905931845684408,1.4404138000000002,-1.7239768,0.717183114,0.572976601903074,0
4.862320817292477,0.02195305774343221,-0.7393491178189661,0.47149026061444305,0.39736284151100604,-2.070904514709183,AGGRESSIVE,3582917,4.130102831478033,0.8363437739099847,1.8759071999999994,0.94798499,-1.5347967200000001,0.8187626754250622,0
4.098574718307505,0.9954285701023655,0.3908479542672424,-2.3131148501502095,0.42640843851025584,-1.6801057708722225,AGGRESSIVE,3582917,3.2856178758774894,0.8974427542492316,-0.7526856999999998,0.87932481,1.1131601400000002,-0.18385031388624484,0
5.017746456390979,0.9411098038068036,0.11246829925174318,-1.8931414904732573,-0.10609396710015886,-1.4371769294817007,AGGRESSIVE,3582918,4.323044160516414,0.5524663546083338,0.9058605000000002,-0.04906526999999994,-0.27418327600000003,-0.8459450813197499,0
3.7144620856764323,1.2981798796611195,-0.32561882236132544,-0.7427801990371611,1.2542075290168115,-1.3473988361764995,AGGRESSIVE,3582918,2.917415077080182,0.6971303654162173,-1.2844105,0.32253566999999994,-0.431483264,-0.398198754822579,0
3.6595691383773286,2.972341247385706,2.191379531180774,-0.40497561619506267,-0.12061675371271657,-0.20668901850786905,AGGRESSIVE,3582919,4.244422587316532,-0.7457015595851582,-0.0540980000000002,1.5122431,2.47905636,1.1224029224788359,0
-0.5888139486140662,-0.31531303518915277,0.03745639819484321,-1.0075458990287116,0.2908623667286923,0.1788286462692939,AGGRESSIVE,3582919,-0.9442727611786514,-0.39220044011387495,-4.18685896,-2.96968536,-2.121454245,3.7880276981353593,0
0.014353462987780806,0.34776655046839017,0.05156312830604592,1.375345699810689,0.9927973382919271,0.067926314531875,AGGRESSIVE,3582920,-1.418161896766582,0.19618881375582567,0.594432477,0.59894915,0.013894080999999996,-0.9503118281380063,0
-0.7333852881916485,-0.30179230348027447,0.9243106521287165,-0.6788712251166915,-1.146894141891437,0.5062545797121913,AGGRESSIVE,3582920,-0.29025100347097227,0.27452021841908625,-0.736910167,-0.58673609,0.859591464,-0.5164862085544456,0
-0.3905309996063224,0.5949905922464469,-1.2795093970452072,3.2013161270394366,-0.05768466254221027,-0.2278132742305248,AGGRESSIVE,3582921,-0.0705806711865057,0.6642791083926534,0.33788914999999997,0.8100495999999999,-2.170599,0.5559827947611535,0
-0.9460644093215785,-0.5735192603163475,-1.9217339844861143,1.676630796390197,-1.0258708012494508,-0.7242332880355449,AGGRESSIVE,3582921,0.8735994806239167,0.45114084037010715,-0.5474883,-1.0554961999999999,-0.6325434999999999,-0.4444610901103511,0
-0.3103746230143474,-0.2662702510235663,-0.6351748433353616,0.05151702648197765,-1.045234516732861,0.08905057025453078,AGGRESSIVE,3582922,-0.8337923993427963,0.028715728134189534,0.62648387,0.2775331,1.26716516,-0.3501628265110406,0
0.11980921239867562,-0.9478948910069448,-2.071641130084358,0.15194540595786768,0.04881582016481496,0.28973097800671277,AGGRESSIVE,3582922,0.9611933000218869,-0.6756449373322974,0.42395401,-0.6157006,-1.4148125599999999,-0.1896094309411008,0
-0.4713491904431289,-0.7567070931714281,-2.3479612632452596,2.3522400816405713,-0.08188931482118458,-0.5024285813346115,AGGRESSIVE,3582923,1.2270049068031592,0.2806855212385062,-0.5825973799999999,0.17269687,-0.27215480000000003,-1.1295258445005611,0
-1.4469188708243028,-0.8992148056344915,-2.2799668956070414,0.6723470016312965,1.6172773924485404,-0.17500263060127583,AGGRESSIVE,3582924,1.6035761236479074,0.6002067601395146,-0.9614417,-0.12872492999999996,0.06696940000000007,-0.821185358623793,0
0.8556123172360766,-1.338378081158043,0.5948276254509471,0.2523737764662944,-1.4954410998399361,-0.7400765165697177,AGGRESSIVE,3582924,0.27431324109741245,0.5817950851054496,2.26918645,-0.39668914,2.8314589999999997,1.87262039250225,0
1.559765251430882,-0.2567731488539913,-1.6659620003307185,-0.8523384336383494,0.8088419619524149,-0.6291741329609842,AGGRESSIVE,3582925,1.021610820719408,0.00965627498380507,0.6939555500000001,0.97699638,-2.2267098,0.7444668250420993,0
1.4553544984225213,-0.5568707856787363,1.8291399218811164,0.04238717135667947,-0.31425400364335676,-1.0094107100331307,AGGRESSIVE,3582925,1.158121081129669,-0.11171956485874676,-0.10289870000000012,-0.27107338000000003,3.4424156999999997,1.6758907559501084,0
2.275397577594648,-0.8062892536846197,-2.0839173860757096,-0.5327935341444574,-0.7305740608803296,-0.9777243394169759,AGGRESSIVE,3582926,2.0718064487730667,0.10782234603843872,0.8081673999999999,-0.2252957,-3.8540707,2.168537814250434,0
2.4249300735210597,0.14152245285180637,-2.122110723989256,0.30715290123977457,0.8427284957472287,-1.6959490858585864,AGGRESSIVE,3582926,2.111300983757606,0.663946523409581,0.14736700000000003,0.856143106,-0.03761760000000036,-0.9245803082394883,0
2.827378338652216,0.952594420524709,-1.3982802852942067,-1.646635638233407,0.23277118857961565,-1.030535000336663,AGGRESSIVE,3582927,2.156218597668539,0.21011098231816358,0.39662010000000025,0.7326282940000001,0.7129192000000002,-0.6962778189537319,0
2.19314775417726,1.1859004579551113,-0.07600939444025441,-0.6788712251166915,0.4602949564556468,-1.3579609597152178,AGGRESSIVE,3582927,1.1743908011269106,0.2681858128346087,-0.6250458000000001,0.21074159999999997,1.30233858,-0.33075197549622637,0
0.9742475154561848,1.0865665224909773,0.1044142257141804,0.16107525510485698,-1.2388717508140783,-1.960002260778736,AGGRESSIVE,3582928,-0.09825646423255108,1.0752070794310475,-1.2012483999999999,-0.08972675000000008,0.17770386,-0.5744206271264114,0
1.5977619104892788,1.5718744348276839,0.2757128631221258,-0.9527667593094593,-0.20291257621605602,-0.6291741329609842,AGGRESSIVE,3582928,0.8185951967756516,-0.28632156534301856,0.6144847999999998,0.4383708500000001,0.16871642999999997,-1.021250381252398,0
1.9112079656620173,2.37196149132706,-0.3565511861575571,-0.41410548028782423,-0.8031879939431181,-0.2753428474451955,AGGRESSIVE,3582929,1.6868746836047288,-0.17183519423886975,0.30890680000000015,0.7227058000000002,-0.62273311,-0.7905756768059982,0
0.23695959789535126,-0.1576138871447579,0.4270554469498729,-0.2406382717661665,1.394594585142208,-0.12219199129463644,AGGRESSIVE,3582930,-1.0600337564465463,0.3449047683288474,-1.65000228,-2.2849248500000003,0.77179431,1.1402773747607506,0
0.12487155409085736,-0.8108737810431677,-0.6425462927913039,-1.0897145413516154,-0.5175730716921447,-0.33343455284380363,AGGRESSIVE,3582930,-0.4853367826819814,-0.22051287061167457,-0.11046480999999997,-0.59007918,-1.05347824,-0.5795597979140019,0
-0.6786737175484233,-0.8671901473092121,0.7646380592277853,0.19759466663858638,-1.6503509029543328,-0.3545587912760212,AGGRESSIVE,3582931,-0.15653569351513735,0.632558644509863,-0.7919085100000001,-0.05086966999999998,1.38597203,-0.1927222893659279,0
-0.5011788975427224,-0.35753911462726856,0.31592029205209066,-0.6606114819853963,-0.982302481035335,-0.01657071700396716,AGGRESSIVE,3582931,-0.90558903803986,0.012540841550061068,0.17492438,0.46035960000000004,-0.44195366,-1.1336630045396006,0
0.4692729880875635,-1.495545159527303,-0.08239707019422471,-0.3501964914215825,-0.3094130668477927,-0.0905056094396966,AGGRESSIVE,3582932,0.08918176313643998,-0.6559591017219023,0.95639802,-1.0279426,-0.39231300599999996,-0.33278873177689017,0
0.2681005339168605,-0.8410217426859145,-0.36602282449514806,-0.12195018203968008,-0.07704837802562053,0.15770439054663812,AGGRESSIVE,3582932,-0.5789607088051738,-0.7855447179845693,-0.19825911999999996,0.5912205,-0.279350294,-1.1119487687082923,0
-0.5303205808365259,-0.432661936962127,1.0523837649205872,0.7819052810698014,0.0004065116445106421,-0.30174817358242956,AGGRESSIVE,3582933,-0.23596628562028843,-0.544946768164241,-0.78685856,0.36886486000000007,1.3970251,-0.14424070872061073,0
0.3738543366691135,-1.8922137800458805,1.3096387035801653,-0.21324870937942636,-0.048002796875793674,-0.24365645089338317,AGGRESSIVE,3582933,0.9641960123529143,-0.8178317735377604,0.89108086,-1.31838976,0.2533770000000002,-0.17837739762963314,0
-0.4210037491010481,-0.5931332808245697,0.8174823906433031,-0.0032620923131936857,0.15531629494712873,-0.19084582455457247,AGGRESSIVE,3582934,-0.4249255909934836,-0.8317261934876076,-0.78334713,1.17343857,-0.4847374000000001,-0.2985860166228723,0
-0.4392115300842609,0.11671881176099139,-0.9300431776842017,0.5719186161770975,0.8862968555849017,0.08905057025453078,AGGRESSIVE,3582934,-0.5370322177741126,-0.0916038901114503,-0.017944099999999963,0.641198005,-1.72118284,0.04846491071410647,0
-0.28312681641628895,-0.07039390538324446,0.7046227097192381,0.12455584357112756,1.055729405688299,0.34782269205054,AGGRESSIVE,3582935,-0.8187611532140009,0.07749561964749377,0.15382432999999998,-0.169015915,1.6100244400000001,-0.1634532384219936,0
-0.5848923975954762,0.039494518464057514,-0.2836239794124795,-0.07630091538065249,0.34895352110363453,0.1312990644094041,AGGRESSIVE,3582935,-1.0013469875556908,-0.6341304388156951,-0.29739547999999993,0.09926044999999999,-0.97334956,-0.7706176721458711,0
-0.80084000216643,1.1092967502420021,2.538767766380798,0.12455584357112756,0.6781367952675694,-0.10634880166394939,AGGRESSIVE,3582936,1.6051357779441593,-0.3539740842950133,-0.21282030000000007,0.96633519,2.77984616,1.168983035894634,0
-0.5257319290143512,0.19181777559609148,0.7261202704438049,-0.12195018203968008,0.4022037624571472,-0.24365645089338317,AGGRESSIVE,3582937,-0.6769421353186663,-0.594602778413301,0.27112402,-0.828744036,-1.7853231,0.19941719526688703,0
-0.6612253339876409,0.563096280529749,0.8296971191507758,0.4806200798698879,1.0218429432158884,0.15770439054663812,AGGRESSIVE,3582937,-0.3860473939381336,0.029650750824532363,-0.13353121999999995,0.335369916,0.10201550000000004,-1.4219618268140637,0
-0.9681578617230913,0.19663922291655642,0.2713478942629275,0.9918918861794161,-0.5998689021201957,-0.13803518092532346,AGGRESSIVE,3582938,-0.5723217492593478,-0.21488173176103673,-0.3024876000000001,-0.33101478,-0.5499324999999999,-1.0855078219974987,0
-0.3094752687687262,0.5084322739599713,0.8252643685288094,0.01499761494824824,-0.02379814459681938,-0.3545587912760212,AGGRESSIVE,3582938,-0.5902553832884202,-0.7524276264746762,0.6491437,0.28163766,0.5455665700000001,-0.900480675354561,0
-0.0936271083252282,-0.7991076470915591,-0.16314306369280426,-0.2588979700601451,0.2037256074297888,0.0362399179800627,AGGRESSIVE,3582939,-0.750326568459882,-0.7674623734169144,0.212722296,-1.18107983,-0.9735078800000001,-0.24480979437628017,0
-0.7477817647222081,0.6846580768004358,-2.3248713996664487,-0.08543076751679624,-0.3626633082013053,0.23163930718898107,AGGRESSIVE,3582939,1.2087232741605098,-0.5577958805281641,-0.644681336,1.3402617700000001,-2.12914179,0.8133177959807908,0
-1.3123721961864971,0.2181842419686238,0.2942833299490326,0.40758128669397353,-0.6918465902899518,0.5379409849092228,AGGRESSIVE,3582940,-0.1724863109532557,-0.10944480635539965,-0.55641416,-0.42135832999999995,2.5796728,0.8890462403424677,0
-0.88057206392658,0.27198306102292175,0.1644276258370998,0.5262693554963788,-0.009275350059550222,0.8970533235491518,AGGRESSIVE,3582940,-0.6896006758466173,-0.10162143242091749,0.42554690000000006,0.04859561,-0.12789822,-1.3496467504046492,0
-0.8834257605178696,-0.16844969348874345,1.795566120253055,0.562788752084336,0.3295898135449357,0.9604261512336527,AGGRESSIVE,3582941,0.6423165037186752,0.006782739271390097,-0.0028123700000000085,-0.39783584,1.6065502200000001,-0.13436559256467182,0
-0.566908762644619,0.1754783577049664,1.367052273070749,0.4988797931096387,-1.117848489419207,0.9604261512336527,AGGRESSIVE,3582941,0.01813265866672721,0.44847602422843175,0.31193326999999993,0.31066468999999997,-0.4220543000000001,-1.1858035968173046,0
-1.7212041078489133,-1.4123362199011558,0.55357060465614,-0.0032620923131936857,-0.3239358376109275,0.601313734786752,AGGRESSIVE,3582942,0.9206124545971001,-0.32892559337368626,-1.1375791,-1.43424743,-0.801219,0.21087747087302428,0
1.0126532993685688,-0.9021937138591501,-1.2690617053849744,-0.23150840767340497,0.833046630080812,0.28973097800671277,AGGRESSIVE,3582942,0.4894219267537973,-0.13999784681117977,2.6942663,0.4608035400000001,-1.7951574,1.4903544830329047,0
1.0151562464849633,-2.388102030887297,-1.2176755956434855,-0.6240920853974392,-0.45948190146777956,-0.058819225855712955,AGGRESSIVE,3582943,1.5531201987898884,-0.45754566576330497,0.002466700000000044,-1.3421971400000001,0.05061150000000003,-0.448150717821817,0
0.29378878538884584,-3.7517755406859585,-0.46892476949982886,0.024127467084391983,-0.890324792865579,-0.2119700802772282,AGGRESSIVE,3582944,2.4789667873917045,-0.12308030612312902,-0.7109207800000001,-1.2317844,0.73746393,-0.18771343123061057,0
0.6718154625840514,-2.7868348970858574,-0.537205280550284,-0.3867159029553119,-0.1932307184743509,-0.02713284227172931,AGGRESSIVE,3582944,1.5529470386325237,-0.7353336779966412,0.37255218000000007,0.8716154,-0.06725123,-0.8433670212736962,0
0.3272400693488344,-1.3751045167935851,0.14621833346300192,0.24324395721084954,0.36347632356561516,0.0837694998399525,AGGRESSIVE,3582945,-0.07744312439739898,-0.6153474320396576,-0.3395853300000001,1.2751934,0.67312148,-0.30908547343002646,0
-0.1676985563522499,0.21067282214390376,0.4295894147459176,-0.03978150384692309,-0.17386700299094063,0.18939078709845045,AGGRESSIVE,3582945,-1.1663470372238522,-0.7184670895226469,-0.487771036,1.432407225,0.27909945999999997,-0.2514348068082371,0
-1.1269387913837943,2.7208163542723973,-0.7265156624356555,0.7271261861878655,0.4651358774017878,-0.0693813533366512,AGGRESSIVE,3582946,1.5206917801950162,-0.4211662076653157,-0.9453487340000001,2.267372375,-1.1386775999999998,0.9244597250680788,0
1.133053305134057,1.6992902927986115,0.4713789934799816,-0.29541736664810225,-0.1690260661953766,-1.5480792698643389,AGGRESSIVE,3582946,0.5812427961678778,0.3305371817636709,2.2272634,-0.9227280999999998,1.17983723,0.9007452357156313,0
1.6803083291319163,2.2472334924607287,-0.5748448304967197,-1.9296610365189366,0.33927169506077526,-2.1870879600872755,AGGRESSIVE,3582947,1.4506589584650722,1.148060797072096,0.5393298000000002,0.4949483000000001,-1.03045273,-0.5277810383341228,0
2.1117271391692922,2.501480453190653,-0.10278206374511986,-0.8888577853889899,0.6878186530092746,-2.192368978630539,AGGRESSIVE,3582947,1.9283721542894103,1.0486152195763305,0.4251710999999998,0.22965720000000012,0.46494675,-1.124726219917115,0
1.5946313747761807,0.40195995197750933,-0.2826653893360872,-1.2905712973142411,0.33927169506077526,-0.6502984232645165,AGGRESSIVE,3582948,0.2660718745149949,-0.11503519701871777,-0.5096072999999999,-1.8964631800000002,-0.17717170999999998,0.184159400164455,0
-1.0482788153273364,1.2203596109817263,0.5296427083183588,-0.22237855852641567,-0.6385963727105736,0.3214173745585251,AGGRESSIVE,3582948,0.10411013359622061,-0.28118667304054934,-2.60463616,0.7392472800000001,0.8000631199999999,1.040767139684859,0
-0.917318416325545,0.9161014662867367,-0.6765771136655433,-1.4275191092479418,-0.28520840664410696,0.28444989894691536,AGGRESSIVE,3582949,-0.1387998209307792,-0.16852090468513625,0.12906385999999992,-0.2748315,-1.1880369,-0.5657787776157813,0
-0.04805625387512432,-0.14113913418048296,1.1673871608522728,-0.15846959955171838,0.6490912537412998,-0.5869256301608919,AGGRESSIVE,3582949,-0.31432913860731987,-0.23121786039098297,0.8566737036000001,-0.95498847,1.8161678,0.43753706000726883,0
-0.13497448776144527,-0.1692587414040774,-0.3852032764217178,-1.3909997724430734,0.6781367952675694,-1.1995289337300608,AGGRESSIVE,3582950,-1.1898349668237804,0.38425286456359353,-0.08565950359999999,-0.02539999000000001,-1.52918622,-0.25838509431918927,0
2.243148858914181,1.3486317888247268,-0.5543630215208617,-0.23150840767340497,2.198189173939307,-1.4266148059429824,AGGRESSIVE,3582951,1.37059078265894,1.4466235466896458,2.3436839,1.37108616,-0.16660977999999999,0.9372921900982715,0
0.8070508104321774,0.5778371601168514,-0.27282777415296866,-0.19498901108544778,-0.5030502771548756,-2.176525836548557,AGGRESSIVE,3582951,-0.5439396842967782,0.9408426534681896,-1.4153008,-0.6962464199999999,0.27729129999999996,-0.18828755424931604,0
0.911427601613001,-0.17441194929512222,0.8303177751061411,-1.0258055973226903,0.1117479192600327,-1.7646028456341603,AGGRESSIVE,3582952,-0.19911657064732408,0.5944147118833161,0.10286523000000003,-0.67949455,1.0865164,-0.5060297238373989,0
1.7218161358397472,0.9394700425851901,0.35347465790780974,-0.30454723074086376,0.4844995849604866,-1.6167331160921035,AGGRESSIVE,3582952,0.5961657669211371,0.4555538058740865,0.79865267,1.00615173,-0.46965503999999997,-0.42339882343524493,0
1.4309796067310663,-0.600060305235624,0.031576091678025095,0.22498422902532653,-0.793506136201413,-1.1995289337300608,AGGRESSIVE,3582953,0.1659523255466983,0.27473903179259934,-0.28662469999999995,-1.3906330599999999,-0.31704617,-0.33580743820885744,0
0.036463565512629546,-0.2920920868867444,0.33462824133101127,0.28889321789156824,-0.96777965479922,-1.2048101251777064,AGGRESSIVE,3582953,-1.14308887161412,0.3917204023381974,-1.374320974,0.27818275,0.29848385,-0.3571550832740106,0
0.8655800172222249,1.839201999886601,2.1455329255984106,-0.3958457670480734,0.05365674903566752,-0.5763634979769545,AGGRESSIVE,3582954,1.627381403402731,-0.5161173419315457,0.8171093739999999,1.9251637499999998,1.78360656,0.9657445776917184,0
0.6166649553601271,-1.748844799100753,-0.318717966779605,-0.06717106324450876,-0.29004932759024804,-0.20668901850786905,AGGRESSIVE,3582954,0.4359423980308689,-0.6924395999014943,-0.24531033000000002,-3.2410251,-2.4271040299999997,2.281382556748292,0
-0.18668266392223837,-1.990999327599696,-0.3276657483419133,0.13368569271811687,-0.7015284480316569,-0.9037894746459476,AGGRESSIVE,3582955,0.5577875876260633,0.01169647504320435,-0.79171372,-0.21873429999999994,-0.008812900000000012,-0.9729936165899409,0
-0.12710669820517415,-2.0313582865245015,-1.5117195023205499,-1.4366489583949311,1.4284810476146186,-1.115032031872505,AGGRESSIVE,3582955,1.1726626736417818,0.811874018226745,0.05871320000000001,-0.03645560000000003,-1.1662049700000001,-0.6240959477262256,0
-0.8162954241058923,-1.9593983012876646,1.1096831125970397,0.5536589776662079,-2.7782877657221117,-1.0199728681527256,AGGRESSIVE,3582956,1.0076384071715376,1.8540646650377497,-0.6792080500000001,0.0650002999999999,2.5818868000000004,0.8871327169436151,0
-0.3517734210836273,-1.4172232767121162,-3.1531468743863695,-0.0032620923131936857,0.019770235052632368,-0.7506386401084362,AGGRESSIVE,3582957,2.343085656144912,-0.40107325597903276,0.45779490000000006,0.489738,-4.198570800000001,2.477793526520488,0
0.13013142637660477,-1.2688168986345965,-1.1459326203612232,0.024127467084391983,-1.074280169205091,-0.21725113340136826,AGGRESSIVE,3582957,0.27166405220919554,0.05528559007694911,0.47492601,0.13405310000000004,1.9769569,0.2504539727601006,0
-0.9835403271223708,-2.3571826285510054,0.9323269928707204,-0.41410548028782423,2.251439272648013,0.7227782419342038,AGGRESSIVE,3582958,1.3485923580186046,1.295605540420763,-1.0975438100000001,-0.9831032999999998,2.0469313000000002,0.737832416946383,0
-1.3821919095497472,-2.446810037113567,-0.3188370620578061,0.2523737764662944,2.164302552972667,1.5466241373108065,AGGRESSIVE,3582958,1.4592821493971664,1.5425520635013896,-0.39287839999999985,-0.080959,-1.23230363,-0.4956379417674439,0
-0.6392912190757651,-1.1891998527704921,-0.22459821724241738,0.80016497936378,0.03429302721248809,2.3440648535189004,AGGRESSIVE,3582959,-0.15591107034501628,1.1879741147455407,0.7321421699999999,1.1359790999999997,0.09281825999999999,-0.436578302173824,0
-0.6013510480645445,-0.05776056904586892,0.21437584031095008,0.5719186161770975,-0.1448214139164023,2.893295363984444,AGGRESSIVE,3582959,-0.9947503279000955,1.6593163271689901,0.03739072999999993,1.02201095,0.43235683,-0.6823603736595312,0
-0.9621464660448411,1.7232687991168707,-0.23135867644673241,0.9371126418397583,-0.5078912139504397,2.1116978763105236,AGGRESSIVE,3582960,0.3771968118124007,1.0632302811544723,-0.3555704599999999,1.60877525,-0.43901538,-0.0840586280722059,0
-0.4000192056694756,0.5473282820662255,-0.04642970120874401,1.34795607764086,-0.48368657752088823,4.197718355859782,AGGRESSIVE,3582960,-1.0620033357167582,2.8985179564628987,0.55398666,-1.0622082000000002,0.1821413,-0.58032720389605,0
-0.5575952869878561,0.3875891885631688,-0.15193824893020694,1.804448684448047,-0.38686795255556816,4.393117511647786,AGGRESSIVE,3582961,-1.0078228445481456,3.106779060077917,-0.1552941,-0.14428976,-0.10391808,-1.561823015683392,0
-0.6594301972213145,0.03851973086152511,0.20739461318428162,1.868357703205833,-0.11577582484186398,4.266372029183165,AGGRESSIVE,3582961,-0.9477182000125766,2.988213871390473,-0.10036016000000003,-0.31530884,0.35391617,-1.3119153381760913,0
-0.48987653933684455,-0.7886213875302603,0.03923414143346114,1.7131502527612428,-0.44011820975850374,4.044567434870079,AGGRESSIVE,3582962,-0.640663591408981,2.7999138803146817,0.16709822000000002,-0.7471433,-0.16562557,-1.011330764211704,0
0.08192857859183905,0.05911458136899824,-0.1818674812190601,0.2523737764662944,-0.6385963727105736,4.683576038640826,AGGRESSIVE,3582962,-1.4700978705727596,3.2869175009164566,0.563524365,0.765746298,-0.21776867,-0.8181250975031392,0
-0.1837436721046935,-0.24622201489773016,-0.05798891224787346,2.772213142402079,-0.6918465902899518,8.628531730691758,AGGRESSIVE,3582963,-1.3254919569653338,6.927375057302758,-0.26182484500000003,-0.275805648,0.12201118600000002,-1.3975472077911093,0
0.3018401839290678,-0.6748611468702967,-0.3196968934154378,-0.15846959955171838,-0.377186094813863,2.080011678598751,AGGRESSIVE,3582964,-0.7383024151858915,0.9481185933984431,0.47855174,-0.38718284999999997,-0.257762916,-1.1279775595246726,0
0.5057271084479662,-1.7409426328242585,-0.7314954695524861,5.2007537627898435,0.23277118857961565,5.660573114363705,AGGRESSIVE,3582964,0.5208496815612252,4.784095809463383,0.20093427999999997,-0.9629743,-0.40559100000000003,-0.728920226292525,0
1.6625278360356428,-1.4599055360681201,-0.492014155885283,8.496631023616784,-0.4788456407253242,-1.5269550227869022,AGGRESSIVE,3582965,0.9517442944781898,3.6087635612565023,1.1400481999999998,0.25385630000000003,0.2358713,-0.6006593295088297,0
0.2871237944918488,0.7336890153000478,-1.9778834992336427,-0.4414950277287921,9.958200570952966,5.459892507771483,AGGRESSIVE,3582965,0.7368201992919895,9.879936666410133,-1.35548575,1.9814387599999999,-1.4634709,1.0290686223163277,0
2.4929459643323932,-0.5898004086015946,4.763692250177674,12.668973503639252,-1.548691277795757,-2.150120570927857,AGGRESSIVE,3582966,4.694024582153919,5.978892907891939,2.17387795,-1.19548676,6.6399512000000005,5.331244562769458,0
0.4483221832507209,-0.018664164376404245,-1.1919119263089824,-8.366207001741085,-1.9117612204746006,-3.385889543671048,AGGRESSIVE,3582966,-0.20730261744689596,4.549615566383833,-2.015014,0.515898205,-5.8658276,4.461490977880625,0
0.23180439135535977,-0.7617167803020133,0.7656499020521882,-0.6423517836914178,1.2687304345000412,-2.936998904240659,SLOW,3583044,-0.39195479615845025,1.8499895681997551,-0.21338223,-0.671187505,1.9280529499999999,0.26558648487425013,2
-2.109703265142155,1.4307626621400473,0.8445280856196183,0.39845143754698426,0.23277118857961565,0.9287396941653067,SLOW,3583045,1.2955920229059146,-0.06745772012339514,-2.3075984700000003,1.9804315,0.07768914999999998,1.2607250025447996,2
-0.07611920886864791,-0.039526214360753736,-0.11503939952752619,0.8640739383384772,0.058497680283933526,1.6311212120727443,SLOW,3583045,-1.5360800405807127,0.5773399463300812,2.00413415,-1.32808835,-0.945102675,0.7994202807672028,2
-0.3684278061368576,-0.30202844184965144,0.2704522530974343,1.1744888691192021,-0.09641210143374226,2.83520381419978,SLOW,3583046,-1.0667704868394572,1.660195976712583,-0.28807545,-0.23711404999999997,0.379680635,-1.2638155928733579,2
0.30833313336030704,-0.061563304591539844,0.524115834553614,0.6632171674300794,-0.30457212212751716,2.9408251360391544,SLOW,3583046,-0.9549293785431792,1.7203223775949128,0.66696024,0.21720829999999997,0.24983977999999996,-1.0502688284528696,2
-0.7480124656815398,-0.9771226879592316,0.5236336255900262,0.9097231691276515,-1.0113480542604505,2.3387838349756365,SLOW,3583047,-0.17244963433437155,1.4094402494025993,-1.04104784,-0.8270101000000001,-0.00047493999999992376,-0.4618262965141683,2
-0.6789794957596064,0.3114247447141077,-0.07068293579354235,0.8640739383384772,0.7701144834373256,1.5730295758358888,SLOW,3583047,-0.9256466062540478,0.6963129358535671,0.06803325000000005,1.16392422,-0.5853576540000001,-0.4869298305113958,2
-0.24848153119902053,0.4867460036441964,0.873182125269407,1.3570860015167103,-0.2222763154736007,1.477970377535233,SLOW,3583048,-0.5671631982125589,0.5617920273835739,0.42426358999999997,0.15836488,0.929636954,-0.7590754529285342,2
0.43844291389707496,-0.4973175302962567,-0.4591975281248369,1.4666441912805819,0.6926596215036844,-0.47602328113303477,SLOW,3583048,-0.7246231624400759,0.07070043472763099,0.67697656,-0.8888887999999999,-1.31229496,-0.06551092054061869,2
1.4838511809606563,-1.6662977775761083,-2.4414686214099,-0.4414950277287921,1.0315248009575935,-1.9494401372400174,SLOW,3583049,2.1577480631221357,0.9553548353121435,1.0302688999999998,-1.0559211,-1.9523897399999999,0.662368324540532,2
0.6251854472039163,-1.134610706381386,-0.8697557467378683,0.13368569271811687,1.0896158681607095,-1.1044699083337868,SLOW,3583050,0.11675467033582684,0.39359240513998106,-0.8462307299999999,0.48026440000000004,1.5480203999999997,0.04001162365949568,2
1.212849597061016,-0.6805972833051553,-0.4897532340667885,-0.26802781920713437,0.48934052968076214,-0.8826651756971963,SLOW,3583050,0.06466404730963614,-0.13684890863235669,0.5791537299999999,0.41010304,0.37427424000000004,-0.9922292817216765,2
0.8222854957130674,-0.356085308220021,-0.37507518247395016,-0.5693129905155034,-1.2001443198472577,-0.9407569502575572,SLOW,3583051,-0.5181546752015906,0.4315262035888547,-0.3849080399999999,0.29312646000000003,0.11294936,-1.2995255981886187,2
-0.4811637222826766,-1.261057655299905,0.09805172546334971,-0.17672929784569696,0.39736284151100604,0.19467184886780958,SLOW,3583051,-0.1746303485219753,-0.5588117377806137,-1.28457296,-0.817447,0.46599485,-0.19749341354075794,2
0.8972989638633404,-0.2884500206404063,0.814521405864259,0.8914635156709896,0.30538515334125,0.46928719055277274,SLOW,3583052,-0.19592501691624503,-0.27718058369950194,1.3585001,0.8785408700000001,0.7056694,-0.02375992707217153,2
-0.14548708888310863,-0.33788124301350947,0.9486423352707655,-0.24976812091315578,-0.0673665202839154,-0.011289652641042263,SLOW,3583052,-0.49922410253790706,-0.8625621246980059,-1.02768466,-0.04465043000000002,0.13209915000000005,-0.7560273582782495,2
0.0873242931142619,-1.1516952565168763,-0.7677968881020083,0.27976335379880674,0.8378875668763761,0.2157961045904654,SLOW,3583053,-0.10813884907825012,-0.14997971745469071,0.22943986,-0.7351051399999999,-1.6905651000000002,0.06945953776192863,2
-0.22245337733718243,-0.7448804356161917,-0.09938150266004693,0.2706334897060452,-0.048002796875793674,0.04680205016400014,SLOW,3583053,-0.7967807995354987,-0.8183665529407945,-0.30529154000000003,0.3674693,0.65833949,-0.981045485512846,2
0.05403920192048158,-0.34326924971731176,0.02583618661513744,0.4897499589084217,-0.28036746192383144,-0.19084582455457247,SLOW,3583054,-1.247584254023953,-0.6075208785799622,0.27248847600000003,0.36276894,0.12333012000000002,-1.3263374429333157,2
-0.06697201730060535,0.21663105374506597,-0.8656764542506004,-0.17672929784569696,-0.18354886073264576,0.3319794980972434,SLOW,3583054,-0.6998111682576168,-0.5982668570189416,-0.11925876199999999,0.50574896,-0.87807371,-0.7729261173496067,2
-0.4810780820602646,-0.08245988967402677,-0.3406308887856048,1.8957473253756618,0.014929304200601937,1.4568461304577962,SLOW,3583055,-1.0477806774242389,0.6759863452632268,-0.40810907399999996,-0.27016405,0.5171308699999999,-1.0830518568335614,2
-1.0070148803144638,0.1767219865715378,-0.5110300065629017,0.5536589776662079,0.09238420377662244,0.9287396941653067,SLOW,3583056,-0.4328202746526394,-0.06705022554083924,-0.5183203000000001,0.23411483,-0.16783046999999995,-1.2027907136201643,2
-0.7905209235947479,-0.7724208340565026,0.3164363715909622,0.7819052810698014,0.5910000438933775,1.0026746021624304,SLOW,3583056,-0.3870139064602105,0.17741205652603848,0.2133587400000001,-0.85734548,0.8149929,-0.5901571075877897,2
-1.1102726358734554,0.5128084615166764,-1.0798210343418986,0.005867759822950055,0.029452096756693236,0.7280592604774674,SLOW,3583057,0.1240620405259342,-0.29813536025611526,-0.31512114000000013,1.160927,-1.3752098,0.03867070889268155,2
-1.5501585648198,-0.5015852912617909,0.7000166769904465,0.22498422902532653,-0.2222763154736007,1.0766095101595543,SLOW,3583057,0.3440866861740685,0.04569560463111374,-0.4335156,-0.9162856,1.7530079,0.23774343117174213,2
-1.093956549992644,-0.8762064704302495,0.40622505330338576,0.9553724148625979,-0.5514596134116702,0.7967131067052321,SLOW,3583058,-0.03186641817334347,0.06381299533401813,0.4495954,-0.3383893,-0.28936292,-1.1627885822886812,2
-0.6765191556685566,-0.6201338822300727,1.1095098000310641,0.3619320260132548,-0.7208921952139131,1.0396420345479447,SLOW,3583058,-0.025750609964114324,0.2260090253412998,0.4113921600000001,0.23130625999999999,0.6926832200000002,-0.9561287477523337,2
-0.18504933035337406,0.49537562666010776,0.22400529765999533,2.078344308315448,0.5522726446254027,1.583591699374607,SLOW,3583059,-1.1700857293845848,0.8978924866895374,0.48435247,1.00762184,-0.8721561400000001,-0.3729175236125336,2
-1.6148939480593558,-0.3273228577383574,0.7197374539396341,-1.5644669211816422,-1.4083043009174754,0.6594055007018936,SLOW,3583059,0.37179417000465464,0.7131079456765882,-1.40913793,-0.74313034,0.48825934000000004,-0.1231514803724708,2
-0.6625304950359782,0.12064415769899817,0.479400136614704,-0.15846959955171838,0.23277118857961565,0.9076154470878701,SLOW,3583060,-0.7888126134567163,-0.10872181040683158,0.9385715400000001,0.404641417,-0.23671440000000005,-0.7439218261492694,2
-0.6431457596644016,-0.4175523914660408,1.514485932592662,-0.07630091538065249,1.6075955347068356,0.9498639844688389,SLOW,3583060,0.2838345412169167,0.793954389172464,0.01910400999999995,-0.486144307,1.0194826000000001,-0.6629551589753514,2
0.1176303485836577,-0.6342404762224687,0.00028740557164877613,0.6632171674300794,-0.44495913070464477,0.5643463024012378,SLOW,3583061,-0.9256106962796362,-0.20869252430101937,0.74975872,-0.19573087000000006,-1.4913730410000001,-0.10862431894974572,2
-0.327389965369931,0.2864009967575582,0.06607168872875328,0.0697767292596879,0.23761212537517967,1.0343609295524898,SLOW,3583061,-1.3083837961477904,0.001099160095703835,-0.43857563,0.83160067,0.064792631,-0.8512996678893309,2
-1.0000487990952356,-0.9074657437435621,0.14444929646488336,0.42584098498795214,-0.4159135257806836,0.5537841788625194,SLOW,3583062,-0.15425897913522846,-0.27848057472040144,-0.66291754,-1.07840067,0.07719612000000001,-0.523536786725028,2
-1.524158944169505,-0.17465258237514,-0.34156333475787365,-1.0075458990287116,-0.5901870443784906,0.622438025090284,SLOW,3583063,0.09333546139930758,-0.019243273767951777,-0.5165201,0.6619383699999999,-0.47868633000000005,-0.8270635232199077,2
-0.5005546168503437,-0.43383824480552996,-0.17791693956068136,0.1702051191976185,0.1456344372054236,0.669967624240612,SLOW,3583063,-0.919168205584941,-0.3299518496300414,1.00878072,-0.23411824999999997,0.16117954,-0.7450040488917394,2
0.9615883178070948,0.7918604682112587,-0.5201249667401122,1.4575142674047314,1.7818690533046424,1.0713284916162906,SLOW,3583064,-0.18714380895305424,1.1365761734514688,1.44096851,1.1071539799999999,-0.33704948,0.0598908974520045,2
-0.3416227818119499,0.7500108373953789,-0.9012361924870285,0.9645022640095873,-0.5514596134116702,0.3531037451746801,SLOW,3583064,-0.3959711507157528,-0.17221053753809715,-1.28433829,-0.03780209999999995,-0.37536623999999996,-0.45272977283609306,2
-0.20387339623568823,-0.1744257544778045,-0.16707715740994805,-0.0032620923131936857,-0.24164000718287654,0.0837694998399525,SLOW,3583065,-1.3367769694824252,-0.7298567752085543,0.13575453,-0.83502874,0.7230921,-0.6797687736097519,2
0.06500830804477317,-1.3363464940898584,-0.7643498260472711,0.15194540595786768,1.3074578654668616,0.24220140479204208,SLOW,3583065,0.05643906711323489,0.2877873085126871,0.26498782,-1.0495443599999998,-0.5882692,-0.5599673708591818,2
0.9027837229084855,1.016910297871839,0.8298752645686205,-0.46888457516976007,0.431249343606974,-0.5763634979769545,SLOW,3583066,0.07894165248452234,-0.3569201031345025,0.82564294,2.1256591,1.57019326,0.9858815393375353,2
2.3882832626602304,0.21232595125492293,-0.6588577668792437,0.39845143754698426,0.36347632356561516,-0.7295143498049039,SLOW,3583066,1.249758180703714,-0.2929237137430213,1.4639868700000003,-0.7267681300000001,-1.4662914200000001,0.4095622598178429,2
3.2852635288459244,0.10934853692110656,0.3717168664704777,0.8732037725396944,0.833046630080812,-0.3704019938745369,SLOW,3583067,2.229929419919808,-0.04541670318432715,0.8839903999999996,-0.09301784599999999,1.01503944,-0.4420471657410009,2
0.8265585673744322,-1.1965038682688598,-1.7235000462160806,-0.17672929784569696,-0.41107259690983095,-1.0094107100331307,SLOW,3583067,0.9337600632207256,-0.07161052647355495,-2.4230985499999997,-1.179555524,-2.06363298,1.6152361527182624,2
1.8164137775809701,-0.9416187250522451,0.5839830510605454,-0.08543076751679624,0.19404374968808366,-0.7400765165697177,SLOW,3583068,0.8313923401811896,-0.38363066793484235,0.97552035,0.23023366,2.2726994,0.6994081877247095,2
1.324435052493912,-0.544806915894684,-0.7014442382130903,-1.016675822904562,-0.39654981029727326,-0.8034492578020277,SLOW,3583068,0.2079660187290876,-0.08764478723532498,-0.4848540000000001,0.35843373999999995,-1.2660503699999999,-0.3886526315873388,2
1.1895875209136277,-1.0055237238508024,-0.2968854061655031,-1.1810131075503696,0.3925218967907305,-0.5393960569462212,SLOW,3583069,0.1774983423782652,-0.18972604479492916,-0.13289470000000003,-0.4161581,0.39846039,-1.2045010563448866,2
0.42563496202280016,-1.0895181307674933,-0.9276728465973444,0.3254126144795254,0.31990794787851917,-0.2278132742305248,SLOW,3583070,0.03401213235943302,-0.6312129897601784,-0.75288917,-0.0758707999999999,-0.62127876,-0.8144009601941664,2
0.2927655673760466,0.14199287081736686,0.2688991511698001,-0.07630091538065249,0.19888467063422477,-0.16444050273994795,SLOW,3583070,-1.2058112251178588,-0.80602527058782,-0.13094520999999998,1.1124041269999998,1.17853451,-0.16372353825015012,2
0.7098132783942677,-0.34953421210755725,0.10644953051357228,1.110579850361416,-0.4885274984670293,-0.33343455284380363,SLOW,3583071,-0.7115996465988009,-0.21299726784459233,0.41100812,-0.443988527,-0.16000080600000002,-1.1697587690387752,2
-0.6630489938185649,-0.6982191395643843,0.9809767540676239,0.5262693554963788,-0.004434419603755364,-0.03769496926853528,SLOW,3583071,-0.10580268774839263,-0.7247181617642363,-1.3529807900000002,-0.3149615,0.861344336,-0.15504170142838034,2
1.0798219202069872,0.683049900331182,-0.04244430006799734,-0.11282032392522746,-0.29004932759024804,-0.02713284227172931,SLOW,3583072,-0.24698622761103867,-0.7122349388771688,1.71763105,1.24767816,-1.007993696,0.5648083249440536,2
-0.7742500930921307,0.15423248046625748,1.2690662014261358,1.101450150672149,1.0896158681607095,0.4164765382783047,SLOW,3583072,0.01750426568407329,0.26789380372309,-1.82722176,-0.47767228999999994,1.291740396,0.5024527817842211,2
-0.07414415863602478,1.1045455311146914,0.455162399645647,0.1884648174915971,-0.08188931482118458,-0.15915944529319834,SLOW,3583073,-0.4867432272325251,-0.8476784064613287,0.6899671580000001,0.85840253,-0.80163477,-0.42901294901523856,2
0.8141212326948964,0.8300658850619228,0.46226273220356673,0.12455584357112756,0.07786140923935328,-0.18028369669324454,SLOW,3583073,-0.3137391667201902,-0.868740108900143,0.8754017319999999,-0.24793305999999993,0.006993300000000036,-0.8840261173947488,2
0.37568811300498334,0.26500441386379403,1.3870625134795713,0.005867759822950055,-0.05768466254221027,-0.10106773643650258,SLOW,3583074,0.007470148619528664,-0.9371152235701837,-0.43208383,-0.51041096,0.9108590699999999,-0.6625838651574576,2
-0.11241271728302323,-0.8621625366896432,-0.6240619847479277,-0.15846959955171838,-0.890324792865579,-0.5446771014251421,SLOW,3583074,-0.4665680825804823,-0.0325756361821755,-0.481032264,-1.01815182,-1.9808081999999998,0.4927872956398883,2
0.09209413894729103,-0.3401787376060292,-1.1930079480721378,-1.5644669211816422,-1.6164644404819222,-0.4126505139650675,SLOW,3583075,-0.2437728416911795,0.7907404448075017,0.20154523400000002,0.47149958999999997,-0.5603695000000001,-1.0352139048994686,2
0.13940139192984832,-0.702620745484713,-0.9724059671703033,0.2706334897060452,0.6490912537412998,0.11545588774654571,SLOW,3583075,-0.28757747534272693,-0.3485417830614292,0.046622159999999996,-0.32738805000000004,0.21727656000000006,-1.4012696723885478,2
-1.2029913676639632,-0.9106705499254237,-0.2609955008914089,1.110579850361416,0.6878186530092746,0.04680205016400014,SLOW,3583076,0.044694779207039376,-0.12110848682178403,-1.32295253,-0.1879280499999999,0.70068645,-0.2815148439837975,2
-2.7241925607176505,-2.7568110049557975,-1.1995864138526033,-0.1036904702945065,-0.9096885083489892,-0.30702923535178867,SLOW,3583077,2.90757525601746,-0.08795268213577663,-1.4991714999999999,-1.6675890500000001,-0.9244423100000001,0.6406313731778752,2
-0.9499272501118657,0.585922402821587,1.6764892190726846,-1.6831550348213642,-0.5805051866367855,0.4006333443250081,SLOW,3583077,0.6016182602284638,0.10454728707556248,1.7485708,3.0194374500000003,2.8327208,2.7217938743887795,2
0.7353831353028522,2.4207013142823146,1.233481283625348,1.9231367980877685,-0.3917088893511322,-1.4794255100887652,SLOW,3583078,1.3425937489998172,0.6497871928437582,1.6609041,1.65732635,-0.43632990000000005,0.6014876450743817,2
-0.06563467216963234,0.6111176361668683,0.711714310654033,-1.080584692204626,-1.156575999633142,-0.40208836449069185,SLOW,3583078,-0.696904428043388,0.2860955255886643,-0.789417648,-1.6345679,-0.5139017,0.09849048550151268,2
0.4330037856671178,0.4623753393578902,0.1322616766012978,-1.0714547683287758,-0.33361769535263264,0.030958864855922648,SLOW,3583079,-1.0075300537019423,-0.367586524901483,0.491417288,-0.13435652999999997,-0.57071779,-1.029727404914819,2
-0.8187087128093443,-0.7525256505774848,-0.5283058884249668,1.110579850361416,0.15047537400098765,-1.73819758001346,SLOW,3583079,-0.2964563208675057,0.5986218069150527,-1.23358548,-1.09740057,-0.65060997,-0.014100449746609444,2
-0.33346232389844777,-1.724239690264597,-0.10724966471170917,0.03325731922053572,0.29570329559954484,-0.10634880166394939,SLOW,3583080,0.2649540734787316,-0.7287484497506157,0.47821916,-0.8777337000000001,0.414709095,-0.7106893631590193,2
-0.06654780698232197,1.0966140274411578,0.9175618181668176,-1.2997012211900916,-0.47400470392976024,-0.5288339247622839,SLOW,3583080,-0.17267599048766294,-0.10123536961683571,0.263049121,2.5480319,1.009363165,0.9703703513939557,2
-0.7746473257256596,-0.09594843881188873,0.32501719146187896,-0.09456061815836275,0.915342428810017,-1.2048101251777064,SLOW,3583081,-0.7519349333256946,0.33537860460646546,-0.697844981,-1.07722254,-0.58361243,-0.3809412825364096,2
1.0760676517365821,0.6231046308999617,-0.018009999032827684,-0.7519100332383782,0.4699768141973519,-0.49186644915067407,SLOW,3583081,-0.2790035202027434,-0.313704152036837,1.8239133399999998,0.6495091,-0.33785629500000003,0.17777339902496073,2
0.9401018962901289,-0.2674435808444019,0.7368496686333614,-0.17672929784569696,0.1892028128925196,0.1735475758547156,SLOW,3583082,-0.21992967364350435,-0.7215998283553258,-0.1339967299999999,-0.80441791,0.743480685,-0.6891898792510325,2
-0.8850147011989314,-0.301340064737234,-0.7275846161671242,1.037541146860135,-0.0673665202839154,0.4640061114929754,SLOW,3583083,-0.3496945867091826,-0.2802822464259426,-1.79868567,-0.03061815000000001,-1.44235896,0.5202126726038491,2
-0.4539545045194324,-0.25953868010108916,-0.05672628705427838,0.0697767292596879,-1.074280169205091,-0.07466241721544381,SLOW,3583083,-1.1083423447360832,0.047813779122662096,0.42481768000000003,0.03775852000000002,0.660745608,-1.008188212766681,2
-1.2124747031931404,-0.2868386890171313,-0.17775717116359926,-0.8340786905070541,-0.7354149897511822,0.47456824367691275,SLOW,3583084,-0.269380107556512,-0.04127549469284836,-0.74753548,-0.024659659999999972,-0.119206428,-1.0374147293354459,2
-1.1404986623814573,-2.6570782469526666,0.25926677989536323,2.060084610021469,3.6262637851941735,1.0185177874705078,SLOW,3583084,1.527682055062356,2.8028411381555216,0.0709337000000001,-2.1409993600000004,0.43043612,0.3987064636340349,2
-0.8431238472877766,0.37360643159842655,0.6249079351259582,-3.709982292741599,-3.17524425012048,-1.099188803338332,SLOW,3583085,-0.47532579882916665,2.748566151546247,0.29306829999999995,2.7375688400000002,0.36012937,0.9939079795211366,2
-0.06091828146168483,0.6315800831267524,1.2080226119172015,0.7362559606059937,-1.2485536878028982,-0.0007275230506705625,SLOW,3583085,-0.16834944945005206,0.27948329955231244,0.770877841,0.23302346000000002,0.5743246300000001,-0.804273139708434,2
-0.5103297176585772,1.1700754231634571,0.08280533679477335,1.6309814759263892,0.5813182178505181,0.5907516544741291,SLOW,3583086,-0.4159850235097992,0.1682128739133062,-0.442903161,0.4864142,-1.1082554100000002,-0.5028333334428728,2
-0.622665823846638,0.2972805213584903,-0.4936940795622787,3.082628162857437,0.910501539562722,1.351224895070613,SLOW,3583086,-0.798189215981598,1.2169535427500973,-0.11070927999999997,-0.78838163,-0.56780909,-0.8156225890889313,2
-1.4085341925591481,-0.43556300698354655,-0.3772905780155944,1.2657875100468172,-1.2872811187697186,0.19995290199194968,SLOW,3583087,0.04070385130092609,0.43944389142043505,-0.7744875999999999,-0.6619658,0.1146488,-0.7679316364193274,2
-1.5805734259888313,0.6111945112178274,0.023202490484043253,-0.3867159029553119,-1.40346341167018,0.5801895309354107,SLOW,3583087,0.18376853446817676,0.49655793596679426,-0.16954780000000014,0.94551927,0.394455915,-0.7546852867992578,2
-0.1544390491555,-0.04406554441471569,-0.5825415938323588,0.14281555681087837,0.4602949564556468,1.0449230530912081,SLOW,3583088,-1.0185432026144423,0.08065527009136582,1.40548142,-0.591885894,-0.596612915,-0.1519728489492088,2
-0.5981031426295694,0.814090399241678,0.7794090211702707,-1.2084027297201985,0.38284005489844836,0.955145046238198,SLOW,3583088,-0.3348150012271745,0.14898338209811007,-0.43723905,0.7751584939999999,1.34142016,-0.1799138702173318,2
-1.9178219836413823,-0.5318627359972817,-0.10915134623344742,0.4806200798698879,0.13111164266815445,0.3372605512213835,SLOW,3583089,0.5934438556792089,-0.5485910075441363,-1.30060697,-1.21577787,-0.8751659399999999,0.19635330463465414,2
-1.0744961285524688,0.07540672431429117,-0.2545158344419046,-0.3319368080733761,-0.28036746192383144,-0.1961268863239316,SLOW,3583090,-0.46817727634104733,-0.6664778375727733,0.831113,0.5485367593,-0.14317322,-0.7872623681627228,2
0.49940509446539433,0.49019694505186,1.1153436411138935,0.09716628118438747,1.326821580950272,0.23163930718898107,SLOW,3583090,-0.18586412831122967,0.30258019036965883,1.55110834,0.3746733507,1.3492098000000001,0.30280845909977727,2
-1.60414234577671,-0.18711692423485307,0.9823981810879272,-0.9436368802709257,-0.10609396710015886,0.37422802683299317,SLOW,3583091,0.4812220329301927,-0.3816570659727829,-2.0730843400000003,-0.61180675,-0.1309414000000001,0.379039351668213,2
0.5707771484762657,-0.7361468585783183,-0.6297796749370981,0.06064687861812139,0.22308932291319905,0.30029312748108844,SLOW,3583091,-0.3652780873759276,-0.6185800097006647,2.1434228,-0.49592993,-1.5878754,0.9300840132486177,2
-0.2564420942805894,0.4644187167384698,0.4680587937868065,0.7636455379385061,0.16015722381798128,0.1312990644094041,SLOW,3583092,-0.9789147444502301,-0.5426679494108274,-0.81523964,1.08445162,1.08128932,-0.05407987426740469,2
0.01391135041305175,0.35483320981863586,0.7029940894046252,-0.05804120811921057,-0.1351395482499857,-0.06410028935411595,SLOW,3583092,-0.8298978375324658,-0.8680751584070385,0.266438247,-0.09898683,0.23139380999999998,-1.4306157084324105,2
0.7007698738464762,0.08099086586494922,1.12938937068452,-1.7014147331153429,0.16983908948439788,-0.3756830642891152,SLOW,3583093,-0.11951663691596096,-0.08772630019369024,0.6769115929999999,-0.24735739524,0.41996767,-0.9602121846338867,2
-0.36289033370836754,-1.3691587674245593,0.23784477816997568,0.05151702648197765,-1.0791209792052714,-0.6397362997257982,SLOW,3583093,-0.08164480330728181,0.1683522551813237,-1.04825652,-1.30989689476,-0.8781051799999999,0.10558326469522557,2
1.210416257992696,-0.8824646354009544,1.7706622112048325,0.4988797931096387,0.5183861029058775,-0.33343455284380363,SLOW,3583094,1.0481053873895507,-0.39865185189167357,1.55052232,0.439623,1.5097112799999999,0.4221607521360528,2
0.30818822482757413,-1.3608384602098853,-1.8641775615799898,-0.9527667593094593,-1.064598311463386,-0.27006177703061723,SLOW,3583094,0.9976376640449663,0.15606297422520637,-0.88916217,-0.4321073999999999,-3.5800471,1.9368687950128143,2
0.09405661914347765,-0.45203077432611133,1.3625614774611037,0.08803643203739817,-0.5659823604006704,-0.43905584010230153,SLOW,3583095,0.002409854012712683,-0.35618768840974147,-0.21103059999999998,0.8209114,3.1780982,1.5094844918265875,2
1.2005618486562195,0.8002045110407449,2.1673024865363626,-0.824948856305837,0.6442503327951588,-0.33871560596794364,SLOW,3583095,1.334142809023058,-0.22829640775249518,1.09048107,1.13112404,0.7926100999999999,-0.029041036184319694,2
-0.21640944040380491,0.16011521532058587,1.508118650255213,-2.212686584262188,-1.9359658252053062,-0.30174817358242956,SLOW,3583096,0.08084240200875846,1.2087903265657063,-1.39645103,-0.57818239,-0.6492471,-0.14454481805333455,2
1.9543634334261588,0.04226899152835861,-0.9434053023885637,-0.49627415250227236,-0.4546409963710614,-0.49186644915067407,SLOW,3583097,0.8790986274085536,-0.37194560567676993,2.13933623,-0.106448603,-2.41456894,1.4476620225495977,2
-0.6092605923027143,-2.1061357689487012,-0.4766573629494297,-0.34106664227459316,-0.07220745707947944,-0.1538783748786201,SLOW,3583097,0.7989219212806645,-0.8129992558132852,-2.5264982000000002,-1.940619547,0.45971204,1.4386578455161478,2
0.9722809358939016,-2.6836221702580674,-0.7243118819833771,1.4027353219805179,-1.6939192231684488,0.30029312748108844,SLOW,3583098,1.608395066022109,0.8370782323087699,1.5586380000000002,-0.5216342,-0.2439213,-0.1277938067179678,2
0.698649162177743,2.3091573202311455,1.914617841869066,1.7587995134419616,1.7915509110463474,0.8178373537826686,SLOW,3583098,1.7011288889205103,1.109655494628697,-0.2696691,4.5098976,2.5991497,3.444009105428062,2
-1.9562998108688288,-0.8318907823021062,-0.6064394879069614,-0.7975592939190969,-0.1448214139164023,1.3459437036229673,SLOW,3583099,0.8439625647627429,0.3242034377574011,-2.6165006,-2.83725835,-2.48305415,2.817351027135405,2
-2.272283820120914,-0.2200384987472783,-0.9693801145538826,1.7040204185600256,0.07302047244378924,1.2139172026150835,SLOW,3583099,1.1637140529702177,0.4441163511450057,-0.3114079999999999,0.55267635,-0.35746955,-1.0668154499694145,2
-2.0154779148417252,0.14961379662805468,0.15811836818122962,0.9827619623035657,0.7362280209649149,1.0713284916162906,SLOW,3583100,0.6179097402243346,0.3349584063591719,0.2530868999999998,0.33390098700000004,1.11050223,-0.6053244946824413,2
-2.067132058516222,-0.46950102820230005,-0.5935953819740489,1.8500981543695767,0.7749554202328895,1.1188580043144274,SLOW,3583100,0.8374292481167204,0.608605710521019,-0.050906099999999954,-0.559236487,-0.74038219,-0.8645235507748232,2
-0.45841554835143494,-0.24588720323785815,1.1054759932084461,0.46236042641322594,-0.09641210143374226,0.7386214185970621,SLOW,3583101,-0.2748420695931371,-0.23954999645389835,1.58541944,0.20198677999999998,1.67345906,0.5285332366084039,2
-0.17603144537422785,0.1197244612998193,-0.39751773834076515,0.024127467084391983,0.14079350040985958,0.5643463024012378,SLOW,3583101,-1.2344660207595681,-0.43020337060358715,0.27829467999999996,0.33025115,-1.48033715,-0.24807013406604564,2
-0.27800218262394283,-1.0457931206842688,-0.10443006115593453,-0.20411884528666485,0.7604327049427351,0.3583848242344775,SLOW,3583102,-0.46596897927479514,-0.18019886925625353,-0.10049401999999999,-1.05279333,0.288669585,-0.6965083635357963,2
0.40914966567410466,-0.6216941446410675,0.07571953325161117,1.1653590947010741,0.07786140923935328,-0.42321263750378585,SLOW,3583102,-0.7890266764771545,-0.3159177835954088,0.67720067,0.38308180000000014,0.17743396500000003,-0.9965349037732972,2
0.6480527361317094,-0.5307372538104099,0.893001650784305,-0.8705980870950113,-0.7547786735357466,-0.9090704931892112,SLOW,3583103,-0.22852571468161126,0.13482668029373238,0.23544333,0.08215989999999995,0.80496216,-0.9515853075019741,2
2.1701673572448192,-0.4669618709531873,-0.0826362293516108,0.024127467084391983,-0.1448214139164023,-1.0727834512654406,SLOW,3583104,0.9559942644818105,-0.10027717203034116,1.5000717,0.05760727999999998,-0.96093082,-0.006292831480018058,2
2.465880711435924,-0.23804944638625994,-0.30293903032482183,-0.4597547409685429,1.1573889515997602,-1.2681828664100163,SLOW,3583104,1.2773718248167707,0.5552478267164358,0.29143089999999994,0.20677292000000003,-0.21698189,-1.3787672786286553,2
1.9422416890543788,0.3352878056073382,0.045484328643587556,0.4897499589084217,-0.20291257621605602,-1.1995289337300608,SLOW,3583105,0.6358994124717091,0.05481495371798514,-0.5160558,0.51788634,0.34317112000000005,-0.9868546769324873,2
1.8201400404810124,0.6335157977955557,-1.027724211090258,-1.4275191092479418,1.6560049026624757,-1.1308752171805827,SLOW,3583105,0.8526786282912151,0.9904755220977516,-0.12033340000000003,0.26938456,-1.05703067,-0.6953348717675543,2
1.7608085146878705,-0.9616327637367778,-0.360958757215164,0.8275544969132034,0.47481774306820446,-1.5269550227869022,SLOW,3583106,0.7212226980040168,0.4378503438682339,-0.05847230000000003,-1.4408721,0.6567144300000001,-0.20531255945416402,2
1.5649414114139162,0.6654386055348872,-0.7967404318236321,0.8458142101529541,2.0045517813638605,-1.896629519546426,SLOW,3583106,0.4819862930256138,1.5691244684192287,-0.19303059999999994,1.46970746,-0.42921257,-0.24689228716349426,2
1.7559336175251459,0.41966897905345063,-1.3910414651323089,-2.230946282556167,2.745214413710548,-0.03241390577013229,SLOW,3583107,0.9785968310943985,1.890762734593789,0.18822629999999996,-0.22199976000000005,-0.5853423600000001,-1.1417034406078328,2
1.516544538805353,1.1623193903363662,-2.7429433424271044,-1.9753103569827442,0.5232270238520186,-4.975489525283016,SLOW,3583107,2.17082484743387,3.518117735712597,-0.23592229999999992,0.6708242,-1.3315229,-0.28080300286277765,2
2.8918728333988737,0.8622292151741134,-1.3079280889926341,-2.3861537927838454,-4.003043047412712,-3.00037173192516,SLOW,3583108,2.157300710487512,3.855392877091694,1.3554111,-0.27106664,1.4133834,0.18940926399479532,2
0.5089297889455846,-0.2888436288722315,-1.069304606532184,-1.2357922024323054,0.6200456488173387,-1.4213337009475278,SLOW,3583108,-0.25646689300970316,0.47538377154218614,-2.3484338,-1.03974563,0.23502639999999997,0.7951056442461816,2
0.7027601668210551,1.163824675572381,0.638751294101094,1.3205665451456643,-1.8197835323048446,-7.6107406882022,SLOW,3583109,-0.07123321516764004,5.998468647212644,0.19102337000000003,1.31217197,1.68230815,0.3555254514365589,2
1.6162248871589446,1.1181687112281744,1.0511482402484391,-0.36845620466133333,-0.06252558348835138,-1.6378573631695403,SLOW,3583110,0.8562058700100127,0.4049874058411243,0.90023613,-0.04124030000000001,0.40618034999999997,-0.8049308666942233,2
1.7350920952943907,-0.18731649602973163,-0.058184502636477245,-0.7427801990371611,1.2251620350388108,-1.0410971671014768,SLOW,3583110,0.39530360496933636,0.5051268069850299,0.11714580000000008,-1.17922384,-1.092610326,-0.17784284030700556,2
-0.009339776165141707,0.37981251992170767,-0.16278868163054236,-0.6423517836914178,1.2784122922417462,1.668088601232163,SLOW,3583111,-1.3494621605183796,0.9999341420119219,-1.7191694020000001,0.5122785400000001,-0.10302734399999999,0.008228126083390488,2
-0.9322123570200822,0.3438406642794492,0.5521617674180166,-0.7336503199986273,-2.2893536724011008,0.3108552510198067,SLOW,3583111,-0.44757007464090176,1.2867795842759275,-0.909507748,-0.032492800000000016,0.7041730700000001,-0.6417474623913022,2
-0.8351530154970749,-0.04162753586816506,-0.052371007250833435,-0.5693129905155034,0.1746800342046734,0.4164765382783047,SLOW,3583112,-0.7739891217832631,-0.46911749422295757,0.09565374999999998,-0.34818724,-0.595419865,-1.0988067273312814,2
0.0505156080273495,0.345536288333312,-1.5711485537954224,-0.3501964914215825,0.7507508075774726,0.3319794980972434,SLOW,3583112,0.14659905399510134,-0.18709373653347916,0.8728425700000001,0.34971887,-1.4958830349999999,-0.021909263305272698,2
-0.10909850764552101,-1.2424768979154082,0.5399683603158483,-0.21324870937942636,-0.41107259690983095,0.0996126937932491,SLOW,3583113,-0.14858081094330647,-0.5625872923885078,-0.15730262,-1.4344268299999998,2.0792933,0.7467437719827047,2
0.0675056743409866,-1.4356054254540147,0.3102646369993064,0.44410069822770293,0.23761212537517967,0.08905057025453078,SLOW,3583113,-0.03363196480268245,-0.6535492819727994,0.17404664,-0.17444990000000016,-0.22624109999999997,-1.4627885350157988,2
-0.09189797033836064,0.33672387672777176,1.249317402058548,0.28889321789156824,0.2811805010622757,0.02039673267198521,SLOW,3583114,-0.21170648942812847,-0.6908771642769206,-0.157095197,1.60091662,0.9248972000000001,0.06729635214067621,2
0.6607268193502638,0.0816160807350368,0.3353476661581874,1.9048770997937903,-0.12061675371271657,0.025677794441344378,SLOW,3583114,-0.799820705100981,-0.0018539556561220016,0.741725447,-0.23043477867999998,-0.9001922800000001,-0.6032731105081107,2
-1.2435430276706236,-0.4671902487507438,-1.530312681520631,2.3613698560586993,0.5329088974431466,0.4006333443250081,SLOW,3583115,0.6422486539608869,0.38820776483543723,-1.8766926400000001,-0.49572795132,-1.83753682,0.8895001152003208,2
-1.8616070922456156,0.47603668022895584,-1.5164412798209947,1.0558009049372026,-0.29973120118137614,0.06264524411729674,SLOW,3583115,1.1001885739514012,-0.36528625998159575,-0.6091133999999998,0.85200175,0.013662300000000016,-0.7456357921440102,2
-0.35375335402656144,-0.82477682885369,-0.19270726336979335,0.5171395212951618,-0.5369368188744009,0.37422802683299317,SLOW,3583116,-0.6523570773256762,-0.2899763655294573,1.4860173399999999,-1.1750039700000001,1.30377965,0.5141221273826402,2
0.9834974712323433,-0.876590447139273,-0.6000343854577224,0.08803643203739817,0.1117479192600327,0.42175759140244473,SLOW,3583117,0.016754201308182344,-0.5576114405409668,1.31788506,-0.04680240999999996,-0.40118695000000004,-0.41270263915916494,2
-0.40816476786656763,-0.32510966664714136,0.6629309353172211,1.3388263032227317,-0.3529814425348887,0.45872504107839707,SLOW,3583117,-0.7180037444990496,-0.09203437997542846,-1.3715085,0.49814374,1.243927,0.1295500381484436,2
-0.18726314024967003,-0.0077292585193629686,-0.943744170590204,-0.5236637298347847,0.3150670110829551,1.0237988924659627,SLOW,3583118,-0.6011608204965169,0.04234113034027439,0.21770258000000003,0.28668463,-1.5824555999999999,-0.1667533886942458,2
0.3847948649353007,0.1511388464131012,1.357976664607115,0.11542599442413828,-0.648278270075836,0.6118758669706892,SLOW,3583118,-0.03197751791019275,-0.12335654487425869,0.56377359,0.14350301,2.267024,0.5551194928774639,2
0.06213264331586255,-0.33597931616952287,0.3244546211063933,0.9188530930035019,0.15047537400098765,0.669967624240612,SLOW,3583119,-1.1115583769579476,-0.1787142561916853,-0.31798950000000004,-0.44000602,-1.01794242,-0.6387747733973235,2
-0.4676970712759258,-0.005958907133418854,-0.13826723798128296,0.35280216192049335,0.024611166300898372,0.5379409849092228,SLOW,3583119,-1.1873608341837085,-0.4344366340768,-0.52215684,0.29810214,-0.45574665000000003,-1.0403490203128387,2
0.19560066717605437,-0.7788038767021523,1.4475203735256392,0.1884648174915971,0.49902238742246724,0.4640061114929754,SLOW,3583120,0.2511538680555548,-0.32804359039953845,0.65369201,-0.69809846,1.5618829699999999,0.04303667478666577,2
0.3128649419922031,1.1193893240764647,0.0561827458159316,-0.19498901108544778,-0.043161864042585374,0.3319794980972434,SLOW,3583120,-0.5213977637241929,-0.638235261003587,0.11556608000000002,1.7146074599999999,-1.3703641839999998,0.4117767453852996,2
-0.7585542291253846,-0.7218090637558205,0.5721856129140331,0.2706334897060452,0.4215675017146918,-0.03241390577013229,SLOW,3583121,-0.3288242632550408,-0.5804263450880875,-1.05590312,-1.66312496,0.5082244840000001,0.24732269226904718,2
0.18052705451253034,-0.10507548016228106,-0.2046131157857542,0.681476865724058,0.2908623667286923,-0.14859730878665137,SLOW,3583121,-1.3188535744201044,-0.5492423934688181,0.92548172,0.55708555,-0.7650890300000001,-0.4677047083537756,2
-0.31388974826652866,0.6672748387509374,-0.3794682042106992,0.2980230520927853,0.4070446992527112,-0.3545587912760212,SLOW,3583122,-0.8871068921651701,-0.5180471589475886,-0.48725677,0.69765165,-0.17221926999999998,-0.9259213930221031,2
0.9081130307442289,-0.6269883823815027,0.701720815692038,0.2523737764662944,0.3102260742873911,-0.31759135024528795,SLOW,3583122,-0.12705669357931354,-0.616433803748769,1.20430601,-1.1690871999999999,1.06489085,0.20027946592582782,2
0.3969295771037919,-1.3725105373595143,0.41957944138353714,0.08803643203739817,0.22308932291319905,-0.5763634979769545,SLOW,3583123,0.008791525844097597,-0.5084168047858508,-0.50378061,-0.6734182,-0.27788829000000004,-0.908306451367827,2
-0.07633524749132253,0.12994909438260754,-1.7393462161689242,1.0284112827673735,-0.6870056534943877,-0.7242332880355449,SLOW,3583124,0.32095911185703696,0.03875559510352081,-0.46641111,1.357147677,-2.12638136,0.7813073192854424,2
0.7822726791152895,0.3297781870897709,0.29185683218877306,-1.4549086716346817,0.5087042451641723,-0.6714225838897622,SLOW,3583124,-0.6533709226633799,0.02570416128619832,0.84617376,0.180502413,2.00058408,0.39334613761367976,2
1.5473426501166239,-0.6450543514783279,-0.32017520360776985,-0.30454723074086376,0.8378875668763761,-0.1327541191559643,SLOW,3583125,0.3438457720885988,-0.18859008949891484,0.7539904,-0.88055059,-0.60280608,-0.484905616483273,2
0.4557763934438059,0.4580057388771241,1.935477283392018,-0.8705980870950113,1.467208478581439,-0.5922066659945937,SLOW,3583125,0.6796890934778614,0.5480757140627055,-1.07575844,0.9963764800000001,2.2216500999999997,0.8784667816815916,2
-0.2029086144836556,0.5845553354731331,-0.28707973247814084,-4.093436106372872,1.757664448573937,-0.5869256301608919,SLOW,3583126,-1.0580222433574575,1.7365866558384648,-0.64914608,0.11431021999999996,-2.18905352,0.5004535808542965,2
2.506992787258202,-0.2419260236067431,4.4280595210270635,-1.9296610365189366,-1.9020793627328958,-1.5586413934030572,SLOW,3583126,4.3243838333472775,1.4838088044495614,2.67065722,-0.7465473499999999,4.64406182,3.6419181270230094,2
0.19029864447752268,-0.061428961454531375,-2.128052085873121,1.3570860015167103,0.35379444204977567,-1.0675024327221772,SLOW,3583127,0.7980171990283469,0.18059209520049818,-2.2831443,0.16304010000000002,-6.4572828,5.092510342255057,2
0.5231276998941086,0.1515331853121734,-0.8546865897126233,-0.6332219195986561,0.0681795435729367,-0.6714225838897622,SLOW,3583127,-0.5196345104326593,-0.3840973573325091,0.32800910000000005,0.19236529,1.2541704,-0.48094977172968867,2
-0.187637045054843,0.11863634942141765,0.07527219493874647,0.3254126144795254,1.1089795836441199,-0.4126505139650675,SLOW,3583128,-1.5188966264657775,0.11862205292150646,-0.70047161,-0.029715184000000006,0.915940305,-0.6389663096230155,2
1.9458453768493575,0.5839989212938135,0.7402221463817332,-0.26802781920713437,0.22793025970876307,-0.5341149778864238,SLOW,3583128,0.8423286058184811,-0.5269358391234165,2.10258581,0.42035454400000005,0.654926295,0.4560397002783703,2
0.2082749025987954,-0.6104998795881247,-0.5582932164667498,0.6175679067493607,-0.7644605629762976,-0.5658013485025788,SLOW,3583129,-0.6888902402788711,-0.0737904451070174,-1.71240737,-1.0789716,-1.27894115,0.6091663044729497,2
-0.3127431535399488,-0.5736280411704262,0.6365775260650444,0.3162827503867639,-0.3917088893511322,-0.5605202953784388,SLOW,3583129,-0.634108715707466,-0.3962217970016452,-0.51347279,0.03330573999999997,1.1768589,-0.5072241504336993,2
-0.2921207546033863,-0.6451244623218939,-0.5130488390537382,0.10629614527714898,0.8136828828985558,0.12601800264004492,SLOW,3583130,-0.6926336046486862,-0.20522312994295214,0.020323749999999974,-0.06458156999999998,-1.13229655,-0.658230348509781,2
-0.1038732323861167,-0.157099707746459,0.7507162374811288,0.8458142101529541,0.09238420377662244,-0.11162986343330855,SLOW,3583131,-0.7872780179657649,-0.5524586109516851,0.18552136400000002,0.44082492999999995,1.2447147,-0.4579229677943101,2
0.9622191229856121,0.9190805959257127,-0.8325945171368146,0.0697767292596879,-0.16418513732452403,-0.24893752130796146,SLOW,3583131,0.05816811111634322,-0.7717352221536556,1.0506534459999999,0.9720964000000001,-1.55944345,0.3300770835104731,2
0.308254758351076,-1.3176755103710711,-0.6402931279031202,-0.5054040165950339,-0.0915711725628897,0.12073694951590486,SLOW,3583132,0.014673631062439739,-0.6937899509842589,-0.6444938,-2.0204259,0.18940258,0.34255311169485125,2
-0.7866822223884794,-0.6395435705355949,-0.5478639525925303,0.7545156588999723,-0.0673665202839154,-0.47074221071845657,SLOW,3583132,-0.3850405785331761,-0.46600971122699125,-1.07908035,0.6125457000000001,0.09103587000000002,-0.5477423379167038,2
0.40948848234075863,-1.1589025139585936,0.32956418420407724,-0.4780144392625216,0.6055228225812236,0.23163930718898107,SLOW,3583133,-0.22476532282172623,-0.3293261212148707,1.17884803,-0.4691285999999999,0.86420152,-0.2550344046872588,2
1.2425290075996656,-0.9975401324591289,0.4146983828324171,0.30715290123977457,0.8233647406402611,-0.0007275230506705625,SLOW,3583133,0.25451374957208117,-0.1971705546022171,0.8209766199999999,0.14575604999999991,0.08385086000000003,-0.9562954283353311,2
0.5839574526730086,0.4929211050337745,1.2945734047139756,-1.9479207348129148,-1.214667146083373,-0.30702923535178867,SLOW,3583134,0.0400661829238444,0.5582765500421709,-0.6490342699999999,1.34630972,0.8666115200000001,-0.06135079953749054,2
-1.113428031603723,-0.7378204740490436,-0.15766944267607017,2.4891877441165495,0.6636140482785691,0.45344396201859977,SLOW,3583134,-0.1669345331699009,0.5099656975707247,-1.67280433,-1.11170912,-1.4303513,0.6811709348818044,2
-0.3101285798729912,0.04143366726892171,1.0103385628430221,0.15194540595786768,0.08270233018549437,0.030958864855922648,SLOW,3583135,-0.4783354891414922,-0.865216005945002,0.79166625,0.703887762,1.1504011,-0.22614150975371805,2
0.1327559136095928,-0.018293909819693983,0.7985923870222321,0.6449574242987842,-0.44011820975850374,-0.15915944529319834,SLOW,3583135,-0.7423417045350365,-0.4461368756424609,0.43647073999999997,-0.053950962000000005,-0.20855425000000005,-1.309674184728618,2
-0.11024799932512197,0.6271456525338872,0.36898828500925324,0.215854364932565,0.2666576986002951,0.07320737630123417,SLOW,3583136,-0.9780649174499922,-0.7041616345971735,-0.23948478499999998,0.5830152,-0.42312812,-1.0356439408189266,2
0.2317960201250885,1.0611482142210382,-0.6803582110700518,0.681476865724058,-0.18354886073264576,0.14186120523856063,SLOW,3583137,-0.3597907659976849,-0.5590706873443646,0.33709061500000004,0.39202755,-1.03352833,-0.636785278057548,2
-0.583721186378426,-0.4338805792229936,0.03858346290881698,-0.1036904702945065,0.22308932291319905,0.34254162163596175,SLOW,3583137,-0.8712437055960129,-0.586561230671125,-0.8037070700000001,-1.35043552,0.7081041299999999,-0.06536676592677987,2
-0.21355717453187087,0.43304336696932405,0.3285416908300722,-0.11282032392522746,-0.06252558348835138,0.2263582367744028,SLOW,3583138,-1.1353816760731674,-0.733881341845279,0.36480338000000007,0.7830784900000001,0.28558731,-0.8840230004760383,2
0.18469016372244032,-1.3545148673084249,0.3243210069664848,0.6358276199891115,0.5087042451641723,0.34254162163596175,SLOW,3583138,-0.09791000472113863,-0.31229078871145366,0.39248001,-1.61467267,-0.00415705999999999,-0.1277110437178548,2
1.1452441502066222,-0.47160900320994553,0.5368447135204307,-1.0440653553997579,0.2569758487833014,0.3900711948506324,SLOW,3583139,-0.06912768047533656,-0.30053969195228963,0.94664346,0.7975147,0.20932005999999997,-0.5364475838534983,2
-0.10036366968961394,-0.140973516271159,0.5256311772877589,0.6906067298168195,-0.2271172284950303,-0.23309433599988397,SLOW,3583139,-1.044200901325758,-0.5508749472527296,-1.227569208,0.29865773,-0.011044500000000013,-0.5283536691635856,2
0.8165595640605421,0.4115588272380211,1.2046724099608477,0.3893215734542227,0.765273554566473,-0.0852245450767717,SLOW,3583140,0.06683806146849436,-0.24385354183840074,0.903644558,0.49909359999999997,0.66880516,-0.5619507989768181,2
-0.33641498365196293,0.16289251473864702,-0.606218709831558,-0.861468237948022,-0.41107259690983095,-0.10634880166394939,SLOW,3583140,-0.9304906579680741,-0.41296879980291573,-1.13627743,-0.22461629,-1.7835931999999999,0.3400516311328821,2
-1.2999641050047093,-0.03846882814716076,0.3504846252523006,-0.29541736664810225,-0.4255953835223887,-0.30174817358242956,SLOW,3583141,-0.17156867861999073,-0.5172336982245246,-0.9495952200000001,-0.18188647,0.9422817,-0.44118547985603346,2
0.6980217765199546,0.4879653101480147,0.05941773502045954,-1.4001296365358347,-0.953256828563105,-0.04825709799438507,SLOW,3583141,-0.741781023702936,0.16795055355471405,1.9690515,0.47551951,-0.28667926,0.2587274323201929,2
0.15665865776680002,0.21351794630270512,-0.9628617548302757,0.9097231691276515,0.4457721302195317,-0.25421859172253974,SLOW,3583142,-0.5633656821928694,-0.3467185586194392,-0.53352322,-0.2479039,-1.00686934,-0.6262165785505556,2
-0.9190635387961051,0.4648214472401669,0.3300744561982659,1.137969472531245,0.5958409648395185,0.009834600488047773,SLOW,3583142,-0.5365000927917408,-0.17887172011156502,-1.06014383,0.22699842000000003,1.2734461,-0.11688775815767714,2
-0.8263500022418381,-0.9876047738606497,-0.9359583345456427,0.14281555681087837,-0.2658446911606967,0.04152098839464097,SLOW,3583143,0.12013110739009245,-0.7116104634740072,0.09137088000000004,-1.3119533,-1.24694823,0.0237985475284978,2
0.8737934624866079,0.14244214039441255,0.31668812662235823,0.7453858246987553,0.24729397519217333,0.15242332877727896,SLOW,3583144,-0.574259024340161,-0.5100498158967132,1.67552237,1.020753245,1.23376369,0.5321530638016817,2
-0.37014896152147736,-1.7369289447878011,-0.3793558911699949,0.5171395212951618,-0.0915711725628897,0.025677794441344378,SLOW,3583144,0.3301874219316114,-0.7023229978797317,-1.22592793,-1.6976057450000002,-0.6855516399999999,0.41717378091183793,2
-0.6789898963790344,0.6684338652068769,-1.094074901440498,-0.9527667593094593,-0.17870792393708174,0.3900711948506324,SLOW,3583145,-0.10629954912021461,-0.35291452133280526,-0.30436836999999994,2.17272563,-0.70394512,0.5185342486216893,2
0.09813566090757204,0.15458598613693728,0.7942342105535807,-0.12195018203968008,0.15531629494712873,0.15242332877727896,SLOW,3583145,-0.7578644387776658,-0.7624319391605029,0.7658714,-0.464150544,1.85984417,0.27721812132965395,2
0.21305479390815005,-0.12754438366533863,0.40233551117027827,-0.6423517836914178,0.09238420377662244,0.11017481733196742,SLOW,3583146,-1.1091217937833784,-0.6443570694798167,0.11325489999999999,-0.254843836,-0.3859911,-1.3202789273190338,2
-0.2443370416346231,-0.24404360799575847,-0.23459561097566814,-0.03065165096349074,0.07302047244378924,-0.12219199129463644,SLOW,3583146,-1.2194909226643613,-0.9329992477948421,-0.45076799,-0.10523188000000003,-0.62732983,-1.0150435976210836,2
-0.9256257918670451,-0.31732282401780126,-0.9295997026069173,0.04238717135667947,0.16015722381798128,-0.053538161492788054,SLOW,3583147,-0.15458931741568066,-0.8599549096627405,-0.6714224799999999,-0.06619194,-0.68452739,-0.8324537822249894,2
0.4839993519724876,0.438214044450002,0.23819819569247383,0.4897499589084217,-0.20775351301162004,-0.24365645089338317,SLOW,3583147,-0.9360860514712477,-0.6365417759111347,1.38921127,0.68246433,1.15019416,0.1405557756762526,2
-0.5306192257448232,-0.4280514930577417,0.038635751117063855,0.19759466663858638,-0.12061675371271657,-0.1327541191559643,SLOW,3583148,-0.9217230470203591,-0.8302238498755469,-0.9999251,-0.78248376,-0.19655418,-0.5068309913156321,2
-0.8616748487121133,0.17074043450740825,0.2930245547920525,-0.16759944122582157,-0.7208921952139131,0.2052339637613088,SLOW,3583148,-0.6857529214339629,-0.25340509936653566,-0.32626135,0.5408791399999999,0.25055407,-1.1157213356173374,2
-0.6168396505167185,-0.8107375226723147,-0.44725585574796445,0.6632171674300794,0.24729397519217333,0.10489374691738917,SLOW,3583149,-0.43321165654421984,-0.5593976669838634,0.24128954999999996,-0.8865532899999999,-0.7291212,-0.6193674190165861,2
0.06898574844073824,0.5191705805093435,-0.3202429955235882,0.3345424486807425,0.1214297849264493,0.004553538718688605,SLOW,3583149,-1.108421076101566,-0.7863250950978096,0.67589343,1.20128465,0.12509823000000003,-0.4070203685725725,2
-0.6151057911559779,0.7518978851972443,-0.004492945382735298,-0.19498901108544778,1.16707088858858,-0.06410028935411595,SLOW,3583150,-0.7293746784094353,0.12098789757366243,-0.67418468,0.21021883999999996,0.3109903385,-1.0230693852122632,2
0.22155158248658915,0.20861971471115134,0.3419890300843013,1.384475548957678,-0.11577582484186398,-0.02713284227172931,SLOW,3583151,-1.187420096811936,-0.27140808088130985,0.8245410900000001,-0.490734454,0.3412590015,-0.7748367264911169,2
0.37787676862268227,-0.5263322713217428,0.7544218368047588,0.2523737764662944,0.07786140923935328,0.3583848242344775,SLOW,3583151,-0.5029179289800753,-0.5978821151959657,0.15406132,-0.663870336,0.40621567,-1.0011906830669457,2
0.08971713572196043,0.08837152574484018,1.4288027179307803,-0.03065165096349074,-0.2706856200315493,0.24748247520662037,SLOW,3583152,-0.01964858247344121,-0.6172894590369055,-0.28398657000000005,0.5552520764,0.6642150600000001,-0.8827627189270423,2
0.6957300279330962,0.23880580832761972,-0.1016298245433115,0.343672312773504,0.22793025970876307,0.40591439744914815,SLOW,3583152,-0.8290916594170783,-0.4996974939859564,0.59723675,0.1358848736,-1.50736234,-0.16255938633671052,2
1.7346601398123906,1.1003787793606996,-0.6978771264934385,0.42584098498795214,0.09722512472276354,0.7967131067052321,SLOW,3583153,0.7820163283150258,-0.1985311242545164,1.02388456,0.7782450399999999,-0.5872592900000001,-0.3770657030244899,2
-0.20933654228631476,-1.3560792701671527,0.10678164795217118,-0.2406382717661665,0.135952571539007,0.5749084605208326,SLOW,3583153,-0.14853652442734736,-0.41193046117252924,-1.91584416,-2.21887914,0.7925291050000001,1.2555667681330076,2
0.37639124561304493,0.3523330104186482,0.6706954804156283,0.15194540595786768,-0.20291257621605602,0.6330001486290023,SLOW,3583154,-0.7369464044664706,-0.34381336874343316,0.57724541,1.5431814,0.555413225,-0.050237609598269624,2
0.39171846089253376,-0.5692656698671191,-0.17862087083333616,-0.05804120811921057,-0.8709610298338999,0.5273788267896281,SLOW,3583154,-0.8295772734750478,0.0003940931399054933,0.015105250000000014,-0.8324653,-0.8365135,-0.612029009069782,2
0.016845744649462167,-0.655349419776657,0.7133729839970753,-0.20411884528666485,0.04881582016481496,0.26860675686493346,SLOW,3583155,-0.5538842735678321,-0.6929650111009104,-0.369443894,-0.07775807000000001,0.87854767,-0.8373783204833328,2
-0.5906896825707505,-0.12779862265515315,-1.2136650393056996,0.12455584357112756,-0.33361769535263264,0.12073694951590486,SLOW,3583155,-0.14298110236032113,-0.6275465621066454,-0.5987372360000001,0.4765281699999999,-1.89798927,0.2593324014541933,2
0.03878226844626697,0.1239701140457732,-0.20446691186366583,0.5353992345349126,0.35863538677005113,0.34782269205054,SLOW,3583156,-1.468148088944672,-0.4296230391561484,0.6203560800000001,0.22741866000000002,0.9939851700000001,-0.5986435916276257,2
-0.05684866823961239,0.09633228223514406,0.19196329686036379,0.35280216192049335,0.2569758487833014,0.04152098839464097,SLOW,3583156,-1.4844916572909213,-0.6858833156464232,-0.094246031,-0.024964810000000004,0.39045430000000003,-1.3944704778036638,2
0.45813911991641926,0.1502259219708163,0.28157768116094767,0.4806200798698879,0.576477328603223,0.2369203343774638,SLOW,3583157,-1.0367179833524418,-0.34166564017334505,0.507529851,0.048681260000000004,0.08826350999999999,-1.2787848405711841,2
0.4029386795722949,0.4790115919251877,-0.0316074186436905,0.46236042641322594,0.7797963411790306,0.0362399179800627,SLOW,3583158,-1.0434724152458403,-0.2136680336115786,-0.05440104000000001,0.29698682,-0.308464053,-1.3651018363249068,2
-1.0823152635037085,-0.10013783017982225,-0.060889849857749874,0.20672452325846177,0.31990794787851917,-0.02713284227172931,SLOW,3583158,-0.4759277843212059,-0.6839258764003849,-1.46374483,-0.52313638,-0.028841018999999996,-0.2353554666570378,2
-0.31228374042265905,0.3675213461995378,-0.07339893356441712,0.14281555681087837,0.05365674903566752,-0.04825709799438507,SLOW,3583159,-1.2701696074784847,-0.9130781703488362,0.7588801000000001,0.42242903,-0.01232051800000001,-0.9255155952650344,2
-0.20468299059890935,0.5310140876941248,0.8033165809486116,0.024127467084391983,-0.16418513732452403,-0.13803518092532346,SLOW,3583159,-0.6308100230573879,-0.8282755395693023,0.10604249999999998,0.14768037,0.86349964,-0.9116192025559614,2
-0.5523533747961453,-0.062092064122631505,-0.5725810150589339,0.7179963071493318,0.6975005107509797,0.0362399179800627,SLOW,3583160,-0.8103950020148536,-0.23278479529773666,-0.3426355,-0.53574327,-1.3551568999999999,-0.2934333233449198,2
-0.07258714836395413,0.09107216001271519,0.30437366470331095,-0.1036904702945065,0.1892028128925196,-0.07994348157836872,SLOW,3583160,-1.3511496938543879,-0.8310896487640839,0.47281836,0.138350786,0.8637352,-0.7990314281735665,2
-0.19284550276630588,0.5584346234937771,-0.07548749314242968,-0.3867159029553119,-0.2658446911606967,-0.12747305479303941,SLOW,3583161,-1.1699990502391555,-0.6786086625582215,-0.1185168,0.422161014,-0.374135016,-1.2194705002112671,2
0.09561991849254485,0.17290881798323673,-0.059830561830019224,-0.14933973545895685,-0.05284372574664624,0.057364182347937574,SLOW,3583161,-1.523303681058011,-0.8670447378626496,0.28428792999999997,-0.348239274,0.015420913999999994,-1.3468218611277156,2
0.34325845398730614,0.78332417133008,0.15484464915161847,0.4897499589084217,0.5183861029058775,0.0362399179800627,SLOW,3583162,-0.8167152664311492,-0.4407110679175865,0.24405229,0.551378394,0.211439132,-1.1565300745899,2
0.08598730109700217,0.4482120743709869,-0.047395066415498094,-0.3501964914215825,-0.12061675371271657,-0.10106773643650258,SLOW,3583162,-1.295290968245857,-0.7973932139875368,-0.25354540999999997,-0.30270137999999996,-0.19919109299999999,-1.3544196319143194,2
0.37451319815272205,0.5029367816758464,-0.12617935152927204,0.5536589776662079,0.37315818923203176,-0.01657071700396716,SLOW,3583163,-1.037999593157566,-0.5453296539242238,0.28434753,0.04943195,-0.077596667,-1.498669148058155,2
0.1906006886126575,0.36334907015832973,-0.22303929761705008,0.681476865724058,0.2908623667286923,-0.38096414334891254,SLOW,3583164,-1.2404575852485038,-0.47615267607412337,-0.18124912999999998,-0.12608734000000005,-0.09539985000000001,-1.5573575588844917,2
0.6039801366729342,1.1353984648729358,0.8343157416617474,0.234114093118088,-0.21743537867803664,0.4111954678637264,SLOW,3583164,-0.028407839339309744,-0.509766141210637,0.40739298,0.69737983,1.04141615,-0.47355655268043917,2
-0.25291498548543795,1.2623695457633153,1.453529456253972,0.46236042641322594,0.5038633242180313,0.09433163202388993,SLOW,3583165,0.4388226537153275,-0.4484110062115943,-0.84448576,0.11469093999999991,0.6098795,-0.745083490137364,2
-0.06903597507218275,0.3510715355581042,0.4696612801503461,-0.4597547409685429,0.11658884813088527,-0.021851778773326322,SLOW,3583165,-1.0862637688788925,-0.7591452183630755,0.181216116,-0.8231608699999999,-0.9690370500000001,-0.507339499473219,2
-0.0780536195687139,-0.5614958761402095,-0.44938314312045013,0.2706334897060452,0.04881582016481496,0.0996126937932491,SLOW,3583166,-0.8525705599929413,-0.7934873060897712,-0.008887052999999999,-0.8243075,-0.90519047,-0.5677040142226376,2
-0.6484880048560188,0.400074919045931,0.11920648875587012,0.09716628118438747,-0.11577582484186398,-0.18028369669324454,SLOW,3583166,-0.912376706450048,-0.8407895940100067,-0.562173483,0.86857147,0.56001854,-0.6158302299904845,2
-0.13693284829764382,-0.2541770659839064,0.03783208643283447,0.1884648174915971,0.22308932291319905,-0.0905056094396966,SLOW,3583167,-1.3380887398775048,-0.7751147101239507,0.50414693,-0.5909753200000001,-0.08014774,-1.0137341279632603,2
0.20833659602915852,0.15161511968028216,0.7203271024798564,-0.12195018203968008,-0.07704837802562053,-0.20140794809329077,SLOW,3583167,-0.8102803322525082,-0.8563786988058929,0.34026933,0.36654557,0.6722068800000001,-0.9564619659887714,2
-0.6452956032144789,0.39629120299011433,0.2550886982301844,0.44410069822770293,0.6878186530092746,-0.3598398616905995,SLOW,3583168,-0.8727418946604423,-0.26042304954740475,-0.84127009,0.22101198,-0.45822526,-0.8103169019736602,2
0.047026607101782227,-0.051066904254509785,-0.3163021195689475,-0.5510532473842081,0.5571135655715439,-0.39152626688763087,SLOW,3583168,-1.3181027916440833,-0.3458548638149658,0.6822961559999999,-0.4040914,-0.5627774999999999,-0.821127801979647,2
-0.48249441304660484,0.49424619222767247,-1.0013427286544303,-0.24976812091315578,-0.5611414711533752,-0.7506386401084362,SLOW,3583169,-0.36447717022507187,-0.1767978920745424,-0.521852616,0.49257257,-0.6747141,-0.8084538589504828,2
0.4365370536583598,-0.07139636977543665,1.049008383399874,-0.8158189922130755,-0.4013907550175488,-0.7242332880355449,SLOW,3583169,-0.34331497189676435,-0.19097908388062948,0.90572226,-0.51093585,2.0194435,0.48569334505271233,2
-0.5632780839738561,0.34303825879363364,0.54991540507343,0.19759466663858638,0.5087042451641723,-0.7400765165697177,SLOW,3583170,-0.7766330856910613,-0.22996445746309366,-0.98533604,0.37435215,-0.4915695,-0.6293357308294686,2
0.1640745429456611,-0.7545957194540124,0.2483718159170918,0.46236042641322594,-0.44011820975850374,-0.47602328113303477,SLOW,3583171,-0.7381618990121998,-0.3875073529162085,0.71681927,-0.99147516,-0.29699802999999997,-0.5328139053180554,2
-0.3039250923641153,0.22906487364114228,-0.17548657348831648,0.17933495339883557,-0.13998047712083825,-0.5552392249638605,SLOW,3583171,-1.321278958188079,-0.5400922810519675,-0.46122217,0.8885248299999999,-0.41746901999999997,-0.7081874890191147,2
-0.12684542449819705,0.12522402428616738,0.5740098114335896,0.16107525510485698,0.135952571539007,-0.349277729506662,SLOW,3583172,-1.0260345909904123,-0.7157166718623413,0.17451523999999996,-0.093797773,0.7381982500000001,-1.030431995400383,2
0.13536685466995996,0.25635756481399846,-0.4578235564609114,-0.21324870937942636,-0.0673665202839154,-0.3228724206598662,SLOW,3583172,-1.1218573469779989,-0.7521690008722056,0.25841498,0.11845082300000001,-1.0162792,-0.737732674561115,2
-0.41443036483058376,0.5428201758592861,0.5438656492262165,-0.11282032392522746,0.0004065116445106421,-0.22253220381594654,SLOW,3583173,-0.7904564495337123,-0.8655607377086278,-0.5418351800000001,0.25875708,0.98658944,-0.6374806452465458,2
-0.8509368331898715,-0.12548628223265998,-0.12839862553607168,0.2706334897060452,0.15531629494712873,-0.042976034495982085,SLOW,3583173,-0.7301847089352408,-0.8016513976253057,-0.43018508,-0.6036705,-0.66213036,-0.7994578131179988,2
0.4404523135705641,0.33227181048453547,0.3116105253265308,0.35280216192049335,0.16499816061354533,0.02039673267198521,SLOW,3583174,-0.9877658999975055,-0.7518353423712187,1.27268754,0.41348554,0.43337632,-0.3843273656191485,2
-0.24754987922497074,-0.2923093496855735,-0.4646411468783925,0.0697767292596879,0.029452096756693236,0.1312990644094041,SLOW,3583174,-1.0062775253969418,-0.8246643222185759,-0.6780387,-0.56417414,-0.7645502200000001,-0.6250626132363004,2
-0.14389741762195032,0.13549985500153983,-0.5892468712091355,0.0697767292596879,0.2714986353958591,0.07320737630123417,SLOW,3583175,-1.0237838425789947,-0.7220142974219115,0.10215139000000001,0.38643319,-0.12272737999999994,-1.378695846176757,2
-0.43231070387336584,0.4803514806661957,0.37161907229148083,-0.4414950277287921,-0.25616283341899154,0.09433163202388993,SLOW,3583175,-0.9471078831512787,-0.6429987921607552,-0.28423655,0.31149894,0.94638156,-0.7570558174848615,2
-0.017712577183664112,0.24533947913331372,-0.6423545727454154,-0.021521797930600665,-0.1012530382293063,-0.11162986343330855,SLOW,3583176,-0.9530006067427839,-0.895703703940433,0.40859400999999995,-0.21228257,-0.9986887,-0.6930318688618441,2
-0.28995421932749527,-0.6088344675178545,-0.22571366179050015,0.19759466663858638,-0.18838978960349834,-0.20140794809329077,SLOW,3583176,-0.8798203488017855,-0.7566121715041875,-0.2682991,-0.77156162,0.41036034,-0.8797025964092617,2
0.048801109039163675,-0.038969695009633334,-0.4656549086292728,-0.20411884528666485,-0.08188931482118458,0.030958864855922648,SLOW,3583177,-1.1572081811152344,-0.8537676784604142,0.33384955,0.514749705,-0.2363243,-1.1379185761323634,2
0.13443231081636192,0.31599206818020315,0.40068364037083337,0.05151702648197765,-0.004434419603755364,-0.40736943490527017,SLOW,3583178,-1.1388010048090877,-0.7052992985123414,0.08439111,0.320631265,0.8532791,-0.8784247143697537,2
-0.15139531041663293,0.2525605306869974,-0.5056957970777088,0.2706334897060452,0.3102260742873911,-0.2278132742305248,SLOW,3583178,-1.0932804703405605,-0.6515741372068992,-0.28168833,-0.05729669000000001,-0.8927164000000001,-0.8558647114228528,2
0.06414501097099333,0.21140514446294295,-0.46888991407868097,-0.3136770798878531,-0.1351395482499857,-0.31231028847592873,SLOW,3583179,-1.14738362273703,-0.7109501564419753,0.21241891499999999,-0.037175,0.03625106,-1.579335844890022,2
0.29049379812543574,-0.08691813337671517,0.8093770076515275,0.3619320260132548,0.19888467063422477,-0.14859730878665137,SLOW,3583179,-0.6652703220572292,-0.7301742198724744,0.223070855,-0.26947063,1.25899794,-0.4848267793394605,2
-0.2373425895549845,-0.057034916833137765,-0.34095429389187426,0.1702051191976185,-0.07704837802562053,-0.23837538912402403,SLOW,3583180,-1.2425797163098067,-0.8101472653801269,-0.52019238,0.02699303,-1.13299086,-0.5448821730936917,2
0.297289765798605,0.4224991411397619,0.30348673485484223,-0.7792995507878017,-0.21743537867803664,0.067926314531875,SLOW,3583180,-1.065509758485978,-0.5452578679607964,0.5268899300000001,0.43315541999999996,0.63472653,-0.8620306556035248,2
-0.3240842324909362,0.655725314425922,-0.006264880061365259,-0.13108003417582384,0.19888467063422477,0.559065283857974,SLOW,3583181,-1.0165415915277454,-0.4176002269550971,-0.6123754,0.21066946000000003,-0.30508232550000003,-1.079180889610669,2
-0.7096529518419279,-0.38364810271852473,-0.4661506820678543,-0.2406382717661665,-0.20775351301162004,0.47456824367691275,SLOW,3583181,-0.6416439517723244,-0.4690095059376183,-0.37998499999999996,-0.93884933,-0.45295334449999997,-0.6831957842181126,2
-0.23326862126378178,-0.17534504458171116,0.14894207191930722,1.2475278117528388,-0.875801966629464,-0.053538161492788054,SLOW,3583182,-1.3183978780425594,0.07489663208336603,0.46948544,0.18815681000000004,0.60582066,-1.0054060392747632,2
0.6284211357161682,1.9268171951337398,1.3196515401026867,-1.2449219768504334,0.920183397304427,0.7491835594262187,SLOW,3583182,0.9360391644606709,0.3010943636325979,0.84921096,1.8988494200000001,1.1530618400000001,0.5931743857484196,2
-0.5839551850951371,0.24315684321788206,0.3174249740835832,0.9553724148625979,-0.7257331320094772,0.6910918713180487,SLOW,3583183,-0.9546274742942994,0.0994472064085827,-1.19481896,-1.52082338,-0.9871187000000001,0.385016364387891,2
0.03117127779388244,0.36407051549903274,-0.306527443143678,0.234114093118088,-0.2755265489024018,0.828399477321387,SLOW,3583183,-1.248256647622488,-0.15143744366511652,0.60621834,0.10921938000000003,-0.61454677,-0.924011223287183,2
-0.31787462637375297,0.28265952655347815,-0.47663898592866716,-0.021521797930600665,-0.3626633082013053,0.3372605512213835,SLOW,3583184,-1.0443834663246456,-0.4971691328210305,-0.3439911,-0.07353724000000003,-0.16754723,-1.407361964135487,2
-0.1563449134529935,0.9458564839406101,-0.7831953085434562,-1.1353637870865618,-0.5369368188744009,-0.31231028847592873,SLOW,3583185,-0.40725656394469734,-0.19695486054624228,0.15919047599999997,0.59905517,-0.30193519999999996,-1.105728293641141,2
-0.21900248225181018,-0.47623368405493194,-0.3602383678482241,-0.5236637298347847,-0.541777755669965,-0.053538161492788054,SLOW,3583185,-0.9604233415597926,-0.4136402014926228,-0.061750176000000004,-1.28455123,0.41658115999999995,-0.43942954551639946,2
-0.5009006885832328,-1.2783906322993814,-0.04931417869372531,-0.6606114819853963,-0.08188931482118458,-0.291186032753273,SLOW,3583186,-0.15340936389663673,-0.6158479245253159,-0.27781582,-0.7245755,0.30623722400000003,-0.9600887632479137,2
-0.6289674424681854,-1.9813352568934615,-2.3245277189190396,-0.18585914699268627,-0.08673024369203713,-0.0852245450767717,SLOW,3583186,1.8732991567074135,-0.8837663447455018,-0.12621212000000004,-0.6349585999999998,-2.2409162840000003,0.5471493680789234,2
-0.5835731931741749,0.03942977359647066,0.9353015319717081,-0.0032620923131936857,-0.4013907550175488,-0.12747305479303941,SLOW,3583187,-0.4370230684874124,-0.606003980554236,0.04473685999999999,1.8253246269999999,3.2106896000000003,1.9162643867492373,2
-0.4514653673962494,-0.5865377911414916,-2.18095739650781,0.2980230520927853,0.857251242736229,-0.10106773643650258,SLOW,3583187,0.9844300215357126,-0.16755889243594368,0.13019467000000007,-0.5654264569999999,-3.0692835,1.3429576210571035,2
-0.4945707802768414,-1.9835706558407007,-0.14699813008639326,0.27976335379880674,0.5474316761309929,0.3319794980972434,SLOW,3583188,0.5809014049504986,-0.35695420310350817,-0.04248117000000001,-1.26191737,2.00329875,0.5828114865081993,2
0.21665219059674318,0.7837588629884761,0.33009286367817886,0.4532305623204645,0.15531629494712873,-0.16444050273994795,SLOW,3583188,-0.8113070976633396,-0.7138252626791523,0.7009232,2.49968435,0.46989917999999997,0.8546982313325375,2
-1.381636668676479,-0.7797872330387635,0.1779921211369523,-0.19498901108544778,-0.3917088893511322,0.3953522652652107,SLOW,3583189,0.12726203072697337,-0.4333597177616845,-1.5751427999999998,-1.4123261,-0.14980793,0.3342252487599542,2
-0.11034004734379622,0.7910891714370206,-0.6886601571126351,-0.15846959955171838,0.4070446992527112,0.5801895309354107,SLOW,3583189,-0.6083903395828438,-0.30996136282073594,1.25288599,1.41894745,-0.8535881,0.28954340032838605,2
-0.06599731285029113,1.20234578495662,0.0653968053325634,-0.2588979700601451,0.0004065116445106421,0.4376007680653031,SLOW,3583190,-0.5057734268686864,-0.542085112759315,0.043700573000000006,0.3714815,0.74269008,-0.9627915942838982,2
0.5264268169644525,0.8401321105926292,0.12465688974692254,-0.9984160648274948,-0.541777755669965,0.29501204842129103,SLOW,3583191,-0.6509680467528428,-0.20499488317721698,0.5838447769999999,-0.32718179999999997,0.05836677999999999,-1.1234965215843082,2
-1.1263378892545006,-1.1148297726900838,0.4514490941569569,0.024127467084391983,0.8040010251568508,0.07320737630123417,SLOW,3583191,0.17787873831964204,-0.2258648650750398,-1.62882974,-1.7658857000000001,0.32186604,0.638987250220694,2
0.07293149992502174,1.087481240389232,0.5344685545827903,0.1884648174915971,0.3102260742873911,-0.10634880166394939,SLOW,3583192,-0.451971588961899,-0.6964460669665682,1.18190184,1.9893122,0.08176800000000001,0.5298636010663096,2
-0.3150709339312841,1.436562720888304,-0.018589024436683366,1.1836187929950528,-0.24164000718287654,0.28444989894691536,SLOW,3583192,-0.22054864954790315,-0.26937240219196484,-0.38238347,0.3153197000000001,-0.544720622,-1.058467773046555,2
-0.24988975477567982,0.44761246225836626,-0.05982184848238476,-0.6423517836914178,-0.048002796875793674,0.3108552510198067,SLOW,3583193,-1.2514795508983665,-0.5411113548629393,0.06423724000000003,-0.8933029000000001,-0.040611268000000006,-0.8974372345236689,2
-0.6724935172801203,-0.4385809062694779,-0.469015791594379,0.13368569271811687,-0.21259444188247262,-0.06410028935411595,SLOW,3583193,-0.641795028826951,-0.7788913980812942,-0.41648371,-0.80048425,-0.40302563,-0.8051573030980913,2
1.0218043224233393,0.5300587402686494,-0.49757879899656726,-0.6058323871034605,-0.7547786735357466,0.15242332877727896,SLOW,3583194,-0.2583004455729333,-0.18254017022316646,1.6697614,0.87495665,-0.02813243999999998,0.09725200886346883,2
-0.8093184856546758,-0.1108197757147313,1.1189591422705365,0.9553724148625979,0.135952571539007,-0.14331625133990172,SLOW,3583194,-0.09908156856802328,-0.48559993722491945,-1.8046049000000002,-0.57889528,1.59216976,0.6906679823808456,2
0.19521365251692926,-0.81259823324114,-0.7926088105159168,-0.49627415250227236,0.04881582016481496,0.025677794441344378,SLOW,3583195,-0.35505565822722474,-0.7496395958862605,0.98998473,-0.63390522,-1.8827524,0.43353057518491767,2
0.8170512749062604,0.11541584053617471,0.052966151907656425,-0.3319368080733761,0.4506130749398072,0.5643463024012378,SLOW,3583195,-0.705967646232156,-0.2826621317086842,0.61283231,0.838260222,0.83282851,-0.4602684161607761,2
0.3874922072390136,-0.4450218598298118,0.039221554697196355,0.6358276199891115,-0.5078912139504397,0.12601800264004492,SLOW,3583196,-0.9584143528951529,-0.3769409540372502,-0.42333829,-0.506234382,-0.013537406999999994,-1.1353227037696898,2
-0.648940883340224,-0.3123871999763456,0.49232268501303705,-1.2357922024323054,-0.009275350059550222,0.5115356501267696,SLOW,3583196,-0.6997962275000499,-0.19707126993487403,-1.0214237000000002,0.11980676000000001,0.446270947,-0.6715493177325094,2
-0.6086855648851683,-1.0224997809708263,-0.3004079764541688,0.5901783294168483,0.058497680283933526,0.4851303758608502,SLOW,3583197,-0.31015972313413337,-0.42078362521359763,0.03967235000000002,-0.6414333,-0.7807808,-0.7820317163972786,2
0.7770068911601504,0.5244339309525182,-0.8484886602515933,0.6997365640180365,0.010088373348571506,0.15770439054663812,SLOW,3583198,-0.25771458972492667,-0.5854660099714916,1.36562517,1.3973204,-0.53981875,0.2398012591585275,2
0.2733663320189454,-0.20181217033116444,-0.16962370483512246,-0.17672929784569696,-0.3432995768684721,0.27916888040365173,SLOW,3583198,-1.2047150173465047,-0.5399502402357123,-0.49634695000000006,-0.65600645,0.66863154,-0.7329103266986094,2
0.4371168095526408,-0.7728946606954776,1.5833793528212219,0.5536589776662079,0.2714986353958591,0.11545588774654571,SLOW,3583199,0.44553869732894613,-0.5850993580350947,0.16137908,-0.51584965,1.72657776,0.020677707014424652,2
0.03188736805170941,-0.15211411049359364,0.3580991082695644,-0.2862875324468852,0.058497680283933526,0.23163930718898107,SLOW,3583199,-1.2141047291128289,-0.7063130850089325,-0.39936099999999997,0.56074111,-1.20681,-0.40167249028494195,2
0.020105160779733965,0.5370835523129295,1.5731834568045857,-0.377586083699867,-0.3094130668477927,0.10489374691738917,SLOW,3583200,0.20906782727331577,-0.617608150324213,-0.011611579999999996,0.62254119,1.1967678,-0.44221526245611165,2
-0.8569652960309292,-0.12169866928485916,-0.18966592735190155,0.15194540595786768,0.005247442496541074,0.009834600488047773,SLOW,3583200,-0.7114458838507259,-0.8959216488978664,-0.86436892,-0.59506741,-1.73627566,0.24155020822656584,2
-0.5042376334674573,-0.12385097143882376,0.1862611509909655,0.3619320260132548,-0.3917088893511322,-0.30174817358242956,SLOW,3583201,-1.0889737446010714,-0.5243060028371983,0.34761954,-0.0019441400000000109,0.37026024,-1.288410740243043,2
-1.2250780216118011,-1.3876620297980087,-0.15725598001501437,0.5445290986276741,0.37799912602759583,-0.40208836449069185,SLOW,3583201,0.4015235939368268,-0.45955849710161584,-0.71040134,-1.1415802499999999,-0.33833885,-0.40455771734915225,2
0.060995667893885434,0.5574299117462648,0.26947526569417923,0.024127467084391983,0.39736284151100604,-0.4284937079183641,SLOW,3583202,-1.0997711571554005,-0.514161382288527,1.26744906,1.7569703399999999,0.42029857000000004,0.4206585217543838,2
0.3674686810425881,1.2917755812410108,-0.5217042127718698,0.8640739383384772,-0.16418513732452403,-0.4813043601928322,SLOW,3583202,-0.20082213124970366,-0.397887709210209,0.30203474,0.66332266,-0.779253,-0.7259656276899289,2
0.008577090867766129,-0.09628309548173859,0.29341382273461275,-0.8066891281203139,0.576477328603223,-0.0693813533366512,SLOW,3583203,-1.313360873508575,-0.3260103995519577,-0.35369420300000004,-1.2538111299999999,0.8028306999999999,-0.259933809904932,2
0.7777966583913106,0.30519022679248803,1.0149630741230775,0.6266977708421222,-0.7983471046958228,-0.9777243394169759,SLOW,3583203,-0.15675295520689525,0.17032129398136148,0.7580799029999999,0.36264441000000003,0.7106724,-0.6921818091264968,2
1.2437970714142186,0.5373653905973927,0.20364353834905202,0.2523737764662944,-0.18354886073264576,-1.099188803338332,SLOW,3583204,-0.1077357618320304,-0.05969258721353192,0.45925189999999994,0.2097201,-0.79908946,-0.8484578530871518,2
0.020141327538589774,-0.5596702929528203,-0.04914473139393996,-0.7884294148805632,-0.12545769050828057,-0.7506386401084362,SLOW,3583205,-1.023288547002233,-0.2723091641342842,-1.205935037,-0.99093473,-0.24897766300000002,-0.20931222958795193,2
0.24834493782384592,0.3355488309459772,-0.5044690040286856,-2.45006266208391,0.2908623667286923,-0.7242332880355449,SLOW,3583205,-0.9908081610938502,0.40073617105863063,0.22489881700000003,0.80863707,-0.44846057699999997,-0.8420134958383452,2
0.1591860184347492,1.8848594034238697,-1.0411909122111138,-0.3501964914215825,0.6394093643007489,-0.7876060292678547,SLOW,3583206,0.590426357319741,-0.10630672933803968,-0.08786774000000003,1.39946738,-0.5286312000000001,-0.29181785539123517,2
-0.6846876499631191,1.122997314659374,-0.3001339557838047,0.03325731922053572,1.2106392088026956,-0.06410028935411595,SLOW,3583206,-0.32004251871087264,0.16038387698650797,-0.83165288,-0.6881778,0.72988604,-0.4884817376697922,2
-0.10945365074794043,-0.8083602525012799,1.0680765222857393,-1.199272805844348,-0.9048475715534252,-0.07466241721544381,SLOW,3583207,-0.12663996850953319,0.06883369343999288,0.56690359,-1.7445643,1.34758566,0.4904119226436077,2
0.03311391056411672,-0.6365580198814178,-0.057568683594201,0.9553724148625979,0.10690699038918013,-0.0693813533366512,SLOW,3583207,-0.938440952619683,-0.49578789529256445,0.14050293,0.15518620000000005,-1.10867689,-0.6643174831792494,2
-0.2666785361258113,0.044080778389638135,0.08259812827088864,-0.03065165096349074,-0.6047098389157598,-0.38624519647305255,SLOW,3583208,-1.432201725557205,-0.3474615189130675,-0.29545092,0.614810105,0.138053895,-1.09921655446265,2
-0.9308118755630556,-0.6285662472307211,0.73349751729138,-0.824948856305837,0.7701144834373256,0.06264524411729674,SLOW,3583208,-0.15406467353849454,-0.1536286054583135,-0.65451551,-0.607591265,0.6410875349999999,-0.6934166523763227,2
-0.5291715609899038,-0.4824254247304534,-0.8392455670727669,0.1884648174915971,0.5329088974431466,-0.11691092866075536,SLOW,3583209,-0.43194465670595406,-0.4875183491001648,0.39582385,0.13200666000000005,-1.54903508,-0.18549909065452067,2
-0.8831134375266562,0.22219718826711848,-0.7300701843731275,0.343672312773504,0.3150670110829551,0.04680205016400014,SLOW,3583209,-0.40456454814323867,-0.6431124346187516,-0.34881617,0.6364742999999999,0.10752963999999998,-1.061224830378474,2
0.07983280811584154,-0.5179885938258801,0.13340037163421273,0.215854364932565,-0.2513218886987161,-0.33871560596794364,SLOW,3583210,-1.037522850661188,-0.6385569252129705,0.949001075,-0.66859794,0.85045434,-0.351670352311817,2
-0.36631884463134157,-0.5453895344584535,-0.6028200778260127,-0.15846959955171838,-0.1448214139164023,0.0837694998399525,SLOW,3583210,-0.6738961397558885,-0.7957938296023345,-0.43969058499999997,-0.02475083,-0.72512244,-0.9458775390522729,2
0.20493710537112506,0.19849024218071443,-0.3099212321443042,3.0461086168117575,0.5910000438933775,-0.5182717839331272,SLOW,3583211,-1.2457786361107783,0.721975890018806,0.56298315,0.671934666,0.2884836,-0.8709509402939305,2
1.7279732010716642,2.2366029482595753,-1.140126801696794,-0.9892862007347333,0.019770235052632368,0.316136321434385,SLOW,3583212,1.6808959334957345,-0.40445475337202047,1.5009798300000001,1.840994504,-0.8176908,0.727800687522248,2
-1.5410647705392482,0.6832689233738334,1.7377855179997286,0.27976335379880674,-1.2921220080170137,-0.23309433599988397,SLOW,3583212,1.0712027325300593,0.27722692541691896,-3.2216965,-1.4031017000000001,2.8345298000000003,2.7423142282650463,2
-0.5132320587079523,-0.14126649169578132,-0.5876637568652727,2.160513174824935,2.193348284692012,0.14186120523856063,SLOW,3583213,-0.8080374098465422,1.4068302506564414,1.01294787,-0.74478961,-2.29039475,0.8290586308104568,2
-0.13365166088049915,-0.005716735223896016,0.11097038524347726,0.1702051191976185,-1.0500755644743855,-0.9988485864944124,SLOW,3583213,-1.5205710316407348,0.3197633569423437,0.3740834,0.12243992,0.68810272,-1.0018595455511605,2
0.2174693951693019,1.3823175416410896,-1.2956668595154972,-0.49627415250227236,-1.1517349518916173,-0.0852245450767717,SLOW,3583214,0.3708487935859825,0.14837054416360776,0.3460362,1.25378909,-1.38543317,0.11232154452304342,2
1.295398755379015,1.2341551621412101,-0.15334611147551658,0.30715290123977457,-0.009275350059550222,-0.6186120007770468,SLOW,3583214,0.2962108758404292,-0.4899891618803903,1.06231903,-0.13383269999999992,1.12510106,-0.23689850595754536,2
0.8154755151077712,0.6525901541175603,0.6266953592978894,-0.2406382717661665,-0.9290521842088422,-0.3439966936729602,SLOW,3583215,-0.32013292344689354,-0.05585413332060494,-0.47297310000000015,-0.52531834,0.76828289,-0.7490947468894564,2
-1.197235918546154,0.5016825470634774,-0.515090922029407,-0.5693129905155034,-0.2658446911606967,-0.0693813533366512,SLOW,3583215,-0.16434319959273902,-0.6210023660266115,-1.9835638,-0.13631242000000005,-1.12457465,0.4985522701646876,2
0.29849368062191534,1.4909796069385677,-0.252679025834068,0.7545156588999723,0.8814558870904918,-0.5922066659945937,SLOW,3583216,-0.11906909050978322,0.03947470002428243,1.47406878,0.8936161599999999,0.25845622,-0.04586813595118419,2
-0.26022260275278997,-0.47320288738501914,0.9231477826834064,-1.2084027297201985,-0.05284372574664624,-0.0852245450767717,SLOW,3583216,-0.443676006881327,-0.3950442714963925,-0.55062508,-1.77421453,1.15810204,0.40285542075034303,2
0.8663251074511009,0.7885900680379034,-0.24219266120583285,0.4988797931096387,-0.20775351301162004,-0.924913721723384,SLOW,3583217,-0.3771905683255738,-0.17177208200251062,1.1102333,1.1397573300000001,-1.14777375,0.174284790948781,2
-0.1466102137240914,0.30332567468525795,0.261418292445495,-0.08543076751679624,-0.15934420052896,-0.5235528543477055,SLOW,3583218,-1.304355119913757,-0.5708048693210273,-0.9982662200000001,-0.43833153999999996,0.49601937,-0.5943789536332087,2
-0.6596892386002192,0.021877942936295636,1.0334763488185175,-0.5693129905155034,-0.2755265489024018,-0.7083900595013719,SLOW,3583218,-0.2910424533215654,-0.3150283039683225,-0.5056487300000001,-0.25422722,0.76041982,-0.8457416716259164,2
2.0969742917558736,1.3167340673275427,-0.20817925281259214,-0.4232353144890413,0.1214297849264493,-0.349277729506662,SLOW,3583219,1.1434391501508319,-0.6682867527430862,2.71674215,1.16962276,-1.22293851,1.4204410463698873,2
-0.622178364571203,-0.23931626840256617,0.41454637136564576,0.7088664430565703,-0.5950279653246316,-0.7770439057291364,SLOW,3583219,-0.8057451744434687,-0.0659732958482854,-2.6797745,-1.4055552999999998,0.61333847,1.30664663430418,2
-0.04435702406216016,0.43093579050744957,-0.33030429255445176,0.05151702648197765,0.2037256074297888,-0.21725113340136826,SLOW,3583220,-1.1861108551388224,-0.7767513310962587,0.569453462,0.6054279300000001,-0.7336225599999999,-0.6840897263446567,2
-0.2106138296745849,-0.2626227822678866,0.9960682173440372,-1.4275191092479418,-0.44980006750020884,-0.291186032753273,SLOW,3583220,-0.46411419643746166,-0.13471560066375313,-0.163849112,-0.62648033,1.30637837,-0.3325555426111382,2
0.2470436326149064,-0.6917116620724243,-0.5641880266157001,-0.6788712251166915,0.6006819333339284,-0.1961268863239316,SLOW,3583221,-0.6063665635600051,-0.33301136141855425,0.45102977,-0.3875891,-1.53673647,-0.14169748288192735,2
0.4870566673248129,0.9733749291513629,0.6966083488220125,-0.22237855852641567,-0.29489026438581206,-0.4443368845812225,SLOW,3583221,-0.3037333394069221,-0.5506811628065316,0.23653722000000005,1.504046,1.2417907499999998,0.1771282862607972,2
-0.09743665329748263,-1.611926502875204,-0.06512119239337952,-1.0531952194925194,-0.29004932759024804,-0.30702923535178867,SLOW,3583222,0.11218633865066963,-0.36710151905485106,-0.57602882,-2.3352613,-0.750247,0.7352590438550637,2
0.12230186036509977,-0.7549196928830536,0.7610486920222155,0.01499761494824824,0.1214297849264493,-0.30702923535178867,SLOW,3583222,-0.4261499025517507,-0.7709093894979774,0.21655631,0.7741205,0.81371595,-0.6486863625959095,2
0.29636355258749514,-0.8123107267501545,-0.0286086858395122,0.10629614527714898,0.179520947226103,-0.30174817358242956,SLOW,3583223,-0.676256298011739,-0.7365904431128315,0.17154097000000001,-0.05184040000000001,-0.7777538439999999,-0.9964217447039598,2
0.18996141073441095,-0.0864809729486814,0.03048485200148805,1.9322667219636191,1.1815935563304658,-0.5869256301608919,SLOW,3583223,-1.3913729448066103,0.5838842799171954,-0.10486125000000002,0.65563037,0.058202744,-1.128829339107033,2
0.21444464136599561,1.0757275720636863,1.7572990711954561,-0.5967025379564713,0.2763395801161346,-0.13803518092532346,SLOW,3583224,0.6416253039392684,-0.6120781686249641,0.02412867000000002,1.04980433,1.7007837,0.21143938851862057,2
-1.8584569729271554,-0.9266742107175421,-0.4850609917892154,0.343672312773504,0.21340746517149392,0.04680205016400014,SLOW,3583225,0.7492180118674133,-0.7174492847173838,-2.04288232,-1.8087374,-2.20855805,1.7319784107228182,2
-0.12142128939532945,0.15370473501273896,-0.33666873203786013,-0.3136770798878531,-0.6724828748065416,0.08905057025453078,SLOW,3583225,-1.3158133218174717,-0.3140799354694184,1.711880324,0.975888966,0.14615535000000002,0.18838771334728885,2
-1.1289097341327643,-0.22557870565277752,0.27536718222383816,0.35280216192049335,0.915342428810017,0.3531037451746801,SLOW,3583226,-0.3542234870555471,-0.031272101959274295,-0.9928982239999999,-0.34260064599999995,0.6028099,-0.5810584143611583,2
-0.27481848706188516,-1.5346659695898894,-0.6426712057672381,0.8275544969132034,-0.2610037543651327,0.09433163202388993,SLOW,3583226,0.19947345194368984,-0.47703926058970864,0.84172249,-1.18247752,-0.9041996000000001,-0.07904992768536895,2
-1.481865560919122,-1.9978891876175953,-0.43663295290137905,0.8184246328204419,-0.14966234278725485,0.07320737630123417,SLOW,3583227,1.1428003263789974,-0.5312211967180038,-1.18956689,-0.41842210000000013,0.20293237000000003,-0.5144625570419658,2
-0.9192033637090006,-0.5319716386292349,-0.1717829438564146,0.04238717135667947,-0.2513218886987161,-0.03241390577013229,SLOW,3583227,-0.476420467411083,-0.7515988114691194,0.5545138500000001,1.3241398000000002,0.26085758000000003,-0.33154517111675835,2
-0.7586584382585803,-0.41679238682198405,-0.04797990139464676,0.15194540595786768,-0.1932307184743509,0.8231184587781234,SLOW,3583228,-0.717125297171814,-0.1842675527202455,0.15821995,0.10403956999999997,0.12193679800000001,-1.5727447076330974,2
-0.4190003868603001,-0.20247785247606084,0.9676862794381353,-0.2862875324468852,-0.11093489597101143,0.8495237676249192,SLOW,3583228,-0.44967000565919196,-0.17048468546434886,0.33473919999999996,0.19358688000000002,1.000355722,-0.7204264907503852,2
-0.3619697520521675,0.4191940010600258,1.283379159276579,-0.4597547409685429,0.0004065116445106421,1.351224895070613,SLOW,3583229,-0.10986376938677654,0.27845937874411564,0.05620472999999998,0.5615462099999999,0.31093403,-1.1511315487472271,2
-0.274112807570432,0.23869179102493737,0.259880673919332,0.7271261861878655,0.35863538677005113,1.3089763144635487,SLOW,3583229,-1.2695489288341535,0.3245478051954256,0.08658462000000003,-0.16304475,-1.0080699599999998,-0.7683676524336825,2
-0.28388252035045436,-0.5415574947278909,-0.47694398355502365,1.2749172844649455,-0.49336838771432456,0.8759291110525914,SLOW,3583230,-0.8046716506947466,0.17460434198776145,-0.009628230000000015,-0.70478666,-0.72571754,-0.7816072094743943,2
-1.442833101635154,-0.894238895258007,-1.9120915312328837,2.452668347528592,0.5377498183892877,0.7755888942086718,SLOW,3583230,1.2603752946287239,0.5622260432408532,-1.14216692,-0.31857145,-1.4135137000000002,0.056696249750619855,2
-0.10133075276895023,1.1970279665913948,1.0111848195726099,-1.6648953365273855,-0.541777755669965,1.7261803239212092,SLOW,3583231,-0.016569133023202266,0.8824809339183053,1.322075014,1.8890078,2.87921,1.9113238195715971,2
2.4661371247558708,2.66511858639668,4.727909855551565,1.8227084425251143,0.05365674903566752,0.44816290889445964,SLOW,3583232,5.191108682517638,0.05079144109013007,2.5302863859999998,1.3261026999999999,3.660698,2.8718223709813286,2
1.037893116718602,3.7056839543060462,2.102564912793164,0.37106189010601637,-0.03348000233852451,0.622438025090284,SLOW,3583232,3.094526024588028,-0.3587248689068878,-1.4075604999999998,0.9399260000000003,-2.5857697,1.3095663739918546,2
0.5704136341435749,1.965112240500038,1.6156595543303058,-0.27715766835412364,-0.05768466254221027,0.26860675686493346,SLOW,3583233,1.1667498108897865,-0.6754953333940222,-0.46070955,-1.5722305,-0.4795655999999997,-0.08204723625034574,2
0.43321414200015373,1.5312436898284196,1.6114050201975347,-0.7336503199986273,-0.12061675371271657,0.3266984536183225,SLOW,3583233,0.8127783304373547,-0.4855521706201489,-0.13521260000000002,-0.39190649999999994,-0.0041904000000001496,-1.3822436454779914,2
1.6388986433898107,-0.8100532970783463,-0.3810852195889963,0.4167111208951906,-0.09641210143374226,0.2052339637613088,SLOW,3583234,0.526348346203657,-0.6606375319375541,1.18822405,-2.114856,-1.96245484,1.3395037515775632,2
-0.08843528044320975,0.061160809458912856,-0.2785541147408626,-0.15846959955171838,-0.13998047712083825,-0.06410028935411595,SLOW,3583234,-1.3978464689728471,-0.8487404149548847,-1.702319063,0.786953723,0.10098552,0.0900191305763044,2
0.1484342740948624,1.5642292198663907,0.24566260647554394,0.44410069822770293,-0.0915711725628897,0.0837694998399525,SLOW,3583235,-0.07471158096852794,-0.7159811022242433,0.23343926299999998,1.3576975770000002,0.51631452,-0.31934466678336887,2
0.40553934177658346,0.5965542644379278,-0.6094517760483884,-0.12195018203968008,0.37315818923203176,0.009834600488047773,SLOW,3583235,-0.6774136390408961,-0.6463313342595748,0.25338172999999997,-0.8740852600000001,-0.84222413,-0.5519317259208737,2
-0.6013618342679122,0.5120326036075025,-0.14474883351031478,-1.016675822904562,0.0004065116445106421,0.23163930718898107,SLOW,3583236,-0.8972275729302982,-0.4313801327564234,-0.99231946,-0.07634705999999997,0.45769786999999995,-0.6973294152566525,2
-0.270781413065551,-0.39941487233258727,-1.6990957687654946,-0.06717106324450876,0.23761212537517967,0.025677794441344378,SLOW,3583236,0.3568217056410942,-0.7724119568636888,0.32579303000000004,-0.8232958800000001,-1.53091624,-0.020248043780510476,2
-0.17532514691908185,-0.21788552127964603,-0.445411290209817,0.5993081935096098,-0.19807165526991494,0.12073694951590486,SLOW,3583237,-1.0931283921294739,-0.5940609447907965,0.09407389000000002,0.16397255,1.23478606,-0.5426912554735016,2
0.8799045620541258,0.9521165641451595,2.025701652792265,-0.5236637298347847,-0.48368657752088823,0.19467184886780958,SLOW,3583237,1.0756654062515396,-0.4157480088202442,1.0399481099999999,1.0568441100000001,2.43386264,1.0676100380841456,2
-0.84973316189326,0.15997343266251685,-0.9995291603783756,0.3619320260132548,0.571636360108813,0.3319794980972434,SLOW,3583238,-0.2103395953186935,-0.32672684495139237,-1.7045895,-0.71553018,-2.97962757,1.7281307564017674,2
0.4024276185009676,-0.7373473670065998,-0.03283034439591352,-1.0714547683287758,-0.2706856200315493,0.316136321434385,SLOW,3583239,-0.6929164748745746,-0.3131089487936733,1.23402727,-0.81053548,0.9521265059999999,-0.032040516084652124,2
0.19218261775418305,-0.5265802000035149,0.3721951969689101,-1.0258055973226903,0.3102260742873911,0.3372605512213835,SLOW,3583239,-0.8795944708712046,-0.3138040931415318,-0.20720028,0.19038259999999996,0.398920064,-1.3082270974196728,2
-0.05785506464569194,-0.017948143686474672,0.2149684230826644,-0.8432085695455878,-0.01411628051534508,0.09433163202388993,SLOW,3583240,-1.4369250324772709,-0.5621461919321987,-0.246416693,0.45943917500000003,-0.15485669000000002,-1.2522076855215645,2
0.39563954515161776,0.6240142230567717,-0.41272441843022434,0.38019170936146124,0.1214297849264493,-0.259499662137118,SLOW,3583240,-0.8067054398359798,-0.7201394348219369,0.446927203,0.579874305,-0.61823081,-0.8353677488643749,2
-0.14122575723801523,0.270194132975758,-0.7590853680165747,0.6906067298168195,-0.3384586400729081,-0.01657071700396716,SLOW,3583241,-0.8056232141900536,-0.506678569206027,-0.52909054,-0.31960001000000005,-0.34113979999999994,-1.0890879554320825,2
-0.7402616196754225,-0.5198858488277721,0.9920934708141128,0.17933495339883557,-0.2271172284950303,-0.07466241721544381,SLOW,3583241,-0.1418663144101085,-0.7567437137902704,-0.5903607599999999,-0.71366657,1.7247810399999999,0.17009274124967744,2
-0.7863372769665723,0.30012882834810256,-0.987559404664802,0.234114093118088,-0.2658446911606967,-0.14331625133990172,SLOW,3583242,-0.25099516911055464,-0.7032092304936242,-0.045408400000000015,0.7407060999999999,-1.94981099,0.299384375840202,2
-0.08709146359021608,-0.5776657637310243,1.1618099888771094,-0.7519100332383782,-0.40623169181311286,-0.03769496926853528,SLOW,3583242,-0.1674835326047225,-0.456438924521917,0.689119493,-0.79289777,2.11696915,0.5780668834430777,2
-0.7004757496670364,0.1697461458388816,-0.15486822629410815,1.1653590947010741,0.6248865856129027,-0.2119700802772282,SLOW,3583243,-0.9190966328247888,-0.14249379362836834,-0.6045013929999999,0.675125185,-1.29683021,-0.20779701116275517,2
0.11602131694994468,-0.397522189536347,-0.0974759436884583,-0.2588979700601451,0.33927169506077526,0.04152098839464097,SLOW,3583243,-1.161996625145332,-0.6537130539530374,0.80467274,-0.512404385,0.05652713400000001,-0.8379725337467449,2
0.5233859802520795,0.4361633161140888,0.3606873035064337,0.08803643203739817,-0.028639073467671947,-0.45489900811994083,SLOW,3583244,-0.838444997725902,-0.6587887755339198,0.4014652999999999,0.7530547400000001,0.45125675600000004,-0.8282078426591458,2
-0.4314590098320894,-0.4842967078329288,0.4517172971295878,-0.4232353144890413,0.1746800342046734,0.067926314531875,SLOW,3583244,-0.7833081300714958,-0.7221590149847746,-0.94101714,-0.83143677,0.08965777999999996,-0.532902524297507,2
0.23655775854843658,0.2931885522901591,-0.3247551429976888,-0.22237855852641567,-0.3094130668477927,-0.10634880166394939,SLOW,3583245,-1.1751233170333584,-0.68106640359208,0.6583427,0.70228996,-0.76476766,-0.562553028609236,2
0.18106073312600893,0.6039644259599987,-0.875376576828655,0.4988797931096387,-0.30457212212751716,-0.4443368845812225,SLOW,3583246,-0.5243967762108249,-0.4817260169131541,-0.054693329999999984,0.28071886,-0.5423212,-1.1825446853954098,2
1.2651548702464341,1.4139190107817556,0.18241033259111117,1.0831904374323982,0.4118856360482752,-0.6397362997257982,SLOW,3583246,0.40078438371296454,-0.1495590526172123,1.06839453,0.73161898,1.04184151,-0.12742615463960758,2
-0.7725655884756806,-1.9908287278682333,0.3705578450311725,-0.021521797930600665,-0.4159135257806836,-0.6238930711916252,SLOW,3583247,0.7214812435757114,-0.3636052660300161,-2.00821065,-3.075454,0.18531131999999997,1.9003421639214186,2
0.04199075807034639,-0.6765819346613181,-0.005706188069504514,0.8732037725396944,-0.14966234278725485,-0.9777243394169759,SLOW,3583247,-0.896361938194847,-0.06227095560022127,0.802760125,1.1871380400000002,-0.3705921154,-0.31026407286863206,2
-0.48131878790813876,-0.256598286896921,0.2863802972466473,0.8092948285107693,0.014929304200601937,-0.5710824275623761,SLOW,3583248,-0.9978340416646155,-0.3885183564001209,-0.515731095,0.37936448999999994,0.2876834854,-1.093231785413733,2
-0.40500084870184183,-0.27037569315310384,-0.7791082286667271,-0.9071175285202852,-0.44011820975850374,0.23163930718898107,SLOW,3583248,-0.6469908142213887,-0.32272692749979026,0.07521272000000001,-0.012444909999999976,-1.04942703,-0.740846482315335,2
-1.8266024630903734,-0.25837317727636927,0.7101525177154747,0.04238717135667947,-0.08188931482118458,0.6805297477793304,SLOW,3583249,0.5791309547871346,-0.33419618673461454,-1.4010143,0.01084168000000002,1.46681118,0.24120348793998939,2
-0.8554090082213984,1.7010696889594166,-0.23441648071195947,-0.29541736664810225,0.668455016772979,-0.15915944529319834,SLOW,3583249,0.294358685611457,-0.3486427185758356,0.9571288499999999,1.7699333,-0.93033028,0.43072153203672053,2
-1.051003818205255,-0.7638585874173389,-0.7298784643272391,0.7819052810698014,0.05365674903566752,0.4428818384798814,SLOW,3583250,0.004614898726122747,-0.3907159945395947,-0.19276225000000002,-2.2265301600000003,-0.48799324000000005,0.5018433113513778,2
-1.2132538871598488,-0.2566443410749148,-1.0409885619217234,-0.021521797930600665,-0.13998047712083825,0.9023343853185108,SLOW,3583250,0.15723957512092762,-0.1304961656952729,-0.15990040000000005,0.45815849,-0.30642033,-1.2219824519750366,2
-1.356699534719165,0.6563089625662668,1.2408072169574902,-0.6971308785733534,-0.4982093562087345,0.5854705927047698,SLOW,3583251,0.5073382689172984,-0.16882856003013513,-0.1413682999999999,0.82465607,2.2473993,0.6130784570183426,2
-0.5310803334020588,1.0361888424772374,1.334462200471239,-0.16759944122582157,-0.5853460758840807,1.1452632699351277,SLOW,3583252,0.2556151442658749,0.22227285362800767,0.81366277,0.3431394,0.09224319999999997,-0.9061558443093498,2
-2.755545405554901,0.2340818342320501,0.8374248695954575,-0.17672929784569696,0.36347632356561516,1.0871716336982726,SLOW,3583252,1.6379036829606468,0.08132391651086503,-2.19225087,-0.72453039,-0.48954484,0.5749642030967742,2
-1.6623252373071695,1.6083640678508968,1.050626373470985,0.005867759822950055,-0.55630058190608,1.1716687084602104,SLOW,3583253,1.0979591137173559,0.22810008446079022,1.0773884,1.24136709,0.20998764000000003,-0.13237077541037198,2
-2.1012919544349953,0.0001548846317049768,0.2443593000406278,1.019281418674612,-0.038320933586790513,1.2191982211583474,SLOW,3583253,0.7295569140531828,0.26149360794164794,-0.4326097000000002,-1.45266955,-0.79411316,-0.07796524484339358,2
-0.5600015742987177,-0.7785348029530802,0.47220588834294275,0.6358276199891115,0.0439748912939624,1.0713284916162906,SLOW,3583254,-0.47233081397044924,0.0644092020560086,1.51896976,-0.7033779,0.22441195999999997,-0.10034627193009463,2
0.07573845968403285,1.4242903895245345,0.9732857881236175,-0.17672929784569696,-0.648278270075836,0.4006333443250081,SLOW,3583254,0.14104065396869986,-0.23976672275204483,0.62653339,1.98977665,0.49352647,0.35713980020126007,2
2.1288893788589824,0.21090326462996878,-0.8529117350167716,1.2383978878769883,0.3441125843080705,-0.23309433599988397,SLOW,3583255,1.029795794698341,-0.26672421309233413,2.02341765,-1.09603312,-1.79866887,1.138841791178998,2
0.32694086635851893,-0.01563161742631339,-0.057672287348490864,1.0831904374323982,0.2569758487833014,0.07848842942537425,SLOW,3583255,-1.2715162348871432,-0.37604931109773143,-1.7758530999999997,-0.204625324,0.783251768,0.16399264962894194,2
1.6141873804456355,0.16770146764918792,0.0664318884887483,0.35280216192049335,0.36347632356561516,0.0837694998399525,SLOW,3583256,0.23595481030523902,-0.5921867321095577,1.2686049,0.165601834,0.122233392,-0.506455704452488,2
0.45678556808364096,-0.07917474330714087,-0.47347661539999647,-0.27715766835412364,0.5958409648395185,-0.06410028935411595,SLOW,3583256,-0.8996487847663693,-0.4247539392465934,-1.14064058,-0.22299932,-0.53176976,-0.5135804527955875,2
0.9545471796299067,0.08057380574968874,-0.05896105563090437,-0.9071175285202852,0.5087042451641723,0.2105150341758871,SLOW,3583257,-0.5454074439676203,-0.29851854441293046,0.49055314000000005,0.14429830105,0.40826702699999995,-1.1410823191307924,2
1.3395062095965562,-0.5721166006163911,-0.49541278789082843,-0.17672929784569696,0.5910000438933775,-0.03241390577013229,SLOW,3583257,0.14481335116602972,-0.4379080229562222,0.37938413999999987,-0.5895647710499999,-0.429872527,-0.9720289271197359,2
-0.12774573661550018,-1.4363659836338645,-1.376972586607352,0.7545156588999723,-0.06252558348835138,-0.09578667293809959,SLOW,3583258,0.5828817374478593,-0.6014870868039566,-1.446003534,-0.7806626,-0.8682709,0.07033173498770678,2
-0.6476019431093738,-1.4283978358908214,-0.4893291310091807,-1.254051900726284,-0.788665215255272,-0.28062390921455466,SLOW,3583259,0.14929803980183404,0.012595253817038765,-0.512327766,0.007197499999999968,0.87426285,-0.7799260555002212,2
1.042816211873798,-1.172496356675037,-1.59845274542843,-0.20411884528666485,0.2037256074297888,-0.17500263060127583,SLOW,3583259,0.9227633881242358,-0.7798180800638285,1.6659378999999999,0.23115170000000007,-1.09240435,0.21816972739676693,2
0.9147720552371051,-0.4411351971871766,0.08359254338471765,0.215854364932565,-0.1448214139164023,-0.10634880166394939,SLOW,3583260,-0.45556008182543467,-0.8125913266133872,-0.12618985000000005,0.6606268,1.65668963,-0.0006436082206494711,2
0.4681107569175315,-0.1886621636844206,-0.8092688794275359,0.6540872883915456,0.4070446992527112,-0.01657071700396716,SLOW,3583260,-0.5649269885707637,-0.486523721559942,-0.44019284999999997,0.22805483999999998,-0.8794021599999999,-0.7837752108046817,2
0.3365044642288428,-1.389655755017939,1.1917284893919593,-0.46888457516976007,-0.5756642181423757,-0.16444050273994795,SLOW,3583261,0.45402819706042485,-0.3890603611909108,-0.1297004,-1.08483824,1.9708337299999998,0.46753917142450174,2
0.11993018428630546,-0.9209784381127234,-1.0795218239541249,-0.14020988631196757,0.1214297849264493,0.2263582367744028,SLOW,3583261,-0.04624575244399919,-0.7193163914664511,-0.21343789999999999,0.4233487,-2.2370128,0.5010240837359706,2
0.28344105184227136,1.0353692330989694,0.37382575651610067,0.16107525510485698,0.09722512472276354,0.04680205016400014,SLOW,3583262,-0.5323700705154376,-0.8464706768054188,0.16114293999999998,1.76713746,1.43143938,0.4941410310560606,2
0.43785723218645645,0.1887119482564827,0.130443265320324,0.3619320260132548,-0.2222763154736007,-0.3281534910744445,SLOW,3583262,-1.1222114510402268,-0.6301649603146988,0.15217996,-0.76477194,-0.23971366999999996,-0.978668262672492,2
-0.13865121936034064,0.40909171820775064,-0.2829975057593811,-0.40497561619506267,-0.31425400364335676,-0.0905056094396966,SLOW,3583263,-1.2281880335714255,-0.6376524785053213,-0.5681595859999999,0.19906551,-0.40720844,-1.068170223346377,2
-0.9726523498883958,0.08584839579249791,0.9417201887428909,0.7453858246987553,0.24729397519217333,0.27388780998907347,SLOW,3583263,-0.15192605861941755,-0.4581048874916804,-0.821923314,-0.2919805064,1.20625593,-0.30185907485957925,2
-0.4874802975023086,-0.8252169673042911,-0.3029642098891815,-0.2406382717661665,-0.55630058190608,0.04152098839464097,SLOW,3583264,-0.5558232327027466,-0.4386670755614263,0.47814589999999996,-0.8229507236,-1.22592165,-0.23804210509423718,2
-0.20923414945641433,0.19260998052431005,0.5999129836770853,0.04238717135667947,0.0004065116445106421,-0.23309433599988397,SLOW,3583264,-0.967893360109957,-0.8596966542943295,0.27421665,0.9193867499999999,0.88926695,-0.48336039774543454,2
-1.1062198442581024,0.4713687571678052,0.43453340190183654,-0.16759944122582157,-0.17386700299094063,-0.23309433599988397,SLOW,3583265,-0.29665801661991026,-0.7673364841996159,-0.88399575,0.25179833,-0.1628866,-0.8602678285844725,2
-0.21720355052776058,0.023037162022691127,-0.2867863499411502,-0.17672929784569696,0.09238420377662244,-0.11162986343330855,SLOW,3583266,-1.3283760823344148,-0.8918489935654215,0.87614176,-0.404970736,-0.7104463599999999,-0.5936843853256099,2
-0.6472000225868928,-0.1562610235247574,0.8129799190259908,-1.3544803160720273,-0.20291257621605602,-0.011289652641042263,SLOW,3583266,-0.4905225489867078,-0.2902431174224298,-0.42376936,-0.16195717399999998,1.0831880600000001,-0.61795665618082,2
1.223272032422448,1.5231381545015055,-0.24242504421755218,-0.5236637298347847,-0.3094130668477927,0.5062545797121913,SLOW,3583267,0.45433746076923376,-0.3565495367132058,1.8433842999999999,1.51697433,-1.03949547,0.8200230912172608,2
-0.14860050669867034,-0.17850814737691342,-0.22474345662474193,0.7545156588999723,0.7120233369870946,-0.0693813533366512,SLOW,3583267,-1.3218354942179624,-0.2167356353724857,-1.35200539,-1.5370698,0.017415050000000015,0.26003934556498937,2
-0.15364579137499015,0.11587873816444888,-0.6154182870374628,0.234114093118088,0.5474316761309929,-0.07994348157836872,SLOW,3583268,-0.992857955895272,-0.470013171911353,-0.004972219999999999,0.26591495,-0.38478567999999996,-1.328767908223885,2
0.33493500568368506,0.9190922201773698,-1.468295922155296,-0.012391945346083759,0.5038633242180313,-0.28590497962913297,SLOW,3583268,0.27403665297095364,-0.49160175943442314,0.48150528,0.72552985,-0.8400211000000001,-0.582190935332287,2
-1.4514340587590058,-0.9526303897177287,-0.4522279059344842,-0.7792995507878017,0.1214297849264493,-0.28062390921455466,SLOW,3583269,0.3507833971670224,-0.5633088726870508,-1.76049927,-1.6906970000000001,1.0007515,0.8544689047411191,2
0.05372192113155839,1.0112398772063484,0.4350243018763485,0.215854364932565,-0.2513218886987161,-0.38624519647305255,SLOW,3583269,-0.5826433604990956,-0.6097027479584355,1.48335865,1.7739325,0.8738775000000001,0.6874406264625949,2
-0.15222594954540886,-0.007037128434267702,0.45212396740009664,-0.5054040165950339,-0.17870792393708174,-0.06410028935411595,SLOW,3583270,-1.1551398772070127,-0.7011242912014314,-0.20296538,-0.9197932799999999,0.016841899999999965,-0.8516242667825107,2
-0.1915196520955163,1.2335254598228713,0.014795968024966173,1.2657875100468172,-0.2513218886987161,-0.1961268863239316,SLOW,3583270,-0.4626311504268809,-0.28789222694134564,-0.03872466000000001,1.1205802800000002,-0.430735585,-0.5910126304198451,2
-0.1799102980449613,-0.921401616226621,-0.8435582375706683,-0.6149622063589054,0.1746800342046734,0.1735475758547156,SLOW,3583271,-0.2475683977397017,-0.6032810034796894,0.011441229999999997,-1.9465110500000002,-0.845415115,0.3355483130257255,2
0.4046280141349379,0.0508373525238939,-1.110089205903743,0.47149026061444305,0.37799912602759583,-0.23309433599988397,SLOW,3583271,-0.319651154493665,-0.5461743236408155,0.57607316,0.8782078600000001,-0.2625131999999999,-0.7102577224524309,2
-0.5697588367762637,0.7996144529559147,1.1382722742564015,-0.03065165096349074,-0.05284372574664624,-0.18556475413999418,SLOW,3583272,-0.04186271010468002,-0.8896685105668436,-0.9602759999999999,0.67635834,2.2144690000000002,0.7223175201251968,2
0.34073109331935697,-0.41311241444452784,-0.2281111015212447,0.13368569271811687,0.05365674903566752,-0.06410028935411595,SLOW,3583273,-0.9762304318500342,-0.9189224440343806,0.89730442,-1.09543672,-1.3457861000000002,0.165864848098909,2
0.4778715099444272,0.7503657645459756,0.5046758503592372,-0.2862875324468852,0.29570329559954484,0.5220978082463644,SLOW,3583273,-0.5971581903122604,-0.39849711803117127,0.13515438000000002,1.05095117,0.7217407,-0.509609522250845,2
0.06972349228086701,1.0253386109904812,-0.8034408661954897,-0.5054040165950339,0.5329088974431466,0.5062545797121913,SLOW,3583274,-0.3293004335514185,-0.2452060741996479,-0.40223731000000007,0.24837856000000003,-1.28839777,-0.41873921943689374,2
1.0856794475993774,1.2928770067623105,0.8230857574878405,0.37106189010601637,-0.07704837802562053,-0.19084582455457247,SLOW,3583274,0.38722170578979387,-0.7642215779411506,1.0012431099999999,0.2416631399999999,1.60200787,0.11659535674683996,2
0.08877449460562721,-1.1642017335211674,-1.5243907119625428,1.0831904374323982,0.949228930905985,-0.24893752130796146,SLOW,3583275,0.5223357659388826,0.08118359488238072,-0.9824679999999999,-2.2194398,-2.3120899,1.572825958299629,2
0.24976380554663205,0.09674340544653749,0.21911165947974556,-0.6971308785733534,-0.41107259690983095,-0.042976034495982085,SLOW,3583275,-1.2860702620694882,-0.4719071392302476,0.15865790000000002,1.138991511,1.71722029,0.2797274516637988,2
0.9415473591578133,1.2146310690579503,-0.3679903333175016,-0.6971308785733534,-0.3432995768684721,0.2580446073905578,SLOW,3583276,0.01820499638543967,-0.44046677857836525,0.6817652999999999,1.009769989,-0.5782518400000001,-0.4426370041311974,2
-0.6151731668759798,-0.676799219601579,-0.40092702089591264,0.4532305623204645,0.2811805010622757,0.4376007680653031,SLOW,3583276,-0.5618118405079389,-0.431519630599785,-1.53417645,-1.7084986299999998,-0.03244018999999998,0.5108377909965622,2
-0.4853287695592312,0.04197851919259315,-0.3376873469467098,0.1884648174915971,-0.34814052158874764,0.030958864855922648,SLOW,3583277,-1.0681418825028255,-0.6339751330285308,0.12796402,0.649260398,0.062286379999999975,-1.1306741102762579,2
-0.49055912437969473,0.8156522115528939,-0.11634365933385098,-1.4001296365358347,-0.07704837802562053,-0.18028369669324454,SLOW,3583277,-0.7582916344496587,-0.2871795978334769,-0.005154610000000004,0.698847032,0.21800708600000002,-1.062867845405071,2
0.4988759921244641,0.2060983525307182,-1.6339514638334864,0.3893215734542227,0.09722512472276354,-0.4443368845812225,SLOW,3583278,0.30316845573454476,-0.603903553234859,0.9751063400000001,-0.55060022,-1.494730926,0.07949951429475964,2
-0.25082817476256714,2.4301906890922162,2.799493017579945,0.8184246328204419,-0.28036746192383144,0.27916888040365173,SLOW,3583279,2.4602149776470212,-0.4053421970747917,-0.7388471200000001,2.00898692,4.3666134,3.09273200772064,2
-0.46267373444333554,-2.3060075802271687,1.2224643104434838,-0.3136770798878531,0.8378875668763761,0.37422802683299317,SLOW,3583279,1.2823848716117896,-0.09923734365346472,-0.20877766,-4.2781319,-1.5532560999999998,2.784015348267636,2
-1.6683089927051056,-1.0895660669671843,-1.0843060427129616,-0.27715766835412364,-0.5466186845408175,0.15770439054663812,SLOW,3583280,0.9056330323931265,-0.41679299315248913,-1.1881755200000002,1.0987921,-2.2719974,1.006778087458232,2
-1.4644350359829186,-1.0612710885335896,-0.5616860104684618,0.7910351152710184,0.6587731194077165,0.23163930718898107,SLOW,3583280,0.463498285700708,-0.20470449751530415,0.20092149999999998,0.025558400000000203,0.5147419,-1.2428581972286292,2
0.17312338625639248,-0.44925872242736975,0.7169507462663293,0.24324395721084954,0.04881582016481496,0.47984931409149106,SLOW,3583281,-0.6612020941288971,-0.4999809907925428,1.61384367,0.5528209499999999,1.2593622,0.3337303130465228,2
-1.6013382373094638,-0.9131090854380496,-0.7512762510280309,0.13368569271811687,-1.4518727796258204,-0.03241390577013229,SLOW,3583281,0.5838422952440148,0.4176476136990555,-1.74876427,-0.41898859,-1.4460945,0.5220247561145982,2
-0.3138500737085155,-0.47845347329280286,0.01925872598663631,0.04238717135667947,0.15531629494712873,0.38479011579083505,SLOW,3583282,-1.0355047102306205,-0.5800446339512652,1.2688430499999999,0.39261744,0.7589197000000001,-0.2604627062119235,2
-0.22028526928469494,-0.3966548543019896,0.8582552733949949,0.1702051191976185,-0.34814052158874764,0.3266984536183225,SLOW,3583282,-0.5570654167856061,-0.5038295208530473,0.09220982,0.07388738000000006,0.82634926,-0.9595809173597154,2
-0.5569285007395908,0.5423078895533999,0.3888145826085981,0.6723470016312965,0.7749554202328895,0.10489374691738917,SLOW,3583283,-0.8060833805280763,-0.16817035697091046,-0.33176804,0.84814998,-0.4623642,-0.771846596342753,2
0.8266270085237413,0.14400077762431857,-1.0654557882832083,-0.27715766835412364,0.12627071379730187,-0.2278132742305248,SLOW,3583283,-0.10700288053242907,-0.7867473739725623,1.36351917,-0.359784423,-1.43234826,0.2227099392476741,2
0.760844054601506,1.2851715671067176,2.505454492019458,0.7910351152710184,0.48934052968076214,-0.006008584820029723,SLOW,3583284,1.6523635844286906,-0.37907625064003414,-0.06483030000000001,1.0308012629999999,3.5170813,1.8881428511693827,2
-0.36438708938698716,-0.05144365178607422,-0.5018982517319655,0.38019170936146124,0.7943191674151456,-0.28590497962913297,SLOW,3583284,-1.011361916011417,-0.19457909302036397,-1.1089358,-1.20734308,-2.962019,1.6062790865590892,2
-0.16508108471757652,-0.29975843584462186,0.4445240032445403,-0.06717106324450876,0.07302047244378924,-0.15915944529319834,SLOW,3583285,-1.0315904803389018,-0.9069187120914324,0.19641970000000003,-0.22429875999999999,0.9321556,-0.8148023092487718,2
0.6341159060981927,0.34975622380631405,-0.32267431598266666,-0.23150840767340497,-0.7112103057733621,-0.38624519647305255,SLOW,3583286,-0.7963961068598331,-0.2447222210307864,0.7876232000000001,0.58669617,-0.7556333399999999,-0.5527531551728844,2
0.9071656510042148,-0.5861460760020792,-0.9289451862293182,-0.23150840767340497,-0.20291257621605602,0.1312990644094041,SLOW,3583286,-0.0035472368005827694,-0.7164823124724011,0.26909549999999993,-0.8453855299999999,-0.59713176,-0.7235179422925376,2
1.5486983835427455,0.33587336898152753,2.9105283984539527,-0.3319368080733761,0.6926596215036844,0.19467184886780958,SLOW,3583287,2.2091196591250797,-0.28699868970328457,0.6322422000000001,0.83284537,3.7815962,2.147579092197686,2
-0.023425687155497532,-0.330299252910515,0.04626572159701882,-1.4001296365358347,0.22308932291319905,0.3953522652652107,SLOW,3583287,-1.2717306036464504,-0.16125850871732156,-1.549356924,-0.60174304,-2.821085916,1.4945241283662256,2
-0.7768591163797447,0.3943410631785404,0.8042412902966699,-0.8158189922130755,-0.5950279653246316,0.19467184886780958,SLOW,3583288,-0.3849337240422919,-0.2549074216998175,-0.742522376,0.65455597,0.746549616,-0.5521140726956101,2
-0.9795352261522,-0.4131986553211077,-0.6851850421803473,0.39845143754698426,0.35379444204977567,-0.15915944529319834,SLOW,3583288,-0.2555709113875662,-0.6027276652161275,-0.19974099999999995,-0.72943767,-1.4669742700000001,-0.1390204551285596,2
0.12778018624661827,-0.2552385040795055,-0.3896689432322545,-1.0623250686395087,-0.038320933586790513,-0.20668901850786905,SLOW,3583289,-1.1101154602626222,-0.4578276920943466,1.09127952,0.14268287000000002,0.2910614000000001,-0.6541197771994096,2
0.2572706479474956,0.7770040103505371,0.9623375815503856,0.04238717135667947,0.905660571068312,0.052083116255968856,SLOW,3583289,-0.3072181041058176,-0.1301196084723846,0.12761520999999998,0.9324081,1.33162597,-0.15897714447954536,2
0.37804030694787355,-0.2740401886697822,-0.5053801387487,0.14281555681087837,0.2714986353958591,0.0996126937932491,SLOW,3583290,-0.8640930481776777,-0.7025398017104014,0.11902070000000003,-0.9493913599999999,-1.4455929,-0.055410792498424156,2
-0.9125379263463891,0.8622462419351121,-0.6750249762776729,-0.11282032392522746,0.010088373348571506,0.08905057025453078,SLOW,3583290,-0.1759890834386135,-0.8625057705546442,-1.27188837,1.0263893,-0.16708755999999997,-0.14662502707516256,2
-0.5363855726824039,0.0549440622503979,0.44305901963911476,0.17933495339883557,-0.1690260661953766,0.025677794441344378,SLOW,3583291,-0.9307479067929989,-0.7902557466525912,0.37070500000000006,-0.729223105,1.10122966,-0.4193111802202674,2
0.4101394900883308,-0.32278727401464385,-0.5907457660020455,0.09716628118438747,0.2763395801161346,-0.058819225855712955,SLOW,3583291,-0.7491411925030579,-0.7436291569428665,0.9328177,-0.34119865499999996,-1.0182209,-0.36838996681264286,2
0.6730459826992058,-0.42243576172861896,0.9213051462247865,-1.0075458990287116,0.7168642737826587,0.5220978082463644,SLOW,3583292,-0.23538681491115987,-0.004430855967014967,0.25909914,-0.09001088000000002,1.4892577999999999,-0.27597733207455516,2
-0.7441255766297459,0.5933079541422924,0.054301396792413796,-0.46888457516976007,-0.3578223793304528,0.5960326730173926,SLOW,3583293,-0.7216002049853415,-0.27950086661546897,-1.3966484000000001,0.917505,-0.853934273,0.08848167963305974,2
0.05813022113937871,0.36442848709649195,-0.0630403785773226,-0.2406382717661665,0.07786140923935328,0.37950906266669504,SLOW,3583293,-1.3879181853289624,-0.589546425344042,0.79063771,-0.20674315,-0.11557293,-0.9690383375836569,2
-0.2966894575301508,0.4233992567637923,-0.5510766822499203,0.681476865724058,0.5232270238520186,0.34254162163596175,SLOW,3583294,-0.9234548746404184,-0.2906956571172336,-0.34968126,0.05326734999999999,-0.480679497,-1.1989568600524414,2
0.8674810170739098,0.8418144165753076,-0.8879321432294962,-0.706260742666115,-0.5659823604006704,0.6805297477793304,SLOW,3583294,-0.018092529927136,-0.06806926084274664,1.14731122,0.37794769999999994,-0.3317776,-0.5391487417998951,2
-0.3625025275874713,1.5563258358111511,1.5153515816480267,-0.6514816477841793,0.09722512472276354,0.025677794441344378,SLOW,3583295,0.711379014044805,-0.6648957395412409,-1.2121712,0.6454067000000001,2.3670559,0.9535831375850827,2
0.7885847896787768,1.4227165765573222,1.5098702544662326,-0.2862875324468852,0.3295898135449357,0.19467184886780958,SLOW,3583295,0.7825419790658557,-0.5973898945966071,1.13441753,-0.12068710000000005,-0.0053986999999999785,-0.6516783872994594,2
0.7349889264591666,-0.18829323207825607,-0.17457447422853825,0.04238717135667947,0.09238420377662244,-0.09578667293809959,SLOW,3583296,-0.7409978328493266,-0.9203270289860241,-0.052819700000000025,-1.45519931,-1.6590529,0.4213031500039462,2
0.09806453081763031,-0.24929798008836762,-1.0184104120702215,0.3619320260132548,0.765273554566473,-0.058819225855712955,SLOW,3583296,-0.4673206228392152,-0.24776863457470397,-0.6277006,-0.05510461,-0.8311157,-0.7501183872585377,2
0.31819932330083817,1.158296070777107,0.8339681519900324,0.2523737764662944,-1.0791209792052714,-0.5024285813346115,SLOW,3583297,-0.13307668527241256,0.12894804548098004,0.21694685000000002,1.27145712,1.82445525,0.44835679504118553,2
0.27337588029492765,1.7287013100984459,0.4456685159751883,-0.06717106324450876,-0.0915711725628897,-0.14331625133990172,SLOW,3583297,0.17562615993650732,-0.8893012524481608,-0.04417431999999999,0.5152378999999999,-0.38244628999999997,-1.1522929430427076,2
0.19416758358222572,0.9282809143444081,1.0303730690416908,-0.07630091538065249,0.4457721302195317,-0.2278132742305248,SLOW,3583298,-0.1669752008092243,-0.5619661808560541,-0.07806122000000001,-0.7230068999999999,0.57589054,-0.866159760684253,2
-0.7077472945421284,1.2857255457285472,-0.847068218077154,0.7545156588999723,0.3247488688246602,-0.12219199129463644,SLOW,3583298,0.09341809079064459,-0.5024850149394727,-0.88885355,0.3228739999999999,-1.84914017,0.2899986935593702,2
0.003691716983519988,1.2445327404848727,0.9862906269933761,-0.09456061815836275,-0.41107259690983095,-0.07466241721544381,SLOW,3583299,-0.0006164611182165262,-0.5984627469448757,0.7011361119999999,-0.03720879999999993,1.8057222400000001,0.14966275586706262,2
-1.0049045185304297,1.5721198725983865,0.22486221509223533,0.16107525510485698,0.9298652550461322,0.316136321434385,SLOW,3583300,0.27079159936942654,-0.04536474190649419,-0.9939899719999999,0.29590420000000006,-0.7499504100000001,-0.511837381602332,2
-0.4760095811719923,1.4998740414779437,0.16394639156632593,-0.5967025379564713,0.15047537400098765,0.1788286462692939,SLOW,3583300,-0.09103076510950893,-0.6165468258879446,0.5212356,-0.06525850000000011,-0.059997560000000005,-1.267440127333184,2
0.9285510901167441,1.1141284534736435,1.4762847768305045,0.3254126144795254,-2.2845128624009203,-0.8879462461117744,SLOW,3583301,0.6498518288528772,1.35072827666557,1.38422014,-0.3484377999999999,1.2925558000000001,0.13783147016820774,2
-0.1965738863780171,-0.26749854694866615,-0.8948310392725386,0.37106189010601637,-0.13029862730384462,-0.03241390577013229,SLOW,3583301,-0.5953686622076936,-0.7628921716242936,-1.10883117,-1.2480015,-2.3353729000000003,1.0885151884489817,2
-0.341760374396773,0.7263015708869298,-1.2978367693924917,1.4757740404275712,0.8911377765310429,-0.31759135024528795,SLOW,3583302,-0.011327983874986418,0.16777325800300624,-0.14308393000000003,0.8976837,-0.39693069999999997,-0.8014997365857981,2
1.2315044524754462,0.5545345874263785,-0.6605570828820164,-0.43236517858180284,-0.2222763154736007,-0.0693813533366512,SLOW,3583302,0.04152224689850111,-0.7010433407512859,1.5504811600000001,-0.15515436,0.62767314,-0.1094038058704589,2
-0.8315235544598061,-1.4537715845294081,0.41074009439677767,-0.770169746478129,-0.5224140401865547,0.1312990644094041,SLOW,3583303,0.24593495182303038,-0.3395621697175042,-2.0331517,-1.81407074,1.05514812,1.1400777857715287,2
0.4036286414447296,1.2506410079627805,-1.7958734243818475,-0.46888457516976007,-0.16418513732452403,0.36366589464905574,SLOW,3583303,0.7923536645302857,-0.5299506862498057,1.2172649999999998,2.4428525,-2.17335036,1.7104323333048475,2
-1.2911265211051886,-1.6863199421660848,-0.4700102016316829,0.20672452325846177,0.09238420377662244,0.2527635283307604,SLOW,3583304,0.7539723448266815,-0.6895390550677378,-1.6702121,-2.6529097,1.30587676,1.6169418476150954,2
-0.35367298006901104,0.9140235593433774,0.8875164045251549,0.5993081935096098,-0.55630058190608,0.19995290199194968,SLOW,3583304,-0.28515205562991075,-0.3277498247792877,0.92387755,2.34884856,1.33706284,1.0740054731921733,2
0.7772109766806922,-1.0589977170309375,-1.554786202773206,-0.770169746478129,0.024611166300898372,0.0996126937932491,SLOW,3583305,0.6826238768590803,-0.5963668891225186,1.11450675,-1.78219846,-2.4054866,1.4142179933651384,2
0.14798139561065715,0.6101937627865941,0.8134601582978503,0.8549440742457157,0.135952571539007,-0.19084582455457247,SLOW,3583306,-0.5744217159810052,-0.5276676060343749,-0.62011722,1.5077538799999999,2.3325467,1.0634670250699152,2
-1.3379673595778654,-1.7544316358614709,-1.6116681585581962,-0.5967025379564713,0.7943191674151456,0.24220140479204208,SLOW,3583306,1.4187863037696573,-0.14483284296976448,-1.46442958,-2.13592818,-2.3885712,1.7447631754897721,2
-0.6442698586121796,-0.47290316989443576,-0.2499117104865402,0.3254126144795254,-1.1517349518916173,-0.645017318269062,SLOW,3583307,-0.7486693783696412,0.24689755820137135,0.68365153,1.1575840999999998,1.34122892,0.11103002274338274,2
-0.20229534322745193,-0.10936932373439048,-0.8395379850699937,-0.6514816477841793,-0.23679910208615837,0.34254162163596175,SLOW,3583307,-0.7022747800793543,-0.464508318661512,0.43557394,0.32837429000000007,-0.58073807,-0.9978117381372557,2
-1.6073235147492675,-0.4511119049094075,0.37452388024407257,-0.41410548028782423,-0.13998047712083825,0.5326599317850828,SLOW,3583308,0.26632667595138443,-0.4182440239553684,-1.38468087,-0.30869059,1.19576073,0.06714101207344857,2
-0.5506796360891715,-0.42582054453827994,-0.4852623978449423,0.6449574242987842,0.10690699038918013,-0.011289652641042263,SLOW,3583308,-0.7325282539025086,-0.6487239178348124,1.0413418,0.022845280000000023,-0.8468256000000001,-0.44891206747907514,2
-0.26159745302476767,0.25112848930713827,1.1246497238158197,-0.07630091538065249,0.5183861029058775,0.3266984536183225,SLOW,3583309,-0.34803293480245284,-0.40140236613112906,0.28489576000000005,0.6114771999999999,1.58564382,-0.06586183829378367,2
-0.9153772041277204,-0.6186589528969567,0.330606049597759,0.2980230520927853,0.23761212537517967,0.3055741806052285,SLOW,3583309,-0.3810539220090635,-0.5762392275692116,-0.6443118600000001,-0.7856650399999999,-0.78207402,-0.5094634315102552,2
0.14809704035175073,0.09513259636105124,1.2178911735971618,-0.6423517836914178,-0.5224140401865547,0.24748247520662037,SLOW,3583310,-0.25828555720915775,-0.3386082253513397,1.04807325,0.644756453,0.87390992,-0.2810464988225139,2
-0.5116854510846989,-0.011003467018975357,0.12428023189264245,-0.9984160648274948,-0.1448214139164023,0.4270386358813657,SLOW,3583310,-1.1364188796193933,-0.32292538109507574,-0.65022767,-0.09587100300000001,-1.0771255199999998,-0.5299701935287414,2
0.17379291218001938,-0.14003205152337694,-0.47194286518593875,0.2523737764662944,-0.38686795255556816,0.15242332877727896,SLOW,3583311,-1.073541777270867,-0.5533103415510097,0.67555142,-0.11654944999999999,-0.58723545,-0.8912683613696145,2
-0.0051164225087264705,-0.5820310355618876,-0.7638415135917606,-0.13108003417582384,-0.28520840664410696,-0.10106773643650258,SLOW,3583311,-0.5771381338271957,-0.7161606795827342,-0.17631840999999998,-0.39925058999999996,-0.28749848,-1.2735641455339457,2
1.1494481313141476,0.49362306591455685,-0.5075258336010987,0.8732037725396944,0.5667954312379605,0.14186120523856063,SLOW,3583312,-0.13451451506701043,-0.2723582285899076,1.1378444099999998,0.97162109,0.2524519,-0.2728760912228061,2
1.7732038207179714,0.004037074705131113,-1.2510838010236816,-0.2588979700601451,-0.10609396710015886,-0.19084582455457247,SLOW,3583313,0.8744867228939528,-0.8120300315759943,0.6147226000000001,-0.44223517,-0.73234935,-0.7395649521112999,2
1.3844332326250237,1.0809632125050537,-1.0448499699528788,-0.2588979700601451,-0.03348000233852451,0.1735475758547156,SLOW,3583313,0.6222483710119541,-0.7588907777833674,-0.3831405000000001,0.9727701,0.203125,-0.7279091475238065,2
0.012781332751798307,0.11315624432527197,-1.0764533691392957,-0.4780144392625216,-1.0888028369469767,0.015115670902626043,SLOW,3583314,-0.46008818330289986,0.08885174648641214,-1.351787946,-0.8742045049999999,-0.031127000000000127,-0.17957760496411646,2
0.7723993558718727,-0.07511742557946369,-0.5174970933832762,0.005867759822950055,0.7894781989207358,0.12073694951590486,SLOW,3583314,-0.5770050799904769,-0.23195445910598392,0.7486174059999999,-0.17006458500000002,0.5505304000000001,-0.8489928432566054,2
-0.3566951971358715,0.5608442976501459,1.743570929033366,-0.5967025379564713,-0.7547786735357466,-0.3281534910744445,SLOW,3583315,0.4411111552849024,-0.17539606531700502,-1.11274326,0.57445402,2.226984,0.7708485496059355,2
-0.4717548856294413,0.9374555487022994,0.2734141922631921,1.4849038895745605,0.38284005489844836,-0.3281534910744445,SLOW,3583315,-0.6144294475593062,-0.1194408956639652,-0.11339341999999997,0.3401869,-1.44799515,-0.2986824471280814,2
0.715704351589418,0.5448849972164942,-0.4525009722181346,-0.49627415250227236,0.5910000438933775,0.5326599317850828,SLOW,3583316,-0.571478494241272,-0.19250300555949498,1.17026272,-0.35460268,-0.7149725,-0.3743768529800621,2
0.17069957517016301,0.3039700346314005,1.3427574455007265,-1.6740251707286027,-0.9096885083489892,0.1629854609612164,SLOW,3583316,-0.09081648497565623,0.2444518060667547,-0.53711214,-0.21761462,1.7681961499999999,0.07252485322491105,2
0.908557436528705,-0.4597054595330343,-0.70572108875008,-0.2862875324468852,0.2521349119877374,0.07848842942537425,SLOW,3583317,-0.2135690423162945,-0.7084338156085117,0.72717237,-0.68981582,-2.0175991499999997,0.4669699317019456,2
-0.4292507503151369,0.13821846855480643,-0.27295170228303883,-0.4780144392625216,0.19888467063422477,0.2369203343774638,SLOW,3583317,-1.1643269365081055,-0.606231171336772,-1.31843435,0.54009509,0.42624569,-0.30328116464166405,2
0.038379465139502855,-0.3612306116199391,-1.30286892563587,0.215854364932565,-0.4352772650382282,-0.45489900811994083,SLOW,3583318,-0.11902398953793729,-0.4423505266460441,0.4608581,-0.45114434000000003,-1.01439194,-0.5901002988077766,2
0.9835303473366817,0.8199718941758297,-1.6407632467062847,1.6401113998022396,0.7604327049427351,0.19467184886780958,SLOW,3583318,0.6882080790200312,0.14297167472589725,0.93146342,1.0669612700000002,-0.3328008,-0.335719442815337,2
0.1888335675636389,-2.3445965530996533,-0.062125362346237695,0.562788752084336,-2.7782877657221117,-1.6906678944109408,SLOW,3583319,0.9171984100213273,2.085910517786401,-0.78318816,-2.8585039,1.55484102,1.5675766279243697,2
1.186125687420701,0.7252894528305043,-1.871073614768992,0.7545156588999723,1.1138206313856445,0.3108552510198067,SLOW,3583320,1.0004372537020276,0.18741754632722435,0.9828495599999999,2.77297877,-1.78167962,1.6606412110218443,2
0.5625815618364614,0.861995888766566,1.2639537345561103,-1.555337146763514,-2.68631015679947,-0.5024285813346115,SLOW,3583320,0.141767349975814,1.762793002030754,-0.6145141,0.12348473000000004,3.0877689999999998,1.370218977305213,2
-1.8282168421645144,-1.0373854655214285,0.34056761321704804,-0.21324870937942636,1.413958300625618,0.3372605512213835,SLOW,3583321,0.7445572076562945,0.40897272643446264,-2.3561754,-1.7156807,-0.90946672,1.2721290576114892,2
-0.4013030784255591,0.6254236358934049,-1.1528857336920402,0.20672452325846177,0.7071824001915307,0.38479011579083505,SLOW,3583321,-0.18906961071546088,-0.21036848559597768,1.40624952,1.50198878,-1.47094058,0.7450319484957235,2
-1.1767713553512524,-1.6803922380639176,-0.5558212025826901,-0.5601831114769696,-0.4207544625762476,-0.006008584820029723,SLOW,3583322,0.6959167948480981,-0.5042748543714045,-0.7642381199999999,-2.08280648,0.5880642,0.5095769425645839,2
0.7634792164214581,0.1436814350757232,1.4935025223274392,0.7179963071493318,-0.30457212212751716,-0.5446771014251421,SLOW,3583322,0.2892517455522836,-0.36096324310920946,1.9121522999999998,1.64765648,2.0184316,1.451855921099149,2
1.2904913879897832,0.01299931184381547,-0.44363064827538273,0.10629614527714898,-0.16418513732452403,-0.39152626688763087,SLOW,3583323,-0.06698095679613042,-0.6692641026117314,0.5193801000000001,-0.118043065,-1.90793224,0.19338101226597365,2
0.36522811365026125,2.300793615810285,-1.7394392181082525,-0.7427801990371611,0.07786140923935328,-0.27006177703061723,SLOW,3583323,1.4663651196548928,-0.5925395764191899,-0.9118638200000001,2.066527885,-1.27627516,0.8105567773793864,2
1.4303626724274348,0.5513530740306946,-3.71685335618324,-0.6788712251166915,0.058497680283933526,-0.1961268863239316,SLOW,3583324,3.0122991517492763,-0.6503818523663556,1.04970952,-1.58024157,-1.9476060000000002,0.9357631240071606,2
1.0332984781984151,0.006368383692185468,-0.37596598063452413,0.6540872883915456,-0.4013907550175488,-0.30174817358242956,SLOW,3583324,-0.3794294236944498,-0.4387401669541339,-0.39131400000000016,-0.492275926,3.29052583,1.570740611162565,2
-1.3031864705771474,-0.9160567299611085,0.7353982291968294,-0.3958457670480734,-0.06252558348835138,0.0362399179800627,SLOW,3583325,0.3159471612306761,-0.7854087376920393,-2.3026485,-0.8332118040000001,1.09461117,0.8989569498447234,2
-0.9873873995589105,0.19958350858442228,-0.9459373309520306,-1.4183891853720914,-0.2706856200315493,0.07848842942537425,SLOW,3583325,-0.14497760576360783,-0.2283142721689984,0.31122574000000003,1.007739926,-1.6559906,0.17573450702339408,2
0.7335979831311764,0.13316396163104624,-0.8390654621162443,-0.13108003417582384,0.9831154647007989,0.18410971668387216,SLOW,3583326,-0.38065947818702855,-0.033772614551773744,1.6960624599999998,-0.05999571099999999,0.10526084999999996,-0.08878953091677627,2
-0.9697928898319013,-0.3388781720477697,-1.2257054399421823,-0.36845620466133333,-0.4643228382633436,-0.18028369669324454,SLOW,3583326,0.1408469100511118,-0.5051170618547586,-1.67872275,-0.42638808500000003,-0.38081165000000006,-0.015342327102952321,2
0.21613337725883733,-0.37608577420690453,0.3210153261350171,-1.1536235451636294,-0.6966875270855158,-0.0852245450767717,SLOW,3583327,-1.0235477115074303,-0.10714801747583293,1.1687519499999999,-0.033609029999999984,1.5234050300000002,0.1325215311078138,2
0.24973793083488433,0.3544763120806154,2.0631446803000935,1.5488129083323467,0.7120233369870946,0.1312990644094041,SLOW,3583327,0.7632848414286936,0.06708518298182388,0.03311790000000003,0.65990501,1.7158679700000001,0.050338905668852296,2
-0.9439319271957366,-0.142604697687978,0.302441965688819,1.384475548957678,1.1912754140721706,-0.011289652641042263,SLOW,3583328,-0.5693340876929531,0.35297590216480695,-1.1763834,-0.4490053,-1.73416135,0.3565474209841435,2
-0.3502871573469478,0.30374755752539956,0.2788587755565114,0.04238717135667947,-0.11577582484186398,0.057364182347937574,SLOW,3583328,-1.168972352433971,-0.8407404537374257,0.58504774,0.40318283,-0.023227690000000023,-1.0841753714342404,2
0.017111737700923117,0.15535954576549788,0.611194342284726,0.12455584357112756,0.22793025970876307,-0.04825709799438507,SLOW,3583329,-0.9836346899809679,-0.7842500604715179,0.36207830700000004,-0.13403651,0.32732584000000003,-1.290124053462125,2
-0.7169934553605641,-0.7816916065109559,0.7463600205511555,-0.03065165096349074,-1.5632141832789868,-0.5129907308089872,SLOW,3583329,-0.20520194824692709,0.5741192024427195,-0.7234740470000001,-0.84642327,0.13312815,-0.671211815580257,2
-0.10964960856490971,-0.09548729921329374,-0.8058170149800802,0.9736321281023489,0.39736284151100604,-0.20668901850786905,SLOW,3583330,-0.758780952759612,-0.3597810561536063,0.59854843,0.6198373399999999,-1.52877905,-0.0339632517060977,2
-0.01523227196209091,-0.28306537943422666,-1.13166027471136,-1.3362206177780487,-0.8080289624375281,-0.12747305479303941,SLOW,3583330,-0.33930907818280387,0.03794034794849759,0.09305000599999999,-0.16943627,-0.3209314,-1.422427146292319,2
-0.2673595483920651,0.16890989717467006,0.4983501650682324,1.1744888691192021,1.2251620350388108,-0.23309433599988397,SLOW,3583331,-1.0605429929432988,0.3344551989495942,-0.248476026,0.408262015,1.60543917,-0.11425681194698137,2
-0.5658998112375911,0.48431121003353256,-0.11222851236530104,-0.18585914699268627,-0.7402559582455921,-0.5446771014251421,SLOW,3583331,-0.9547176540191354,-0.16022279475693477,-0.2942168700000001,0.284896945,-0.60137463,-1.0673885137887642,2
-0.15862333504125992,0.3656648425027408,0.973020478770278,-0.27715766835412364,-1.1614168096333226,-0.3228724206598662,SLOW,3583332,-0.5161707259394882,0.16139441505911337,0.40137839000000003,-0.10717136,1.06888962,-0.6456901135687617,2
0.6085460491896082,1.0872851226577032,0.4770094994275566,-0.03978150384692309,0.6103637910756335,0.004553538718688605,SLOW,3583333,-0.2728228513443378,-0.4217240381991064,0.75605941,0.65182802,-0.48853396,-0.6813035006624968,2
-1.151461929953145,0.23655998076603688,0.6393438768728084,-0.9618965785649042,-0.2658446911606967,-0.053538161492788054,SLOW,3583363,-0.19566522831003486,-0.45595170187468137,-1.7345199400000002,-0.76844637,0.1598873,0.1158861693399119,2
-1.0453565355294967,0.7487316161773051,0.6207453165561502,-0.7610398973311397,-0.7112103057733621,-0.43905584010230153,SLOW,3583363,-0.1480778121896643,-0.14494545670042783,0.10456880000000002,0.46263642000000005,-0.018318200000000062,-1.32182199289247,2
0.09192612581900929,0.9197955427562035,0.8391174236668336,0.47149026061444305,1.0944569159022342,0.067926314531875,SLOW,3583364,-0.3629970940073068,0.08410368782643513,1.12081279,0.15451930000000003,0.2150803,-0.6407699688793287,2
0.4504601447272858,0.15964242490061573,-0.8754327231959569,-0.40497561619506267,-0.40623169181311286,-0.31231028847592873,SLOW,3583364,-0.5431555745550884,-0.5097383387644235,0.35334181,-0.6866341140000001,-1.6887045,0.06864903291580861,2
-0.14343716230816053,0.08467734808903048,-0.8092601681105114,0.4167111208951906,0.1214297849264493,-0.053538161492788054,SLOW,3583365,-0.7696660579408519,-0.7581510095028081,-0.58529662,-0.067714751,0.06517505000000001,-1.202983753049112,2
0.11099394163293257,-0.1031793433026913,0.06987214799988828,-0.6058323871034605,-0.17386700299094063,0.18410971668387216,SLOW,3583365,-1.438302903854233,-0.5939005358723437,0.25074649,-0.169687935,0.8658800099999999,-0.8765560138632136,2
1.3637903875927078,0.769072617384162,-0.6052213757158122,-0.7610398973311397,-0.7741424207180028,-0.0693813533366512,SLOW,3583366,0.22706446799050684,-0.15627517194529889,1.23465373,0.7878912,-0.66491696,-0.18122662275883428,2
0.7455327192921681,0.4986241289574841,0.08547776173564574,-0.6606114819853963,0.13111164266815445,0.5009735179428322,SLOW,3583367,-0.6837524869162246,-0.3929981340129682,-0.6093042000000001,-0.24429177999999996,0.6802873300000001,-0.8483077290818588,2
-0.31277654713852204,-0.5984536122422961,0.2170153490632523,0.4897499589084217,-0.5272549294338499,-0.1961268863239316,SLOW,3583367,-0.8769171299784104,-0.41242381390438915,-1.04298307,-0.99097272,0.12955475,-0.346184114929429,2
-0.5536583126116753,-0.4479254207623007,-0.05741956879263607,-0.3867159029553119,-0.44011820975850374,-0.15915944529319834,SLOW,3583368,-0.8871170371844963,-0.526573233344557,-0.23739337,0.13596970000000003,-0.270298003,-1.412436266840996,2
0.7665003376181738,-0.28282700478024514,-0.256467859862787,-0.17672929784569696,-0.44980006750020884,0.015115670902626043,SLOW,3583368,-0.6499914370052535,-0.5493087807169765,1.30104041,0.14913074999999998,-0.196047777,-0.4672644212270292,2
-0.6204817952362165,0.4929809533237347,-0.31130585435783187,-0.23150840767340497,-0.55630058190608,0.04152098839464097,SLOW,3583369,-0.8311436628622785,-0.4395735071174732,-1.36689617,0.70077488,-0.054011350000000014,-0.2531354700606453,2
-0.9503038032698881,-0.11933108599020516,0.021233996815825683,0.4806200798698879,-0.01895721255608223,-0.20140794809329077,SLOW,3583369,-0.6265850180799285,-0.7229224516309665,-0.32504559999999993,-0.55309164,0.327527045,-1.074713080708803,2
-0.031375245367017,1.2991588630649644,1.8135043261882808,-0.5967025379564713,0.5474316761309929,0.030958864855922648,SLOW,3583370,0.7989269875577759,-0.40230824886560607,0.9056208415,1.28129921,1.765253105,0.5765477131775476,2
-0.7259833753571312,0.9113354566830318,0.11647112505714872,0.8092948285107693,1.4720495263229636,0.43231971494116306,SLOW,3583370,-0.5048360746957633,0.5445150182234105,-0.6845489715,-0.35031466,-1.67145161,0.05151586359485994,2
-0.18896326101568078,-0.29795146253059995,-0.9715529180501685,0.01499761494824824,0.135952571539007,0.606594796556111,SLOW,3583371,-0.5015528927340192,-0.3944609470630493,0.52924311,-1.0923294700000001,-1.0716228399999999,-0.17050499971415925,2
-1.1217047938097944,-0.14786308845044577,0.08717417396607695,0.4167111208951906,0.34895352110363453,0.6646865192451574,SLOW,3583371,-0.4177950845220571,-0.2420973357448388,-0.91923378,0.13557241999999997,1.04276752,-0.3942977542804599,2
-1.0876335821971683,-0.3571316790713294,-0.35367641092729435,-0.359326355514344,0.24729397519217333,0.8336805823168418,SLOW,3583372,-0.3375635538403372,-0.1538626325310989,0.03357779999999999,-0.18902895999999997,-0.43420506999999997,-1.3217257725878473,2
-0.8030632487223046,-0.28274006644856586,0.048974941191616765,0.6997365640180365,-0.28036746192383144,0.5326599317850828,SLOW,3583372,-0.7379002033539783,-0.297225048440656,0.28044925,0.06719674999999997,0.39658166399999994,-1.306037895582024,2
-0.09195143561038803,1.5087846392624809,-1.3944934006511158,-0.2406382717661665,-0.13029862730384462,0.47456824367691275,SLOW,3583373,0.5279008902284752,-0.49393575930825995,0.700813652,1.61825552,-1.421709064,0.47939747960274265,2
-0.6032109832266439,0.07684161961399286,-0.48013637665297315,0.6906067298168195,0.6055228225812236,0.15242332877727896,SLOW,3583374,-0.8560953337998272,-0.29476957035659135,-0.503855602,-1.2934511528,0.9005737300000001,-0.13478061578172867,2
0.045651760888582874,1.1633194081003524,0.4375476394288913,-0.12195018203968008,-0.3094130668477927,0.004553538718688605,SLOW,3583374,-0.4346231082878393,-0.6884396964310077,0.6394660600000001,0.9813979528,0.9038505699999999,-0.310962332119285,2
1.137484679296589,1.5585552565718235,-0.16479590918506318,-0.14933973545895685,0.13111164266815445,-0.11162986343330855,SLOW,3583375,0.40480310362522937,-0.8708135786153834,1.07602124,0.35701019999999994,-0.59326364,-0.5121365848776868,2
0.8066845564241253,-0.22571628143881825,-0.7655601711550595,0.2615036405590559,0.2521349119877374,-0.1538783748786201,SLOW,3583375,-0.34028344193662724,-0.722274855379903,-0.32600955,-1.61170385,-0.59170816,-0.04132572325124454,2
0.31908777972668795,0.2688340401782984,-0.21030751487789182,-0.03978150384692309,0.04881582016481496,-0.01657071700396716,SLOW,3583376,-1.1942837249739353,-0.9503074641875028,-0.48053551000000005,0.44671937000000006,0.54688261,-0.9400810051117163,2
0.8440713333062102,0.4476564130003459,0.7959103065306719,-0.16759944122582157,-0.009275350059550222,-0.02713284227172931,SLOW,3583376,-0.25617381865876493,-0.9256206081025601,0.51738086,0.16152737999999997,0.99104979,-0.6629962519414894,2
0.5227624098459057,0.16765886753454362,-0.024864384104034343,-1.7927132245852357,-1.1953034305999626,-0.12747305479303941,SLOW,3583377,-1.0497950617423868,0.47961652596388726,-0.31665580000000004,-0.25291728999999996,-0.8084020850000001,-0.8896243717828721,2
-0.19664199267811536,1.352329961459063,0.2578424694088187,0.8184246328204419,1.6560049026624757,0.067926314531875,SLOW,3583377,-0.29966255504580025,0.656881043355263,-0.70898615,1.07009439,0.278445245,-0.47797589692738596,2
-0.872833901602692,-0.12840134563893152,0.26926418378166417,-0.2406382717661665,-1.3405312967255396,-0.30702923535178867,SLOW,3583378,-0.6625470404270992,0.32818580752366544,-0.66639945,-1.3375208299999999,0.011249540000000002,-0.29602055728481624,2
0.05914121614128732,-0.3093294018304408,-1.4330208754449345,-0.9162474075588188,-0.48368657752088823,0.12073694951590486,SLOW,3583378,0.014833699647422767,-0.32269858727285883,0.918478464,-0.16342941000000002,-1.6766243,0.13082024099034642,2
-0.24227622738684945,-0.42728827790608426,-0.9797580547596191,-0.09456061815836275,-0.7983471046958228,-0.006008584820029723,SLOW,3583379,-0.4289796887965774,-0.21958266744340235,-0.297052384,-0.10655035999999996,0.4464302000000001,-1.2493418440182897,2
-0.352652795993001,0.025006846076051137,-0.04159609598339176,0.8549440742457157,0.6248865856129027,-0.15915944529319834,SLOW,3583379,-1.3472880272788579,-0.25419639407755107,-0.10877812,0.408550928,0.924019822,-0.7771046438999133,2
-0.3136646382743236,-0.8684659698175157,-0.10478057490609119,0.3345424486807425,1.002479227732478,0.04680205016400014,SLOW,3583380,-0.6394121500773158,-0.02003312084658543,0.038423540000000034,-0.807059658,-0.062232016999999994,-0.9841139626208768,2
-0.3440954098543434,-0.027762349905897314,0.056470324869459326,1.1836187929950528,1.2784122922417462,0.07320737630123417,SLOW,3583381,-1.3377980275613932,0.38055527840035835,-0.02999008000000003,0.75939409,0.158820155,-1.018279704933103,2
0.09335769751791623,-0.2015534366307092,-1.7515586094748634,0.1884648174915971,-0.6385963727105736,-0.5552392249638605,SLOW,3583381,0.3629513075882687,-0.23532423474274933,0.43111801000000005,-0.15698270000000003,-1.78077416,0.05058197225320669,2
0.30126645532058216,-0.07950153976872738,-0.7470042536490105,0.6723470016312965,-0.3529814425348887,-0.28062390921455466,SLOW,3583382,-0.7460490281608727,-0.4715505300823749,0.20489787,0.11024752000000002,0.9894113999999999,-0.7768505489805287,2
1.19370545592091,0.6092446703155818,-0.20176349981375083,0.5353992345349126,0.28602143785783973,-0.3439966936729602,SLOW,3583382,-0.14014770354585532,-0.545461346841238,0.8795149,0.6221334000000001,0.5370216299999999,-0.5883958438650196,2
0.14475234320094765,-0.1643674334382249,0.17047446775892167,-0.11282032392522746,0.23761212537517967,-0.1697215688319167,SLOW,3583383,-1.3180838684935523,-0.7669249582783965,-1.03376241,-0.6987914000000001,0.36662673999999995,-0.4910238961840242,2
-0.7283559037793713,0.8933997456290613,-0.025245882932623597,-0.11282032392522746,0.0633386107397284,-0.5024285813346115,SLOW,3583383,-0.5260697380413634,-0.6169781029580437,-0.86046409,0.95546412,-0.192770003,-0.491379328333943,2
0.8547767162508125,-0.6096020445315622,0.22144808953216866,-1.3636102399478776,0.26181675388001957,-0.33871560596794364,SLOW,3583384,-0.3990996320551314,-0.23719827937499227,1.5602060500000001,-1.3576374,0.242975233,0.2955206478086931,2
1.2923033280983272,-0.6770235123049816,-1.670332279235143,1.0010216605975444,0.9831154647007989,-0.8509788569523558,SLOW,3583384,0.9225112906765089,0.28160415723134585,0.43119045,-0.06090073000000007,-1.8632631000000002,0.1255708191591757,2
1.1272474256957041,0.4130659280714375,-0.17553982623632713,-1.646635638233407,0.29570329559954484,-0.5235528543477055,SLOW,3583385,-0.2835335976086449,-0.037629891360748784,-0.16266559999999997,0.9846603,1.4722595,-0.010066273741393642,2
-0.9561086680136627,-0.7696907955244644,-0.41919053055778493,0.1884648174915971,0.45545401173537126,-0.6502984232645165,SLOW,3583385,-0.22242086758177362,-0.3245473330321763,-2.0531854000000003,-1.0683651699999999,-0.23997784,0.5414834058118985,2
-0.2679788672279556,1.0066668412508675,-0.5689897086207863,-0.36845620466133333,0.6297275065590439,-0.053538161492788054,SLOW,3583386,-0.4927224144094763,-0.38067034201111943,0.6781644600000001,1.60455535,-0.14754106,-0.040668700666224966,2
-0.09090161433513377,0.9109164965118782,0.08070128975406958,-0.06717106324450876,-1.0065070857660403,-0.44961793770536257,SLOW,3583387,-0.8165058049156534,0.037682580936927515,0.17451286,-0.08648975000000003,0.63989736,-1.126441934691718,2
-0.5430465250949792,-0.08714653331570331,-0.2679651129287114,-0.3501964914215825,-0.4546409963710614,-0.3439966936729602,SLOW,3583387,-1.0307127494434107,-0.468213065352946,-0.44559705,-0.9015343199999999,-0.34341049999999995,-0.7303139670415602,2
-0.10308892116770413,-0.5337058109157359,-0.10876500744585403,0.47149026061444305,1.2929350392307468,-0.1538783748786201,SLOW,3583388,-1.0423805016758736,0.2684820204686168,0.433586237,-0.40336983,0.156800275,-1.1830503675135178,2
0.46295542861419053,0.10634551224900998,-0.5436529750448816,0.04238717135667947,-0.3723451500935875,-0.15915944529319834,SLOW,3583388,-0.85415369807557,-0.6276992300090776,0.557847023,0.57814809,-0.42833233500000006,-0.883435240842419,2
0.8952723143820195,0.1860692466018949,-0.21903646775042446,0.47149026061444305,1.2493666397695162,-0.0905056094396966,SLOW,3583389,-0.5836410826468023,0.22476941218567234,0.42605617000000007,0.07201317,0.31972314,-1.2585831645575152,2
-0.35222580236748924,-0.7359064690540494,-0.06019366333174569,0.6266977708421222,0.3102260742873911,-0.10634880166394939,SLOW,3583389,-0.7628149388076237,-0.5636887746935115,-1.2294321300000002,-0.83280587,0.15644836,-0.2972434115411008,2
-0.07149148420234502,0.060807252862940114,-0.6830471042582593,-0.4597547409685429,0.1214297849264493,-0.14859730878665137,SLOW,3583390,-0.9251464949168606,-0.7506548304724499,0.276668787,0.719658721,-0.61346436,-0.8081496577417641,2
-0.33872897434397853,-0.4846366895171092,1.6287815593987378,-0.359326355514344,0.2521349119877374,-0.23309433599988397,SLOW,3583390,0.3342047846932445,-0.6831172714974241,-0.263367417,-0.492690761,2.2769794599999997,0.5591799517878142,2
-0.46027326133240787,0.29780434335030675,0.7999044149272229,0.22498422902532653,0.16499816061354533,-0.20140794809329077,SLOW,3583391,-0.6225959449249852,-0.7796854683898885,-0.11978411,0.7067664300000001,-0.8163824,-0.7063968541628967,2
-0.7287208488314175,-0.25845880926357656,0.8017547575509028,-0.770169746478129,2.5854636421017414,0.3583848242344775,SLOW,3583391,-0.4154603956561094,1.5588606280207509,-0.26455999,-0.50246358,0.001822450000000031,-1.2280668534284047,2
0.791476121291977,1.2625623976336644,0.0850904533317635,0.03325731922053572,-1.2437126400613734,-0.33343455284380363,SLOW,3583392,-0.10618290361477623,0.23497822850949765,1.49818182,1.37391405,-0.70586109,0.3653609818364133,2
-1.0757839789112995,-0.5824712957903634,0.6508343375481858,-0.012391945346083759,0.3925218967907305,0.1471422756531389,SLOW,3583392,-0.10587859539525263,-0.5908844060555551,-1.8402188599999998,-1.6665893299999999,0.55721569,0.7603462869915706,2
0.39655266880266704,0.6615871034858358,-0.18494270811833602,-0.377586083699867,0.5329088974431466,0.15770439054663812,SLOW,3583393,-0.8828616659937416,-0.4325641966477275,1.4510146,1.12373799,-0.82317829,0.22411127920703913,2
0.3327420984957029,0.8178778682701726,0.3341005467027738,-2.039219226282808,0.905660571068312,0.2105150341758871,SLOW,3583394,-0.7256266120121654,0.37167587953658315,-0.06288648000000002,0.14117493999999997,0.5112190400000001,-1.2620590531984317,2
-0.17563577537034947,0.44434842774663275,-0.23360700848304713,-1.6101161519708165,0.5038633242180313,0.47456824367691275,SLOW,3583394,-1.2220302888520003,0.05718381392800574,-0.50101566,-0.33740315,-0.55914976,-0.9712973310660398,2
0.4766387575012004,0.7565014431163624,-0.25252700421424656,-0.15846959955171838,0.5038633242180313,-0.02713284227172931,SLOW,3583395,-0.7271289406733144,-0.5228764866528687,0.6428284400000001,0.28196281,-0.018634789999999984,-1.092930217948826,2
-0.2907403539520651,0.1653333241763112,0.26012371763370357,0.14281555681087837,0.5619545023671079,0.030958864855922648,SLOW,3583395,-1.2800201286025148,-0.4585587129809879,-0.7562661,-0.533992676,0.5049228699999999,-0.7384948953567101,2
-0.22781339997781214,-1.344685289400025,-0.6514204951992113,0.3254126144795254,0.2811805010622757,-0.06410028935411595,SLOW,3583396,0.011108781716706786,-0.6906682608346009,0.06201566,-1.3639755839999999,-0.89780332,-0.1554558544656704,2
-1.1231270912002553,0.06061231194850742,-0.19092951505465036,-0.1036904702945065,-1.5728960410206918,-0.17500263060127583,SLOW,3583396,-0.4266487422714082,0.5364597244657926,-0.8823479599999999,1.2693827739999999,0.45354940000000005,-0.1786268132467069,2
-1.4236392404607094,-2.0024340486012027,-0.5247426450174202,-0.6788712251166915,-0.9193703660906944,-0.11162986343330855,SLOW,3583397,1.1268584321445876,-0.042399750519783765,-0.2961602000000001,-1.863516674,-0.32878113000000003,0.127441180550658,2
-0.5541431336812067,0.08441406963829877,-0.5605986695631804,0.10629614527714898,-1.0403936274855656,-0.9037894746459476,SLOW,3583397,-0.8326637656189276,0.2585777749072861,0.8569042600000001,1.8850164198000001,-0.035315519999999934,0.2839819851071844,2
-0.2424248902895222,-0.2791670261156392,-0.5399106013736262,0.5445290986276741,0.005247442496541074,-0.0693813533366512,SLOW,3583398,-0.9464318212557564,-0.7169369435103125,0.30720400999999997,-0.3284169698,0.020376210000000006,-1.346465095518121,2
0.28107796007960983,1.00001664008999,-0.8134382497756903,0.11542599442413828,-0.6095507598619009,-0.12747305479303941,SLOW,3583398,-0.29576542811499124,-0.4000141661640677,0.5159216,1.15546608,-0.26940441000000004,-0.4978226825059085,2
-0.49844166759513486,0.7978773580004258,-0.11796551365584722,0.35280216192049335,-0.7499377367401826,-0.28590497962913297,SLOW,3583399,-0.7685855268437946,-0.22026261296287086,-0.7682308,-0.18258916999999997,0.68498897,-0.7477438466272732,2
-0.09179890367728803,0.06031109216178128,-0.2587181311316794,0.12455584357112756,-0.5756642181423757,-0.09578667293809959,SLOW,3583399,-1.4199822350387654,-0.4339631548088663,0.400753855,-0.666231773,-0.13863087000000002,-1.004865315119705,2
0.6050783406150728,-0.1432096016027816,0.5370306260216363,-0.9345071058527975,0.20856653630064137,0.057364182347937574,SLOW,3583400,-0.695145074361442,-0.4893690134365742,0.686785225,-0.18383697699999998,0.7837534,-0.7348258492169963,2
-0.19798284053477283,-0.6092737424526183,0.5216728685460192,-0.49627415250227236,-0.6966875270855158,-0.07994348157836872,SLOW,3583401,-0.7304179496435305,-0.2794779920589668,-0.79143143,-0.42098826,-0.015126250000000008,-0.8974047751537296,2
0.06200182381734992,0.33185983593509205,-0.2819440252763334,-0.7245204559058659,0.6442503327951588,0.1312990644094041,SLOW,3583401,-1.2834740882289553,-0.2720866273290977,0.256219625,0.85011086,-0.79150293,-0.6027609565754619,2
0.13759496161286477,-0.37059680257442335,-0.7259646970164857,-0.2406382717661665,-0.08673024369203713,-0.38624519647305255,SLOW,3583402,-0.7221109738739426,-0.6913913060110529,0.074498415,-0.63451781,-0.43732737000000005,-1.02047541222344,2
0.6417082568111732,-1.8653578839674345,0.5449801089284352,0.05151702648197765,-0.29004932759024804,-0.40208836449069185,SLOW,3583402,0.6254840982215678,-0.5913225043416176,0.49681284000000003,-1.3501937000000002,1.2517862000000002,0.11910173176694687,2
-0.3013014574745731,-0.035811579571927765,-0.35418375884304126,-0.5601831114769696,-0.7789833416641438,-0.5288339247622839,SLOW,3583403,-1.19601649069516,-0.09524529171003684,-0.9293532600000001,1.65259982,-0.8856096,0.3057919175219957,2
-0.1006089781920954,-1.4092621035200672,-0.7141973118984027,0.42584098498795214,0.576477328603223,-0.49714750227481413,SLOW,3583403,0.09411859470901722,-0.2996067265848544,0.19778609599999997,-1.24061582,-0.35458660000000003,-0.48616401281361027,2
0.04243202337510253,-0.5328492142757665,-0.5505838531958808,-0.3501964914215825,-1.40346341167018,-0.5393960569462212,SLOW,3583404,-0.7946267622319535,0.4403772342138075,0.140969514,0.7916497,0.1611471000000001,-0.9743313780511249,2
1.1258941275365706,-0.475963370385683,0.5389787831304134,0.0697767292596879,0.135952571539007,-0.3228724206598662,SLOW,3583404,-0.08570939299522201,-0.748129404717464,1.06777165,0.051384070000000004,1.07313824,-0.2755525066300023,2
0.817896170493862,-0.6885276134828074,-0.03152221120095842,-0.5054040165950339,0.019770235052632368,-0.6238930711916252,SLOW,3583405,-0.40972683422833417,-0.4554899184503384,-0.3035376000000001,-0.19200587000000002,-0.56190109,-1.1284524667475113,2
0.7757971519899604,-0.11608635880693834,-0.07540034849772993,1.6583710980962183,2.299848719850768,-0.04825709799438507,SLOW,3583405,-0.7314004905945942,1.3858123221063807,-0.04148934999999998,0.517077,-0.043216705,-1.2756730645728358,2
0.9293266820646451,-0.23612062877343995,-0.019362672643464,-0.5601831114769696,-0.08673024369203713,-0.1961268863239316,SLOW,3583406,-0.5262541026169244,-0.6965080962537772,0.15130615000000003,-0.10842503,0.055192947000000006,-1.6040010613447238,2
0.34323909361475136,-1.057136286865581,0.19194779315279234,0.5080096572024002,-0.15934420052896,-0.23837538912402403,SLOW,3583406,-0.38848754560938015,-0.6559905179630645,-0.5776,-0.7416102699999999,0.208125108,-0.830803399462608,2
0.24990702968636488,-1.0695191039736724,-0.7450831950310705,0.3893215734542227,0.5571135655715439,-0.03241390577013229,SLOW,3583407,-0.16540887931609544,-0.4352686116307991,-0.09198044999999999,-0.011185200000000117,-0.9229059,-0.8662365612718992,2
-0.4193885582712445,-1.5399560004582962,0.501093245085064,-0.08543076751679624,-0.08673024369203713,0.1629854609612164,SLOW,3583408,0.18503514961363815,-0.7810028958454698,-0.6596029999999999,-0.4249380999999999,1.2273912,-0.33387076655791836,2
-0.8774289967354393,-1.2762483380725578,-0.1744640801143114,0.35280216192049335,0.6926596215036844,0.28973097800671277,SLOW,3583408,0.05836475983575961,-0.24681986811996653,-0.45140720000000006,0.23820289999999988,-0.66537377,-0.9557236707292199,2
-0.41333991315502355,-0.12805980298381428,-0.17257401875846412,-0.17672929784569696,-0.028639073467671947,0.37422802683299317,SLOW,3583409,-1.191191452028549,-0.6052957513184665,0.45736825000000003,1.03714028,0.0018615700000000068,-0.6590421736018192,2
-0.1296163991286819,-0.8973942706935364,-0.7742252410360796,0.08803643203739817,-0.2513218886987161,0.669967624240612,SLOW,3583409,-0.3263366337744413,-0.30062205591391805,0.27961469400000005,-0.69492748,-0.59258175,-0.8384937815972864,2
-0.19805916586095565,0.18302654448414205,0.13781567931603006,0.4167111208951906,-0.25616283341899154,1.0290799110092261,SLOW,3583410,-1.4460805590287245,0.029578404501576346,-0.067451594,0.975926786,0.89829254,-0.463270029131595,2
-1.06063154477293,0.873900672363654,0.4133360262578575,0.5993081935096098,-0.6579600485704264,2.095854907132924,SLOW,3583410,-0.16286642352002972,1.0562721498663863,-0.8500808000000001,0.624055514,0.27136707000000004,-0.7039110218344099,2
-0.5935240492303226,0.5078662171871342,0.3043175081829588,0.8184246328204419,-0.28520840664410696,3.0041977043670824,SLOW,3583411,-0.8421583899498287,1.7855074196023544,0.46034295000000003,-0.33063305000000004,-0.10737514000000004,-1.219016827453169,2
0.035328467275622354,-0.2107645157852244,-0.061103837573216434,0.6632171674300794,-0.31425400364335676,2.7982362521359794,SLOW,3583411,-1.3877377344666082,1.5959657272652392,0.619745616,-0.6491276100000001,-0.359912874,-0.8265991374389293,2
0.3189568942730277,0.14081464663304782,0.05752283065969311,0.343672312773504,-1.6745555076850385,1.9321418626045033,SLOW,3583412,-1.285347869413421,1.425377055461241,0.27952098400000003,0.317575816,0.11683845400000001,-1.3577907466276977,2
0.5614454083170928,0.2803785605397433,0.4437784444662909,-0.359326355514344,0.19404374968808366,2.027200974452968,SLOW,3583412,-0.8073997679585717,0.8794366115583484,0.23897685000000002,0.126065844,0.38043308,-1.3299130448621386,2
0.716049915975018,0.8122263453166619,-0.27140537243985136,1.7861889861540683,0.9443880020351325,1.3406626850797034,SLOW,3583413,-0.4891142151076841,0.8040566015047763,0.15236556,0.48040956999999995,-0.7044029199999999,-0.92801200855608,2
0.46724796211756797,0.43862304097687804,-0.4949063537495946,1.9413964963817472,0.6781367952675694,0.8125563006585287,SLOW,3583414,-0.806239573369519,0.43065660069210715,-0.24519886000000002,-0.33746987,-0.22013186,-1.3248369528418105,2
0.8916869925589085,-0.6567171845802103,0.31836710606569046,-1.737934069920211,-2.2893536724011008,-0.291186032753273,SLOW,3583414,-0.30850706228026537,1.408756180437302,0.4182924,-0.9894032500000001,0.80101393,-0.4513563567558518,2
2.46948967564271,1.4915133261503666,-0.5437933917283873,-0.18585914699268627,0.8717740293487868,-1.2734638849532802,SLOW,3583415,1.6703601755381428,0.3578112623412605,1.5549532999999998,1.94046215,-0.84916403,0.8439683024416241,2
1.4045728906159405,0.18183865002951588,-1.3653920176119372,-0.1036904702945065,-0.7644605629762976,-2.8366588603011214,SLOW,3583415,0.6201820716047314,1.576735736963484,-1.0494948999999998,-1.18300812,-0.8092136,-0.012270458853567975,2
1.3120664329312213,0.7220018155525489,0.07859239361661653,-0.3136770798878531,0.6975005107509797,-1.780445987716142,SLOW,3583416,0.02206263779812971,0.6665396956748363,-0.0911668000000001,0.48792072,1.422217354,-0.28398429711189094,2
1.815608820371972,1.3144238303410638,-0.375183617049499,0.3619320260132548,-2.0860345805781786,-0.30702923535178867,SLOW,3583416,0.8798666098868103,1.0541722593420004,0.4962502000000002,0.5351253000000001,-0.446935654,-0.9384209992985633,2
0.8060524118487643,-1.2803668657882465,0.9530470025560309,-1.619246016063578,-0.4352772650382282,-2.0180939834677822,SLOW,3583417,0.3889221812297007,0.9656203610585822,-0.9949362400000001,-2.3438328000000004,1.30820847,1.0804228939847698,2
1.1815124799897305,0.6207494357363594,0.6156851378943716,0.7910351152710184,1.9367788564190391,-2.5990108645494816,SLOW,3583417,-0.0001276777693581448,1.9599033221542999,0.37002274,1.7172478500000001,-0.33227637,-0.0008426686557833759,2
-0.060446532702406165,-0.31360556546931556,-0.05185879094754204,-2.3131148501502095,-1.713282938651859,-2.4722654685370524,SLOW,3583418,-1.2912449426538084,1.9629781257353063,-1.223973242,-0.84398788,-0.6574811700000001,-0.16397897959453056,2
-0.389879768625943,1.7339985369321642,0.05000614892856133,-1.2266624280141771,-4.235407791707864,-2.48282750562358,SLOW,3583418,0.11404226622666291,3.6996651038329538,-0.324662458,1.8495679299999999,0.10032939699999999,0.0924248815081459,2
0.7693959005077657,1.7661736905688974,-0.38849927124334716,-0.24976812091315578,1.365548932669978,-0.988286462955694,SLOW,3583419,0.38481833607660154,0.550238652109731,1.1424873,0.029063300000000014,-0.431895257,-0.5702851640296182,2
-0.8362730962543226,0.256791160471524,0.31768060758013467,0.5901783294168483,-1.146894141891437,-0.3545587912760212,SLOW,3583419,-0.6900890490009873,0.18886299607655216,-1.58241606,-1.36340102,0.69553471,0.41532984481833296,2
0.12402845451265943,0.09086977847015038,0.9856777178152715,0.2523737764662944,-0.043161864042585374,-0.006008584820029723,SLOW,3583420,-0.533309071517967,-0.8488951576540918,0.94639468,-0.149874122,0.65792752,-0.6300596736584322,2
-0.637002646482937,-0.4592614352611649,1.069521199790875,0.7819052810698014,-1.2485536878028982,1.3881922842300316,SLOW,3583421,-0.15565845936295178,0.8267633660297523,-0.75001002,-0.496924698,0.08257960000000009,-0.890449836083105,2
-1.3114926589259908,0.09443028453857594,0.09216560632532357,0.8549440742457157,0.10690699038918013,2.460248298896993,SLOW,3583421,-0.2177638166624503,1.297181599011478,-0.6647221999999999,0.500140846,-0.9626226400000001,-0.5194693710775182,2
-0.6113801878074113,-0.9086849616816538,-0.2585757955216963,1.530553210038368,0.7894781989207358,2.8299227956565165,SLOW,3583422,-0.4231177829685436,1.8067904879346852,0.6899736,-0.9060979060000001,-0.34545422,-0.6020838262228517,2
-1.712385803146381,-2.0261385547018302,-0.9617249787238382,2.1057339304852767,0.19888467063422477,2.893295363984444,SLOW,3583422,1.4958625677612074,1.862942928670697,-1.0850611,-1.0093779,-0.6925497,-0.1537637331967847,2
-0.7459241633576389,0.06645809939571158,0.8245159161312686,1.9140070236696405,0.16983908948439788,3.331623793423924,SLOW,3583423,-0.434510617172563,2.1937456112256113,0.9524655599999999,1.89020898,1.75931456,0.9694189363415933,2
0.1707201328823202,-0.2884081844051567,1.1888460384557868,1.1470993366240065,-1.2437126400613734,3.0147600008101825,SLOW,3583423,-0.23308136787305042,2.064999103014255,0.9033696600000001,-0.32054502,0.35883809999999994,-0.7696911378477982,2
-0.3916260579952683,0.1629259704419877,-0.26335130296350867,0.9371126418397583,0.10206606151832757,2.190914018981389,SLOW,3583424,-1.2030120625758913,1.0713996059770898,-0.55420242,0.4076829,-1.43030648,-0.20267468159042884,2
-1.2991652359631811,0.7689685526550415,-0.7035337663920868,1.4483844929866032,-0.633755443839721,3.0622895135083197,SLOW,3583424,0.13028836808570185,1.9571295978953456,-0.8943964,0.5474285400000001,-0.43354702,-0.6578283982599675,2
0.07160552343210445,-0.4292357275337032,0.40263664048452963,0.4806200798698879,0.1456344372054236,3.0041977043670824,SLOW,3583425,-0.975231661170835,1.7518475975740078,1.350919566,-1.0823187,1.08949566,0.25821860180139583,2
-0.5733162950862535,-0.7642886957993674,-0.5517389657108802,0.38019170936146124,-1.3986226016699996,2.9091386789708085,SLOW,3583425,-0.4405440765166556,1.992230835066182,-0.635582206,-0.30264797000000004,-0.93998906,-0.617942523391782,2
0.8634133398890929,-1.0193163966241616,0.07188131478698681,0.30715290123977457,0.6103637910756335,2.190914018981389,SLOW,3583426,-0.1200433280368858,1.0993208883976922,1.4159232400000001,-0.23036243,0.61421964,-0.22950450238338668,2
0.5947288110590947,-0.36910551072326064,-0.7235576118881033,0.7088664430565703,-0.3190949483636323,0.4851303758608502,SLOW,3583426,-0.4923235960521768,-0.3095957228966648,-0.2647935,0.5873250600000001,-0.78344824,-0.778938586502895,2
0.6999034261460306,-0.06538895651904901,-0.5928836937710833,0.43497084908071365,0.4457721302195317,0.2527635283307604,SLOW,3583427,-0.597151815293974,-0.44568316675333414,0.10365150000000001,0.27434229,0.1287041,-1.4771343937258357,2
0.3915310873916973,-0.1350075960578293,-0.007628204627725714,-0.04891135598306683,-0.30457212212751716,-0.06410028935411595,SLOW,3583428,-1.1604477448052075,-0.7036896077405262,-0.30390656,-0.06288540000000001,0.5764331711,-1.1407421633752064,2
-0.1749051749800522,0.4644199345172148,-0.1598151273754187,0.09716628118438747,0.10690699038918013,-0.0852245450767717,SLOW,3583428,-1.2439238024245245,-0.8966511191102287,-0.55823326,0.54145327,-0.14989281110000002,-1.002590442642409,2
0.09258971577935288,0.0009130736783601579,0.0799566853625338,0.08803643203739817,0.3150670110829551,-0.0693813533366512,SLOW,3583429,-1.5140306594228234,-0.7078631634655373,0.26362109,-0.41867831,0.23615742,-1.2478122305287422,2
0.5196585606002178,0.06534787376237179,-0.28969600089866104,-0.03978150384692309,0.10690699038918013,0.1312990644094041,SLOW,3583429,-0.9815375839988001,-0.8084883958518774,0.42088413,0.05820292099999999,-0.36408043,-1.2364359242259628,2
0.10480630365337043,0.30531556943749916,0.3754369643497149,-0.012391945346083759,0.16983908948439788,0.7227782419342038,SLOW,3583430,-1.1804514527886685,-0.2862984761496873,-0.40884446,0.216758969,0.65510655,-0.992468751103808,2
-0.7234609765456701,-0.31285668689470203,0.005428920318139141,0.6266977708421222,0.1214297849264493,0.9287396941653067,SLOW,3583430,-0.8105838571642239,-0.05163591966592271,-0.8162725,-0.5583850800000001,-0.364430431,-0.7390337558051157,2
0.3209926760055537,0.31259184172191196,0.24033323999527034,1.4483844929866032,-1.9650113984304216,1.7261803239212092,SLOW,3583431,-1.1464949095724233,1.6092530078566443,1.02932811,0.56495762,0.231363301,-0.5954219722002544,2
0.17433735670297418,0.19391875612545417,-0.8863209557019822,0.6906067298168195,-0.8419154249099386,1.6892129347617906,SLOW,3583431,-0.6487673778939035,0.8048578517656235,-0.14453149,-0.10719549399999999,-1.1096706699999999,-0.6684437506852122,2
-0.051700567605752985,0.8444454275539433,0.4999807347684731,0.6723470016312965,-0.12545769050828057,1.0924527386937273,SLOW,3583432,-0.7015660960848268,0.09579242680707045,-0.222764494,0.587610304,1.36540416,-0.28727412735183055,2
-0.06053822151919965,0.3299863719015916,-0.5073776904464327,0.6449574242987842,0.024611166300898372,0.37422802683299317,SLOW,3583432,-1.0745090491972633,-0.4849319778546155,-0.008709669000000001,-0.46470261,-0.9921732,-0.6971375475020385,2
0.6887426990093976,0.8044065783783425,0.9056743732307697,0.5810484503783145,0.7797963411790306,1.3248194565455305,SLOW,3583433,-0.1356352185439767,0.4768939823480223,0.738430003,0.42853616000000005,1.39175129,-0.1568207093323353,2
0.6772250530548329,0.5780401084800684,0.14151737986840443,0.6540872883915456,0.4457721302195317,1.6205590885340257,SLOW,3583433,-0.702823760303026,0.5966747636431337,-0.011350850000000023,-0.20447320000000002,-0.75263786,-1.0146607007593935,2
1.192155915830325,0.6258468029365868,0.5827058988828028,0.2706334897060452,0.08270233018549437,0.5907516544741291,SLOW,3583434,-0.0038731275039075017,-0.3978558921991589,0.50747375,0.043183020000000016,0.43453790999999997,-1.1258303108419574,2
0.1009444978515531,0.8676142770674959,0.35085645025471174,0.7271261861878655,-1.476077384356526,1.3934733892254862,SLOW,3583435,-0.7570129732167388,0.9792141555767727,-1.0754087399999999,0.21838467999999994,-0.22835447999999997,-0.671762988043523,2
0.16736032692924566,0.8132079635508823,0.013501390167259684,0.06064687861812139,-0.15450328750753037,0.27916888040365173,SLOW,3583435,-0.8925249966654389,-0.6581641165031031,0.06545401,-0.04914434999999995,-0.332269668,-1.4550698932975674,2
0.034661488235387096,0.08902974224178661,0.06388533598704886,-0.4597547409685429,-0.23679910208615837,0.052083116255968856,SLOW,3583436,-1.5983308776291272,-0.6637941698448356,-0.13077712400000002,-0.6541385672,0.049624443000000004,-1.1263978253437843,2
-0.07281673315924964,1.0867609796151267,-0.07245777627512383,0.14281555681087837,0.4651358774017878,0.0837694998399525,SLOW,3583436,-0.6310371497899364,-0.5386798664867661,-0.105921746,0.9012346172000001,-0.13428783500000002,-0.8765228484343878,2
0.20959289953354857,0.2914858983317228,-0.5561513797734062,-0.12195018203968008,0.4506130749398072,-0.0007275230506705625,SLOW,3583437,-0.9759451805202509,-0.5740012466250618,0.27831984,-0.71835922,-0.47640225999999997,-0.8881188183097343,2
-0.4077730348776532,0.7276800964263027,0.5627895234225713,0.07890658289040886,-0.2271172284950303,0.5696274073966924,SLOW,3583437,-0.6588912676976876,-0.392795192527672,-0.60842538,0.39400721999999994,1.10207365,-0.472360912142017,2
0.2864551614994509,-0.14533979553716597,-0.23553192526004224,0.17933495339883557,0.1214297849264493,1.1769497270034739,SLOW,3583438,-1.1917020225374573,0.11296127622325153,0.68417454,-0.7885848599999999,-0.7862873100000001,-0.4845351233663721,2
0.5280065543656889,0.18318566831154026,1.0645036639397054,0.7636455379385061,-1.2388717508140783,3.4478072388020164,SLOW,3583438,-0.2850015332093223,2.3851508497374594,0.23805329999999997,0.29675178,1.2804384599999998,-0.4555885230892863,2
-0.150761111084751,-0.5905981643867473,0.49789797867392344,1.34795607764086,1.365548932669978,1.1716687084602104,SLOW,3583439,-0.7724578797531041,0.8547300534423208,-0.6689379049999999,-0.69894652,-0.5580645,-0.6757645550667029,2
-0.5372783821479948,-0.18527503388299643,0.34229015939855256,-0.0032620923131936857,-1.4083043009174754,1.0449230530912081,SLOW,3583439,-0.949224076218222,0.6935196183896278,-0.380919815,0.36612188,-0.15326214,-1.2459104134478394,2
-1.1374304289154689,-0.08244193297289552,1.9997520811096063,0.8549440742457157,-0.8709610298338999,1.0449230530912081,SLOW,3583440,0.9831253322636425,0.38055518380692155,-0.59146078,0.09288749000000002,1.6324768399999998,-0.05014225647337951,2
-0.6082228641574448,0.09884084556096692,-1.5760305464271558,0.06064687861812139,-0.11093489597101143,1.0290799110092261,SLOW,3583441,0.24473489006078922,-0.02140079046707699,0.5215436999999999,0.163749825,-3.5218802,1.785989828721552,2
-1.3517608132674626,0.7076554519959727,0.15884844355800787,-0.15846959955171838,-0.05284372574664624,0.9181775706265882,SLOW,3583441,-0.021587662445161453,-0.1237145593979422,-0.7327701999999999,0.549932465,1.7087269,0.1510943493905748,2
0.06268730581322123,0.11569945899174884,1.1666386779955815,0.11542599442413828,1.6947322543821814,0.9181775706265882,SLOW,3583442,-0.33005774801419374,0.8554318624851293,1.3939644,-0.53470435,0.9925984999999999,0.0042234986669215276,2
0.6486059476158211,0.32150626997413806,-1.9009259173968962,-0.09456061815836275,-0.004434419603755364,1.3776301606913133,SLOW,3583442,0.6684357651033251,0.28276345471335257,0.5774335,0.18590199,-3.0213232,1.300682074654209,2
-0.6240916219333943,-0.3107159425680993,0.283747570731842,0.27976335379880674,-1.2679174032863083,0.559065283857974,SLOW,3583443,-0.8433512468962594,0.3650618693081342,-1.25426665,-0.5710761799999999,2.15174106,0.7711733012790722,2
-0.07081192497872747,-0.1186675294227546,-0.25006469664612546,-0.021521797930600665,2.5418953218876257,1.5519053287584523,SLOW,3583443,-1.3625547400125926,1.8520401973424494,0.545267225,0.17347425,-0.52576542,-1.0176086364837589,2
-0.47852084878392903,0.07756872607595991,0.2893519224222434,1.3023068319059135,0.6297275065590439,1.1769497270034739,SLOW,3583444,-1.0976119273756122,0.4298426567033546,-0.401804575,0.1772570608,0.53128529,-1.1059052439979682,2
-0.1649292762617109,-0.9675387692358519,0.33332881336125053,0.9279829421504913,0.828205709134671,1.7420235524553822,SLOW,3583444,-0.5090890235176302,0.8598071424497028,0.30905021,-0.9440288308,0.043313970000000035,-0.7991113900007393,2
-0.16644140862197065,-1.1804049439667326,0.7023782764541789,0.5719186161770975,0.38768095999516655,1.7684288180760825,SLOW,3583445,-0.11332423466896312,0.7002824236596779,-0.001490233999999993,-0.19227859999999997,0.36348629999999993,-1.385648555769016,2
-1.2134474908853963,-2.242876601598952,1.1002453448347325,0.7271261861878655,0.15531629494712873,1.5466241373108065,SLOW,3583445,1.4319951736204375,0.49124179133819196,-1.031843576,-0.9597136000000002,0.3918695,-0.3279524815048679,2
0.055027812759991974,-0.8242335556141007,0.2972220287830084,0.5810484503783145,0.2763395801161346,1.303695295920285,SLOW,3583446,-0.6720808994864765,0.28166453852054746,1.2501055300000001,1.2814375,-0.7909183,0.1694971672114657,2
-0.18090931559206716,0.025459529861869244,0.2083716005875367,-0.1036904702945065,0.19404374968808366,0.8812101814671696,SLOW,3583446,-1.4118400501598722,-0.1419067887548579,-0.23252034,0.76751413,-0.08751106999999997,-0.9877796739045719,2
0.5047029772100463,-0.41197312707497374,-0.7167167912918904,0.80016497936378,0.8040010251568508,0.5009735179428322,SLOW,3583447,-0.5397553572097938,0.009164686557626749,0.67568341,-0.3951259,-0.91114333,-0.5909616240000867,2
-0.061194556413308114,-0.7410386757971005,-0.008702984687020155,0.35280216192049335,0.6200456488173387,0.11545588774654571,SLOW,3583448,-0.8321537996388083,-0.3636310996962488,-0.5577023329999999,-0.29723963000000003,0.6973409925999999,-0.8526021060151828,2
0.49551025020810624,-0.39396914291627055,-0.43760703653229266,0.39845143754698426,-0.33361769535263264,-0.11162986343330855,SLOW,3583448,-0.7619809003588482,-0.6089810880614588,0.548642733,0.31350234,-0.42243862260000004,-1.0346839148014264,2
-0.1598056064292142,1.1440330807817016,-0.165527913641369,0.22498422902532653,-0.05284372574664624,-0.2119700802772282,SLOW,3583449,-0.5490889520934269,-0.8192514805759937,-0.64582572,1.38925273,0.26797772,-0.23474940586740978,2
-0.005645626319114556,0.49887754871432466,-0.21026975568440248,0.2523737764662944,0.28602143785783973,-0.291186032753273,SLOW,3583449,-1.2097135237112622,-0.6470428583082324,0.15192747,-0.58275864,-0.044067389999999984,-1.1918649862591957,2
0.41495918786599384,0.13841471359956792,-0.32810438041427864,-0.49627415250227236,0.47481774306820446,-0.9143515981846657,SLOW,3583450,-1.0619768675764243,-0.09618605828077503,0.41451371000000004,-0.32560029500000004,-0.11605835,-1.2563662094341104,2
-0.08071210211416008,0.1414569607108987,-0.15683865919490342,-1.1353637870865618,0.24729397519217333,-1.801570234793579,SLOW,3583450,-1.5295496118693372,0.6576192124330162,-0.48849309,0.0027480130000000005,0.16868401,-1.2794263200922902,2
0.014926940966705656,0.6354532837788971,0.501950162517304,-1.0258055973226903,0.5425907868836976,-2.6201351116269183,SLOW,3583451,-0.8699017441008015,1.3851738418977781,0.09425402,0.44621895200000006,0.6488580399999999,-1.0014810623658437,2
0.35064384759408807,-0.061151097557063334,0.04986768670720857,-2.431802814332209,-1.0839620269467962,-3.9087148749680827,SLOW,3583451,-1.2299507357765207,2.7936514293184036,0.33085513,-0.62923156,-0.44526764799999996,-0.9554661485603831,2
1.4469336495863252,-0.020679726583375836,-0.6586525128175119,-1.3270907536852872,0.7894781989207358,-4.362886273585161,SLOW,3583452,0.19767736746404183,2.960264751915783,1.0804135799999999,0.036557140000000016,-0.697839752,-0.5049354028922747,2
0.6191773086952628,-0.33967390189191937,-0.29469711926774605,-1.7105446569911933,-0.13029862730384462,-3.4703864455286033,SLOW,3583452,-0.7583612005266465,2.1558085688673208,-0.8157689599999999,-0.28814232,0.35846902,-0.8572433730068139,2
0.029307511145055153,-1.1822464468435339,0.07470478665486673,-0.8066891281203139,0.058497680283933526,-1.8807862045600616,SLOW,3583453,-0.34909535270183517,0.6596069716546107,-0.581327436,-0.76108226,0.36383343,-0.7687225429964607,2
-0.7489962120752416,1.2509193257595992,-0.07813280740880482,0.005867759822950055,0.010088373348571506,-0.5446771014251421,SLOW,3583453,-0.20344705055418935,-0.5850928338905099,-0.767032504,2.1978396,-0.150533674,0.5472982470671335,2
0.4571017570611979,1.1616926106870156,0.5239483295323214,-0.012391945346083759,0.5667954312379605,0.18410971668387216,SLOW,3583454,-0.2707528174887136,-0.4227275051736215,1.1886315299999999,-0.08059706,0.5930051839999999,-0.46059002647927016,2
-0.3140746966473229,0.16992932743892364,0.5879180687052524,0.05151702648197765,-0.10609396710015886,0.1629854609612164,SLOW,3583455,-0.9424487690820528,-0.7715721532883479,-0.76000845,-0.89584386,0.06300544000000008,-0.6158120332017751,2
0.8450065772990673,-0.5450237912184579,0.404920792481756,0.44410069822770293,0.7749554202328895,0.34254162163596175,SLOW,3583455,-0.3839193182625903,-0.1447395680524813,1.14229572,-0.64580568,-0.18023872000000002,-0.4668809691213069,2
0.6273473859133676,-0.5141812196502622,0.3089012854258326,-0.3319368080733761,-0.6724828748065416,0.1312990644094041,SLOW,3583456,-0.6369420599461991,-0.30339713995372486,-0.21450709999999995,0.027859600000000095,-0.09457208,-1.5618260583388646,2
-0.14275941735844905,-0.9906842595389319,0.3779147654723573,-1.199272805844348,-1.6261462982236274,0.02039673267198521,SLOW,3583456,-0.47027860416245115,0.6986322409123384,-0.75895429,-0.43041755000000004,0.06797314999999998,-0.918942432857899,2
0.3700600283506475,-1.3742998971645968,-0.03012305997267322,0.5171395212951618,-0.23195816529059435,0.025677794441344378,SLOW,3583457,-0.07405764619682755,-0.6352414320186224,0.50539291,-0.34651385,-0.40188694,-1.0621357225665589,2
-0.3329388125246442,-0.07190932032427465,-0.6773198092836518,0.2706334897060452,-0.3723451500935875,-0.053538161492788054,SLOW,3583457,-0.8452815378103098,-0.6077834644724411,-0.69281817,1.17642851,-0.63744071,-0.2835731456921989,2
-0.9619972450601503,0.12233192929409868,1.0715555664484335,0.3893215734542227,-0.02379814459681938,0.13658013482398235,SLOW,3583458,-0.046779685500345974,-0.727290558186327,-0.6199485499999999,0.175455004,1.7225123,0.05072046895099412,2
-0.21276391675136105,-0.5530107591784696,0.3581213840615826,-0.09456061815836275,-0.17386700299094063,0.23163930718898107,SLOW,3583458,-0.8861047204722368,-0.6858661535503823,0.7383831,-0.6100262139999999,-0.70267966,-0.6043323288932889,2
0.2362424219143255,0.41171644101977545,-0.012826847947589093,-0.012391945346083759,-0.13029862730384462,0.19995290199194968,SLOW,3583459,-1.2373985068707904,-0.7343343813339297,0.44250393,0.8714225999999999,-0.3653564463,-0.749696719394539,2
0.3074140838929203,0.18217188964773517,0.5163251555041336,-0.0032620923131936857,0.4506130749398072,0.49041143763020945,SLOW,3583459,-0.9709492475508893,-0.3516579618524193,0.07014096999999997,-0.20734391,0.5211754063,-1.2306679326603542,2
-0.6261905379625847,0.534729032462995,-0.17436338216297304,-0.4871442884095108,5.601363477726053,0.7755888942086718,SLOW,3583460,-0.8526245282181726,4.49942305554007,-0.9200843700000001,0.31845921,-0.68027689,-0.6044814356232117,2
0.21676164570090886,-0.5668137277175823,-1.0088497314828586,0.2523737764662944,-0.3626633082013053,0.2210771577146054,SLOW,3583460,-0.3160077453620377,-0.5421742617353482,0.8307447400000001,-0.9950059,-0.82190705,-0.2553305701063733,2
0.4485310682766182,0.7166142516773811,-0.4336226039925298,-0.5693129905155034,0.6248865856129027,0.5485031257383792,SLOW,3583461,-0.6934979767722831,-0.14856006574598932,0.22841299000000004,1.1592999,0.56655598,-0.4811045789880554,2
-0.5986323768807947,1.1092939825630364,0.8234285244607366,0.1884648174915971,0.16983908948439788,0.5537841788625194,SLOW,3583462,-0.09943823975771773,-0.4226233102122244,-1.03199866,0.3547013,1.23810196,-0.13909926040258733,2
0.189095683467116,2.3643441745697436,1.5202142834844845,0.5993081935096098,-0.6240735860980159,0.26332567780513605,SLOW,3583462,1.3482020786933662,-0.25293071894697106,0.7763203599999999,1.1336667,0.6862822,-0.25429797483904504,2
0.6306868472401463,-0.254408355379735,0.6682264109161107,0.15194540595786768,-0.004434419603755364,0.26332567780513605,SLOW,3583463,-0.5398609206446014,-0.7001005127992902,0.43519614,-2.3654771400000003,-0.83914475,0.7632360310787575,2
1.0380306078339674,1.0447624919537408,-0.5963346139848755,0.3345424486807425,0.21340746517149392,0.12073694951590486,SLOW,3583463,0.06395917538403188,-0.690955550572391,0.4014447000000001,1.1735201800000001,-1.24549865,-0.03111358725339511,2
0.18067437801835973,-0.9569208899336472,-1.1714920103268085,-0.18585914699268627,-0.29973120118137614,0.11545588774654571,SLOW,3583464,0.07029644597222491,-0.6567056980893309,-0.8449401900000001,-1.8080884799999999,-0.5664872999999999,0.2876696306844337,2
0.29873656806313287,-0.5374982506956534,-0.02854478051128939,-0.11282032392522746,-0.1012530382293063,0.009834600488047773,SLOW,3583464,-0.9413612045723714,-0.8736066173773878,0.11635244,0.37885773999999994,1.125718098,-0.5987511068643,2
0.7055436059597403,1.0200955088866215,0.5570970635630113,-0.9527667593094593,0.11658884813088527,0.025677794441344378,SLOW,3583465,-0.22100798393539325,-0.5121907648023163,0.40091575,1.40694945,0.5768137019999999,-0.2173731634733322,2
-0.28791820421521624,0.296993734464036,0.34860909291121095,-0.4414950277287921,-0.3094130668477927,-0.042976034495982085,SLOW,3583465,-1.1593395032178664,-0.6310295597719937,-0.9790747200000001,-0.6531662300000001,-0.20534515999999997,-0.5974588884952888,2
-0.759277655625013,-0.4048826656856207,-0.7640196488565549,0.19759466663858638,-0.1690260661953766,-0.06410028935411595,SLOW,3583466,-0.3842324891341184,-0.8019712581009888,-0.46453332999999997,-0.63399369,-1.09585664,-0.44270173457073153,2
-0.8216715296555887,1.0650909389688084,1.813592353133038,0.12455584357112756,0.024611166300898372,0.025677794441344378,SLOW,3583466,0.8472793239166947,-0.8959458903336135,-0.0614903,1.32780357,2.5387563,1.0834552118247065,2
0.048300083297216134,-1.059417407869338,-1.0866298728301547,-0.24976812091315578,0.029452096756693236,-0.10634880166394939,SLOW,3583467,0.05329168918076207,-0.8878205576212955,0.85737288,-1.9190342999999999,-2.8565034000000002,1.768295585295511,2
0.011788606311078163,1.4609828380623742,1.4950333992283058,0.5080096572024002,-0.0673665202839154,-0.15915944529319834,SLOW,3583467,0.5968556975490013,-0.7144355944767181,-0.03598272600000001,2.2766371,2.5427465,1.6342385306677143,2
0.9248155529082557,0.5634488164057191,-0.4886629589300152,0.2980230520927853,0.2666576986002951,0.057364182347937574,SLOW,3583468,-0.3462705930612268,-0.6899121206663947,0.899804696,-0.8107280799999999,-1.95379352,0.5131408537305907,2
0.8357751904336923,-0.5865764611520042,-0.7016940337058083,4.908598739543908,-3.5092683818328645,-0.45489900811994083,SLOW,3583469,-0.21804930136240228,3.2793912381099606,-0.08775090000000008,-1.03879938,-0.20981977999999996,-0.7295677612305665,2
0.4498713174634744,1.0940055896521688,0.9348086623054681,0.681476865724058,-1.0210299120021553,0.0837694998399525,SLOW,3583469,-0.056478471901120264,0.06750643989833596,-0.38031529999999997,1.5180428,1.61183356,0.4606582171742596,2
-0.47536327146031787,0.344312719603886,-0.07459281042487022,-0.04891135598306683,0.08754326698105841,-0.04825709799438507,SLOW,3583470,-1.1306273267795144,-0.9320744907325674,-0.9118355499999999,-0.67718554,-0.99418545,-0.2808658597411944,2
1.1463074486552658,1.6074536121782497,0.6412165054415565,-0.43236517858180284,0.18436188402166706,-0.16444050273994795,SLOW,3583470,0.5752790754739605,-0.7265350065648216,1.5981860499999998,1.1409749,0.70501899,0.2995299432572784,2
0.35916409591117837,-1.3453042531239758,0.4958152327324239,0.13368569271811687,0.20856653630064137,-0.19084582455457247,SLOW,3583471,-0.001910312984733929,-0.7741828918510418,-0.7757441199999999,-2.6671788000000003,-0.14320945000000002,0.9986617838674662,2
0.19166320574647594,-0.10300309750613798,0.6077250145910208,0.024127467084391983,-0.23679910208615837,-0.24893752130796146,SLOW,3583471,-0.9199547394749046,-0.7201011010646,-0.16507518000000002,1.1221507,0.11022282,-0.6529473421583816,2
0.21404087409938208,0.5975146933219847,-0.15037254706734277,-1.0714547683287758,0.4844995849604866,-0.12747305479303941,SLOW,3583472,-1.0658899079424982,-0.29648755050953374,0.022053600000000034,0.63276648,-0.74666977,-0.8144987042026811,2
-0.0553562513950098,1.6550476160415908,0.8108410064110889,1.0831904374323982,0.431249343606974,-0.19084582455457247,SLOW,3583472,0.23577441821112796,-0.2978929810743182,-0.26549577700000004,0.95525252,0.94672393,-0.4202698367604753,2
0.0581616766713073,0.8967138197764994,-0.2181679352288185,0.19759466663858638,0.1456344372054236,-0.10106773643650258,SLOW,3583473,-0.7984126877853792,-0.8336181018830184,0.11187398700000001,-0.6849907500000001,-1.01349735,-0.5636134572967267,2
0.28193908063351913,0.5843711851854531,2.240499886251899,-6.193302157469021,-0.9726205915947841,-0.03241390577013229,SLOW,3583473,1.012849528937228,2.320545585831574,0.22053671000000002,-0.28213408999999995,2.4216051199999997,0.6632228985453931,2
1.4349017056847286,1.5217372661160873,1.3185070882903396,-0.6514816477841793,-0.11577582484186398,-0.01657071700396716,SLOW,3583474,1.0911300321129083,-0.6607330000648872,1.13626568,0.84670774,-0.9080943999999997,-0.10622975946817845,2
0.6154950429521372,-1.0944229007238366,-0.16918216899041563,-0.5784428247167204,0.3683172682858907,0.7069350134000306,SLOW,3583475,-0.2206081677815724,-0.18311556790450192,-0.8075401999999999,-2.3631355000000003,-1.4652633800000001,1.1133838757225283,2
-2.2255150249632996,0.638522307630688,-2.5341495212927354,1.868357703205833,-0.7693014522235928,0.14186120523856063,SLOW,3583475,2.264162820777183,0.24239026645457368,-2.7998672,1.5653416,-2.3293171200000002,2.1885735788465785,2
0.5636765187559494,2.049070556883013,0.14009983131325646,0.13368569271811687,0.1456344372054236,-0.25421859172253974,SLOW,3583476,0.5301466153913259,-0.7836974653276318,2.7487991000000003,1.2741256,2.63393691,2.239212811026576,2
0.04860006760235693,1.6709678589896746,-0.6310868090719188,1.2018784912890312,-0.07704837802562053,0.04152098839464097,SLOW,3583476,0.15105938862419094,-0.36382053120150176,-0.5076172299999999,-0.34153410000000006,-0.75956154,-0.8181744854603842,2
0.6515888452677708,-0.026924595624328283,-0.11495032174207881,-0.30454723074086376,0.3247488688246602,0.08905057025453078,SLOW,3583477,-0.8866879641667595,-0.6432488360257977,0.59425643,-1.53367901,0.5083560899999999,-0.06749672557228269,2
0.567687809363048,-0.3583548492549844,-0.9908776752784495,0.2706334897060452,0.2908623667286923,0.2105150341758871,SLOW,3583477,-0.2778671858235448,-0.6102657229764129,-0.08268600000000004,-0.29937563,-0.8627233599999999,-0.8769188920133142,2
-0.3383029446783162,-0.6756152840349458,1.2713784570661635,-0.8066891281203139,-0.5514596134116702,0.057364182347937574,SLOW,3583478,0.0308660938206321,-0.3205479712092919,-0.8928704,-0.28657626,2.2281541999999996,0.6325412981639815,2
-0.1847345822421184,-0.2540045620893151,-0.32238093344567603,-0.24976812091315578,0.36347632356561516,-0.2278132742305248,SLOW,3583478,-1.1766691495360293,-0.6201457099127092,0.15134442,0.3808342,-1.56973458,-0.16729329790219938,2
-0.3645950307469266,-0.5969918349196265,-0.1284499431127247,1.530553210038368,0.11658884813088527,-0.14331625133990172,SLOW,3583479,-0.8828542430588419,-0.19765349203614335,-0.17725575000000002,-0.3098149,0.191007616,-1.3920671241637597,2
-1.0426230498049034,-0.5498775251746681,-1.4144513528516909,1.2110083404360206,-1.2243490038250777,0.19467184886780958,SLOW,3583479,0.4261981989822957,0.3721091502579321,-0.66820897,0.042557600000000084,-1.266615836,-0.35806980592244864,2
-0.9581594672259481,-0.7382556528189377,0.8108535961932687,0.5353992345349126,0.14079350040985958,0.26332567780513605,SLOW,3583480,-0.0215098873707249,-0.5772918519069241,0.08324039999999999,-0.1701589400000001,2.19176003,0.4137353687496301,2
-2.0417267444804614,0.058989734692057844,-1.331673941141315,0.38019170936146124,1.176752746330285,0.40591439744914815,SLOW,3583480,1.1088824588472719,0.22134169487854125,-1.0678752999999999,0.720138966,-2.1102304299999997,0.687680500329636,2
0.7006776989909796,-0.6631839439792229,-0.8947468197215855,1.0101515844733948,0.010088373348571506,0.28973097800671277,SLOW,3583481,-0.1382663024071082,-0.38751184383575543,2.70268956,-0.652327896,0.43034074999999994,1.0308690555423254,2
-1.667653702946413,-0.08534225018563635,-1.997181604705293,-0.17672929784569696,1.0170019747214785,0.27388780998907347,SLOW,3583482,1.3148937748149216,0.020846343288047426,-2.33403376,0.5219551299999999,-1.08581635,0.8429718096850871,2
-0.06160679130617791,1.1951802641137097,-1.974885709647823,-0.5693129905155034,0.49902238742246724,0.46928719055277274,SLOW,3583482,0.8921913842318974,-0.27718058871028817,1.582788502,1.15667544,0.021959800000000085,0.17288716057690784,2
0.04093150317959731,0.6849139210440506,0.1563135112221994,-0.40497561619506267,-0.0915711725628897,0.3055741806052285,SLOW,3583483,-1.033934893155951,-0.6100571274157074,0.10105335800000001,-0.4609154000000001,2.09907288,0.36497136064949254,2
-1.2589984496100857,-0.8886337918161136,1.3487868343293492,-0.5327935341444574,0.03913395925322525,0.28973097800671277,SLOW,3583483,0.6719058524238509,-0.5952123400054526,-1.28110466,-1.4213604,1.17449762,0.459278220376598,2
0.8425867336686391,1.1211429697521702,-0.15640488028050742,0.3254126144795254,-0.3094130668477927,0.19995290199194968,SLOW,3583484,-0.17806135089037592,-0.5779735738310436,2.0711505,1.8153991,-1.482502,1.3471400939000149,2
-0.558798004471564,0.13286200674878673,0.05590291557027457,0.4806200798698879,0.2908623667286923,0.5485031257383792,SLOW,3583484,-1.1037943053073584,-0.3419113662135423,-1.3810902,-0.8926983359999999,0.209107404,-0.13170508516591328,2
0.12870335537399313,0.1912221445128955,0.4483951582038351,-0.9527667593094593,-0.38202701576000414,-0.14859730878665137,SLOW,3583485,-1.1350403921891394,-0.3927140898726554,0.67754512,0.05271577599999999,0.386575696,-1.0128023686497578,2
1.485961847153064,1.1919909015804782,0.025105141622070344,-0.09456061815836275,-1.9650113984304216,-0.5077096517491898,SLOW,3583485,0.44457868317222654,0.9553250321736336,1.33760298,0.90397836,-0.416909215,-0.12198597553857397,2
0.628341786600142,-0.8841685292795676,1.4167158163246332,-0.20411884528666485,0.15047537400098765,0.12601800264004492,SLOW,3583486,0.4090228094355593,-0.7705613125277567,-0.8452002000000001,-1.8753615,1.370633115,0.6872631911060991,2
1.9554325156338992,-0.6168160108270931,1.0704129421851123,-0.9801563366419718,-0.6628009853659905,0.015115670902626043,SLOW,3583486,1.0606790713315333,-0.1857216769489235,1.3078721,0.24149524,-0.3410826,-0.4181049003824148,2
1.0283392599162302,1.6173769590500167,0.6883461012054962,-0.43236517858180284,0.014929304200601937,-0.40208836449069185,SLOW,3583487,0.520862360570998,-0.6455220549395186,-0.9136673,2.01811066,-0.37630745,0.4611204478210553,2
1.090660278876081,1.5106408661913813,-0.2358882465548819,0.1884648174915971,0.6103637910756335,-0.021851778773326322,SLOW,3583487,0.3389561577554015,-0.41376153686483447,0.06141850000000004,-0.09641300000000008,-0.91030216,-0.8763905782978602,2
0.4316685084836955,-0.4247764985373029,0.46439776635331315,-0.24976812091315578,-2.226421636703575,-0.31231028847592873,SLOW,3583488,-0.7618145747414751,1.1843177745968425,-0.6494484,-1.74823145,0.6897296900000001,0.20096587660504014,2
-0.32853413497646855,0.2656452754637236,0.33486450280788593,0.13368569271811687,0.6636140482785691,0.004553538718688605,SLOW,3583489,-1.1574206643955072,-0.36498854788065804,-0.74919356,0.6236469099999999,-0.12758064000000002,-0.8103418535892523,2
-0.43071136257287596,1.0137236476639944,0.6001376706767947,-0.40497561619506267,0.010088373348571506,0.19467184886780958,SLOW,3583489,-0.40129728088036165,-0.703789386560075,-0.10069751999999998,0.67572719,0.26127436,-1.063506616941997,2
-0.6779411689445356,-0.2942896350564448,-0.8616281285662748,0.27976335379880674,-0.5127321507460038,0.057364182347937574,SLOW,3583490,-0.4017553401185368,-0.46558031341820444,-0.24364947999999997,-1.18150741,-1.4397307,0.09022396347211749,2
-0.05050438374043507,0.20738889909112082,1.5060164612226856,-0.08543076751679624,-0.5272549294338499,-0.12219199129463644,SLOW,3583490,0.06964725131535751,-0.48367263299531427,0.618350387,0.45315817,2.3319539999999996,0.6700579795153373,2
-0.10414708830586522,-1.3496498412220332,1.7745139738383504,0.3345424486807425,0.1456344372054236,-0.14859730878665137,SLOW,3583491,0.8905507719590824,-0.7723068280001442,-0.052865863,-1.4064481100000001,0.26445010000000013,-0.35870367005743253,2
-0.20436305739835836,0.30509205168420694,0.049043688509453745,-0.5510532473842081,-0.4982093562087345,-0.6027687981785311,SLOW,3583491,-1.4053151635247711,-0.27057583537326324,-0.09876466400000002,1.4947018,-1.699460025,0.4795984100149206,2
1.3446691785500722,1.229796621305592,2.032916308694817,-0.4506248768757814,1.3365034386919772,-0.31231028847592873,SLOW,3583492,1.4431073321183048,0.31939891370444645,1.5265995,0.8352708,1.953967125,0.8328075006558886,2
0.08497607068595141,0.0909396590428265,-0.35733161051000456,-0.5419233683456743,-0.4013907550175488,-0.7189522176209666,SLOW,3583492,-1.284326764608128,-0.2553904025230591,-1.241450516,-1.02871122,-2.3542166,1.071081780824983,2
0.3610128694329161,0.0394462833550385,0.49996138305489674,0.46236042641322594,-0.793506136201413,-0.1327541191559643,SLOW,3583493,-0.9560153663126965,-0.18581621134653714,0.272039296,-0.04651314,0.8443699,-0.9056864347568425,2
-2.0798104643336797,-0.3327496008769676,1.0004883781838239,-0.18585914699268627,-0.6628009853659905,-0.7664817821904181,SLOW,3583493,0.9997542835040003,-0.10157547243942686,-2.40547588,-0.33619857000000003,0.4929819,0.6938464832621475,2
0.37136206413968337,-0.4965399785675556,0.06179483819176361,-0.03065165096349074,-0.6821647325482467,-0.6872658124239351,SLOW,3583494,-0.9254850495830887,-0.138166511652666,2.4156752,-0.14794922,-0.92454339,0.8069181173497776,2
0.202171697355097,-0.7486930240989814,0.0031505809421207994,-1.7470639041214282,-0.6628009853659905,-0.5763634979769545,SLOW,3583494,-0.7793066947597701,0.185276345306727,-0.16674019,-0.22776580000000002,-0.057760236,-1.5094701887372006,2
0.1743770312609873,0.1500858663444221,-0.4442087020323395,-0.15846959955171838,0.6926596215036844,-0.645017318269062,SLOW,3583495,-1.143755657558155,-0.16621520607738233,-0.027392150000000004,0.81185255,-0.440615654,-0.8696829675716523,2
0.2852859492307198,0.04238146557324951,0.5826245424919907,-1.1171040887925834,0.7943191674151456,0.15242332877727896,SLOW,3583496,-0.9244657300694822,-0.03941803064805192,0.10930276,-0.097287657,1.01135445,-0.7713342114865661,2
0.1348767267477838,0.8287866195609854,-0.5513022830241427,-0.09456061815836275,-0.7063694165260669,-0.6872658124239351,SLOW,3583496,-0.6698247065945571,-0.11903463154029484,-0.14823102999999999,0.710347157,-1.1168336700000001,-0.45949929975734966,2
0.3323959049994645,0.22387327250748146,-0.10147877355508393,-0.14020988631196757,-0.12061675371271657,-0.2119700802772282,SLOW,3583497,-1.242366029314137,-0.8204182800292298,0.19465875,-0.54640852,0.443042734,-1.0650694954049547,2
-0.807242217608474,-1.6782932303361215,-0.27365175509053824,-0.3958457670480734,-0.1448214139164023,0.0362399179800627,SLOW,3583497,0.40857530298069245,-0.7488727784091308,-1.12313414,-1.71819648,-0.169577594,0.2726738751316299,2
-0.6689444504942935,-0.6852208349371235,-0.9301060859829003,-0.30454723074086376,-0.5224140401865547,-0.01657071700396716,SLOW,3583498,-0.16672293720879336,-0.46961145702649376,0.13629497000000002,0.8970263599999999,-0.64655874,-0.6785463047708605,2
0.03240217841950372,0.3660783005281099,-0.651724528285804,-0.012391945346083759,-0.20775351301162004,-0.3439966936729602,SLOW,3583498,-0.8984726419692429,-0.6857033109480709,0.691189885,0.9496216399999999,0.27418515,-0.5860107894071692,2
1.4815834400475216,-0.4865446499012416,-0.5325469088479947,-0.14020988631196757,0.4506130749398072,0.30029312748108844,SLOW,3583499,0.27540470599006805,-0.46585630541705464,1.428194545,-0.7701606299999999,0.11738110000000002,-0.16275485937835035,2
0.6055723446705383,-0.4505601072186031,-0.7896304132558739,0.43497084908071365,0.5425907868836976,-0.259499662137118,SLOW,3583499,-0.3943325544836113,-0.41498066380419446,-0.8633249,0.03250425999999995,-0.25320814999999997,-0.8936665664931914,2
-0.8145406113021089,-0.4984891441561335,0.27675472851580757,-1.1810131075503696,-1.5922596772569875,-1.447739053020419,SLOW,3583500,-0.5644660499722394,1.0676347242536723,-1.3995472,-0.043293530000000024,1.05031013,-0.038516563469797545,2
-2.040316217547109,-1.6150647187011442,0.2828635446557147,-0.09456061815836275,-1.2098261775889627,-0.43905584010230153,SLOW,3583500,1.287127254489433,0.22463862812988278,-1.2080242,-1.0085848,0.006016730000000026,-0.21620687458376348,2
0.6344225163589301,-0.9535339815465403,0.9085588547769711,-0.8158189922130755,-0.15450328750753037,-0.21725113340136826,SLOW,3583501,0.026959931029235665,-0.551365841947293,2.63600377,0.5975501,0.61626339,0.9894658691737709,2
-0.14070973431019979,-0.09101881509843127,-0.08030173345524033,0.09716628118438747,0.03913395925322525,-0.30702923535178867,SLOW,3583502,-1.4859715218549971,-0.7870334837890195,-0.76390696,0.77909611,-0.973954205,-0.32801495965560407,2
0.16720525115683776,-0.33531996647410073,0.9623666192738003,-1.0714547683287758,-1.3405312967255396,-0.48658541331697225,SLOW,3583502,-0.46711742069017603,0.46160249646991236,0.30345583,-0.22067331,1.026950855,-0.6994453544072292,2
1.9445982157431185,2.6048911244180895,0.4058726003206514,0.14281555681087837,0.6878186530092746,-0.07466241721544381,SLOW,3583503,1.9093036549493376,-0.34428139291887994,1.75165316,2.6558455000000003,-0.5481052599999999,1.4482836541834219,2
0.3418403066976706,0.7020376172308358,0.98202733077833,-0.5145338956335676,-0.633755443839721,-0.12219199129463644,SLOW,3583503,-0.30069863277610015,-0.3319188438795072,-1.57954713,-1.7188170400000002,0.5674696,0.6173694613754233,2
0.019042034829168504,0.05182273148029331,-0.008470599821353886,0.12455584357112756,0.5910000438933775,-0.006008584820029723,SLOW,3583504,-1.6443745001589094,-0.4364073303946129,-0.31812358,-0.587328673,-0.9755668655740001,-0.6099397291595089,2
-1.3592061347360411,-0.20101947386316146,-1.6410150423498813,0.215854364932565,0.30538515334125,-0.12219199129463644,SLOW,3583504,0.7725994095031864,-0.6937196713417803,-1.35828869,-0.22838830699999998,-1.6079349744259999,0.3305181315877213,2
-1.0474112920506378,-0.0951372985312565,0.5234051210434624,0.5536589776662079,-0.028639073467671947,-0.18028369669324454,SLOW,3583505,-0.3652601737858989,-0.6937811486986628,0.3072794999999999,0.09564166999999998,2.13179304,0.3694899085608036,2
-1.0428825072085852,-0.23490505310086768,-0.15981996022728773,0.8549440742457157,-0.13029862730384462,-0.01657071700396716,SLOW,3583505,-0.4782103276977319,-0.5339884510129869,0.0044632000000000005,-0.12624997000000002,-0.6729259400000001,-1.1105491046183156,2
0.5964618079294437,1.5445298773510052,-0.28296748319010223,-0.7884294148805632,-0.5756642181423757,-0.17500263060127583,SLOW,3583506,0.06040137462668006,-0.3096394939225415,1.6156036999999999,1.6073350199999998,-0.12129115999999998,0.49648990583308034,2
-0.2748262291815179,0.551419088709391,1.5805307115420324,-0.5967025379564713,0.765273554566473,0.13658013482398235,SLOW,3583506,0.23960641500777627,-0.19606186633843461,-0.8586702399999999,-0.8970610399999999,1.8354072600000002,0.42992248499569174,2
-0.9598021156910416,-0.47521672809567383,0.3269818066649411,0.9553724148625979,0.8959787133266068,-0.30174817358242956,SLOW,3583507,-0.420164427188431,0.012007038469153667,-0.6750562200000001,-0.92734366,-1.2346525300000002,-0.10402420682102576,2
-0.3148354233196511,-0.16687424205558335,-0.18273407450808835,0.6540872883915456,-0.953256828563105,-0.38096414334891254,SLOW,3583507,-1.2543721516104225,0.03005764869256229,0.6356264300000001,0.27852081999999995,-0.50203227,-0.9376828914879007,2
-1.089905889235906,-0.07331823497869411,0.35859099308994036,-0.6240920853974392,0.07786140923935328,-0.10634880166394939,SLOW,3583508,-0.399944220469593,-0.6917141649913188,-0.76384607,0.08450764,0.53316497,-0.8583922669299796,2
0.2727206412709638,1.061724555688913,1.103785408828798,-0.13108003417582384,0.8475694246180813,0.04680205016400014,SLOW,3583509,0.005237948340690735,-0.18572163655073798,1.3428932800000002,1.02526594,0.73396113,0.0537435061423814,2
0.9629071873791852,0.509071984205451,-1.084682720873342,0.07890658289040886,-0.6531191593231314,-0.1327541191559643,SLOW,3583509,0.07529405235957468,-0.3593617844701418,0.6801914199999999,-0.4992022,-2.1554785,0.5292139263810436,2
-0.35812979262462186,1.0350705894678247,0.3997163389774166,-0.3228069439806146,-0.17386700299094063,-0.02713284227172931,SLOW,3583510,-0.5235087737541271,-0.7711301077599197,-1.3019060199999999,0.47512610000000005,1.46202278,0.22720012387032398,2
1.102695774208702,0.6928206263140492,-0.11036265588099953,0.7545156588999723,0.09722512472276354,0.19995290199194968,SLOW,3583510,-0.21383329474770257,-0.5345204553127508,1.43967022,-0.30914890000000006,-0.50238991,-0.2342020042718432,2
0.03214646625351053,0.9613215765473813,0.18547200516844348,0.4532305623204645,0.024611166300898372,-0.6925468828385133,SLOW,3583511,-0.7391287012135577,-0.4008859914926536,-1.055045854,0.2425326,0.29137516,-0.6715378737865797,2
2.3676286471708057,0.17330958786115427,0.3163657063619529,0.024127467084391983,-1.1372122049026172,-0.47602328113303477,SLOW,3583511,1.1485244826362158,0.16608887826095936,2.301660254,-0.7117985849999999,0.12892056999999998,0.6277308985760323,2
-0.031104050483800192,-0.4309842917508272,-0.22766473282466884,-0.5236637298347847,-0.13029862730384462,-0.23837538912402403,SLOW,3583512,-1.1104194454096254,-0.681379134066414,-2.363994791,-0.545848965,-0.53582956,0.7001625179799605,2
0.5803748400844219,0.8972915450838572,0.3345827353602613,0.7271261861878655,-0.24648095190315203,-0.10634880166394939,SLOW,3583512,-0.5050845713418851,-0.5476877584030303,0.602623591,1.19981025,0.55377198,-0.33828811519597285,2
-0.513985641930449,1.061289697969779,1.0003150656178483,0.3254126144795254,0.2037256074297888,0.14186120523856063,SLOW,3583513,-0.03338999886593092,-0.6888201478696312,-1.0785122,0.14813690000000002,0.65569688,-0.5208804696182312,2
-0.6717022584479299,-1.2257295617851325,-1.7466170184387788,0.07890658289040886,-0.5224140401865547,-0.0852245450767717,SLOW,3583513,0.8775914892022119,-0.4886162062889786,-0.15543259999999998,-2.0658278,-2.705524,1.6285947152613138,2
0.37370095543665144,-0.5017565552362053,-0.792786996545962,-0.2406382717661665,-0.6192326176036059,-0.07994348157836872,SLOW,3583514,-0.4999108188715912,-0.38686853557980966,1.0302639199999999,0.6539532000000001,0.9394517000000001,-0.25010805958391563,2
-0.4064757275653524,-0.5640993763899234,-1.5190972162084315,-0.26802781920713437,-0.13029862730384462,-0.19084582455457247,SLOW,3583514,0.23992983976334867,-0.7949663190271217,-0.76887834,-0.05631327000000008,-0.7153615999999999,-0.7413349596127455,2
0.9672012733652676,-0.8103851971399461,-0.41823485440678426,-0.9436368802709257,-0.2658446911606967,-0.3598398616905995,SLOW,3583515,-0.11562768374728809,-0.40554930807201306,1.35378372,-0.22246602999999998,1.0842676299999998,-0.040212877171700474,2
-0.378333427108703,-0.9694967360435416,-1.0702312754189205,-0.7427801990371611,0.03429302721248809,-0.0905056094396966,SLOW,3583516,0.015681948737210287,-0.6378167526425775,-1.32604897,-0.1437229,-0.64216803,-0.3101339818541468,2
1.1443496969358145,0.3852737815523814,-1.4094135109002315,0.5536589776662079,0.4215675017146918,-0.13803518092532346,SLOW,3583516,0.46824651866051903,-0.5068277782720968,1.5006319700000001,1.22374247,-0.3340692999999999,0.17735758919461972,2
0.25101431514497974,0.6830287995467454,-0.3513564186630561,-0.8797279511877728,-0.01411628051534508,-0.0852245450767717,SLOW,3583517,-0.881664979441388,-0.5673801797466692,-0.8803983000000001,0.26895733,1.04210762,-0.40054439594050034,2
0.5697740214161175,-0.6469173868974846,-2.089356578099402,-0.5054040165950339,0.2666576986002951,-0.1697215688319167,SLOW,3583517,0.9550140425813505,-0.6464689417669084,0.3141435,-1.20131905,-1.71180102,0.32803458460509816,2
0.6132725980049795,0.31011853309075765,-0.5075364841507009,0.6449574242987842,-0.13029862730384462,0.052083116255968856,SLOW,3583518,-0.7198511116222248,-0.6235621840499884,0.04286864000000001,0.8644751900000001,1.55797526,-0.006428222100359911,2
-0.16367756932376074,0.6206936171869737,1.627042544969898,0.07890658289040886,-0.07220745707947944,0.2210771577146054,SLOW,3583518,0.2987096665157327,-0.7344956397762435,-0.76569855,0.28053749,2.10240174,0.469147227804505,2
0.16833369299741105,0.03310163727321948,-0.15494569406671468,0.8366843759517372,-0.7257331320094772,0.15770439054663812,SLOW,3583519,-1.4160463620178882,-0.14255154124377514,0.32720315,-0.530762407,-1.75512601,0.07438225913165093,2
-2.3261446200949294,-0.8419805773868869,0.838469659067581,-0.30454723074086376,-0.03348000233852451,0.1788286462692939,SLOW,3583519,1.3227715688057475,-0.7428067792492143,-2.45835384,-0.790447723,0.97844031,0.9786120389913318,2
-0.986008470214728,-0.021302869502565207,-0.20035660180820497,0.4532305623204645,0.4215675017146918,0.3953522652652107,SLOW,3583520,-0.5785688044515764,-0.38315557356247504,1.3207285999999998,0.7413050050000001,-1.0231666799999999,0.039351205449525174,2
0.2677028142299339,-0.8622812811879994,-0.675442307250834,-0.22237855852641567,0.1214297849264493,0.2527635283307604,SLOW,3583520,-0.38266723108624584,-0.6869309848034919,1.23555532,-0.7596423050000001,-0.46792412,-0.26621566059663226,2
-0.3601440425381955,2.083261687878563,2.7192989479484693,-0.5419233683456743,-0.8177108201792332,0.37950906266669504,SLOW,3583521,2.175034210251215,-0.07057576371197465,-0.61875452,2.6606617000000004,3.3435679,2.5440030384204255,2
-0.19060566595407544,0.16063504078397536,-1.1001198244358426,-0.06717106324450876,0.5183861029058775,0.3372605512213835,SLOW,3583521,-0.4193687843220763,-0.39606770389690404,0.16708316,-1.7366778,-3.7618437,2.3721506809543107,2
0.7565377415457547,1.0351076763659688,1.1589167757077834,-2.0209595279888295,-1.82462442155214,0.27388780998907347,SLOW,3583522,0.2394126473858012,1.077736643131535,0.93342709,0.7898970999999999,2.2249832,0.7546784094792708,2
-1.9115657827491617,0.12843516291750312,0.33620263420479957,0.16107525510485698,0.8040010251568508,-0.07466241721544381,SLOW,3583523,0.5235104189757855,-0.2306855695615602,-2.62946465,-0.8189827329999999,-0.8103123,1.0885926652814963,2
0.3269301613307174,-0.30134214603181647,-1.244248869196553,0.05151702648197765,1.2590484975112215,0.2052339637613088,SLOW,3583523,-0.1455598296318835,0.23220642234861455,2.20607855,-0.388210947,-1.5566273000000002,0.9446942930185162,2
0.08806239209749311,0.6432393182459791,0.03199632134700257,0.05151702648197765,-0.1351395482499857,-0.31759135024528795,SLOW,3583524,-1.0935336288476039,-0.7442659202432034,-0.23540853999999997,0.85322528,1.2570066850000001,-0.25278582513192366,2
-0.08364963885967963,-0.897263746953501,-0.21871307279720514,0.7179963071493318,0.22308932291319905,-0.3545587912760212,SLOW,3583524,-0.6336032380419732,-0.5052988883579972,-0.169225336,-1.3915117000000001,-0.246930125,-0.3674789028182419,2
-1.2950787564878277,1.0143937359538044,-0.6264439512302512,0.8640739383384772,-0.2513218886987161,-0.14331625133990172,SLOW,3583525,0.21226566130769964,-0.48147857086940404,-1.193885474,1.7267695299999999,-0.40158462,0.35080522844121576,2
-0.2225328482165581,0.978421072149288,1.6327330249846799,-0.13108003417582384,-0.6192326176036059,0.2052339637613088,SLOW,3583525,0.4541535862400827,-0.3477219864962464,1.05701354,-0.03249352999999999,2.22512146,0.6790123751317864,2
-0.8418068751945474,-0.883313161489059,-0.09751467148293148,0.8549440742457157,0.43609027247782656,-0.5710824275623761,SLOW,3583526,-0.31020343002262557,-0.24875875663955258,-0.6103058400000001,-1.68167466,-1.70416542,0.6861851776158071,2
-0.24635575620434141,-0.5358633716597357,-1.6331333310528005,0.28889321789156824,-0.628914507044157,-0.16444050273994795,SLOW,3583526,0.3219406368849167,-0.3613663570765372,0.5868279300000001,0.31384582000000005,-1.51247028,-0.13705800197365245,2
1.1149364407850637,1.912089046869881,1.6512154344076788,-0.6971308785733534,-0.38202701576000414,-0.26478071526125807,SLOW,3583527,1.379253261927971,-0.4647888884568394,1.34157827,2.21119614,3.2348395,2.3670498241257207,2
1.1448393885393218,1.7312938503394546,1.3562850649224525,-0.3867159029553119,-0.3578223793304528,0.02039673267198521,SLOW,3583527,1.0596299514101712,-0.5981790683411963,0.02946990000000005,-0.16330939999999994,-0.29048450000000003,-1.4627740350490448,2
0.4111155248032372,1.0185376377502533,0.021733624352242267,-0.08543076751679624,0.15531629494712873,-0.6133309476529069,SLOW,3583528,-0.5756658453289586,-0.5028084491408313,-0.7230982400000001,-0.6438212500000001,-1.314434009,-0.15706105178968258,2
0.8358943155771895,1.63850077057561,0.4441270189838698,0.1702051191976185,-0.28520840664410696,-0.3756830642891152,SLOW,3583529,0.32603584042978295,-0.6006100224313801,0.41862724,0.5600027500000001,0.416026109,-0.9808710816470386,2
-0.3235524716502107,-0.761074280236136,0.6478055913124737,0.46236042641322594,0.14079350040985958,-0.0007275230506705625,SLOW,3583529,-0.4807666001484551,-0.7225163105365539,-1.14265594,-2.16749764,0.20060826000000004,0.6737912087147366,2
0.5025005826277568,0.4995344849936886,0.6420772810328517,0.3619320260132548,0.8959787133266068,0.6541243957064391,SLOW,3583530,-0.6242832765966877,0.0863431835763735,0.81409034,1.13868767,-0.005641960000000057,-0.3911861944652455,2
0.5386525878244041,-1.7055538717865517,-2.9382638629580238,-0.4232353144890413,-0.5853460758840807,0.052083116255968856,SLOW,3583530,2.2968141179531827,-0.3851250971615568,0.03562845999999997,-1.9918209299999998,-3.52637,2.2750105745740745,2
-1.071810536411973,-2.2100815985809987,-3.313889355099383,-0.04891135598306683,0.35379444204977567,0.2263582367744028,SLOW,3583531,3.0561593269316814,-0.5841123682679397,-1.58714076,-0.45573180000000013,-0.36996319999999994,-0.09701110908799525,2
-0.19604976618746653,0.6206658296901553,-0.4435861068443965,-0.3867159029553119,-0.7305740608803296,0.10489374691738917,SLOW,3583531,-0.9236527428321444,-0.24856864733716905,0.8630781999999999,2.55696873,2.82703543,2.1323314742529775,2
-1.9568373960564338,-0.3153264971796432,-0.9232759260893396,-0.5967025379564713,0.47481774306820446,-0.006008584820029723,SLOW,3583532,0.8200817325939409,-0.4665008311815029,-1.7352883,-0.84546685,-0.47245882999999994,0.19981043720634686,2
-3.0176797764733325,-3.10831320818567,-1.5403749633973587,-1.3088309956082198,-1.1759397151165523,0.15242332877727896,SLOW,3583532,3.5238445432296284,0.3377049937319374,-1.0454795,-2.52286008,-0.6077967000000001,1.0150944923264595,2
0.2610530944863409,0.44060337063061283,1.754217112823934,-0.9162474075588188,1.0944569159022342,0.0837694998399525,SLOW,3583533,0.42309218882089794,0.15103075288642823,3.231251,3.2056794,3.2449284,3.8239127245168953,2
-0.6653650849283576,-0.7246464882317385,-1.9659370143110015,-1.3544803160720273,-1.311485723500424,-0.23309433599988397,SLOW,3583533,0.8539523306859825,0.4575968186409906,-0.9130020000000001,-1.0525515,-3.6640753999999998,2.1441232314978875,2
0.8833786733514506,0.7922574640821383,1.2675760382563506,-0.23150840767340497,0.35379444204977567,-0.1327541191559643,SLOW,3583534,0.289889804994701,-0.6542517896268539,1.5263152,1.370195,3.1847700999999997,2.0113918630613115,2
0.17407825444239472,1.4460140124356342,-0.006831318221303648,1.3570860015167103,1.9464607141607444,-0.11691092866075536,SLOW,3583534,-0.2239397970018016,1.0086009039776054,-0.6990284900000001,0.5905277999999999,-1.255196555,-0.23670518366608367,2
-0.7135216778607696,-0.2619234008639005,-3.400197997650198,-0.7610398973311397,-2.4829909857294328,-0.43905584010230153,SLOW,3583535,2.374009676020064,1.4724664706083272,-0.8747459099999999,-1.54275246,-3.342214045,2.006851746764052,2
0.740075549792608,1.0424489337525027,0.4089691384721817,0.6723470016312965,0.28602143785783973,0.10489374691738917,SLOW,3583536,-0.24768951086890814,-0.5353634819369131,1.43254656,1.1782186000000001,3.7517465999999997,2.4108532776563636,2
-0.23449177469629745,0.4250523360565901,-0.8438971463845091,3.438692503776603,2.077165833297321,-0.21725113340136826,SLOW,3583536,-0.644209147400738,1.6887405041803514,-0.9604538600000001,-0.5576844400000001,-1.2339802,-0.1292357886680735,2
-0.25741486167895355,0.5687425227517927,0.39075984609808384,0.7819052810698014,-0.8467563617055027,-0.3545587912760212,SLOW,3583537,-0.9704173482702413,-0.04276236049414948,-0.02259112000000002,0.12979304000000003,1.2160454,-0.5688584151567594,2
-0.8875504635379894,0.35269966145734477,2.2594711650393813,0.8366843759517372,1.665686760404181,0.06264524411729674,SLOW,3583537,1.1488231310677723,0.6681121201592429,-0.62101012,-0.19514805000000002,1.8405417999999998,0.16459081630725209,2
-0.34162816984016087,-1.4635055114527438,1.220552998753683,0.10629614527714898,-1.3453721859728347,-0.0693813533366512,SLOW,3583538,0.5186378030912373,0.31279718201381884,0.53801637,-1.64054899,-1.0232571999999998,0.21962143583851937,2
-0.10156190932614756,-0.5746379008008154,2.0249552005456026,-0.5510532473842081,-2.507195669707253,-0.12747305479303941,SLOW,3583538,0.7803931861583087,1.4598488924118207,0.236589675,0.8028998500000001,0.7922764,-0.6399109264267796,2
0.11474506455014442,0.11633471216702172,-0.6271130270817582,1.530553210038368,-0.8515972826516438,0.36894697370885304,SLOW,3583539,-0.9684806737282246,0.21609119722325476,0.21317446499999998,0.624144474,-2.61209015,0.9108213410073382,2
0.23413733654209876,0.15686839577202075,-0.9029955130161583,-1.0349355211985407,-0.19807165526991494,0.2052339637613088,SLOW,3583539,-0.614901814495464,-0.3988247865177795,0.11766325999999999,0.03661342599999999,-0.27172374999999993,-1.4991732834354898,2
-0.11366200518909865,-2.908697351857976,1.7162115048075695,-1.0714547683287758,3.747286888094816,1.0449230530912081,SLOW,3583540,2.100318433872259,2.806136772923582,-0.34276259,-2.76907635,2.5797242999999996,2.023378129142678,2
1.2291418376192362,0.9064445915458139,1.4083741718559828,1.3388263032227317,-0.11577582484186398,0.057364182347937574,SLOW,3583540,0.6941693169016486,-0.28678315918032854,1.3233576599999999,3.4461565000000003,-0.3031968999999999,1.926716256450393,2
-0.43249215155786486,-1.0029233234015305,-0.9839777639303926,1.137969472531245,-0.7547786735357466,-0.25421859172253974,SLOW,3583541,-0.015100808569694485,-0.038813045891521125,-1.63757058,-1.7247014,-2.3562889,1.5685339137559957,2
0.7121533974716755,-1.4781929194822232,-0.5326708268250148,-1.0988443904986047,-0.4207544625762476,-0.24893752130796146,SLOW,3583541,0.28277891794693955,-0.2956260791745393,1.12806905,-0.4293033999999999,0.4445038,-0.5053988776041102,2
-0.8364836250854368,-0.7877011342740736,-2.2975869049507227,-1.1262340126684338,0.010088373348571506,0.07320737630123417,SLOW,3583542,1.2875914489726208,-0.4268302389031474,-1.52621001,0.6237101499999999,-1.7383112,0.6108144705174515,2
1.156057547389089,0.25775555267186023,0.8472140750354845,-1.0623250686395087,0.5861591070978134,0.3583848242344775,SLOW,3583543,0.024881374392727754,-0.14492293703134257,1.96368564,0.9443442500000001,3.0973953,2.01031248245175,2
0.6903349577417306,-0.7659653446462393,0.327165779933569,-0.66974136102393,-1.3453721859728347,-0.42321263750378585,SLOW,3583543,-0.4021781076530397,0.38898017335891416,-0.45897810000000006,-0.9247106599999999,-0.51220893,-0.640005217071754,2
-0.06511913629521451,-0.08264801434870205,1.1864552997381381,0.28889321789156824,-0.29489026438581206,-0.2119700802772282,SLOW,3583544,-0.3011798577557031,-0.6489085973685936,-0.7445137780000001,0.6172295799999999,0.84633633,-0.5065203042957509,2
-0.436578935441592,-0.698158804162926,0.1787105712713145,-0.5054040165950339,0.4167265569944163,0.19467184886780958,SLOW,3583544,-0.7332991482151641,-0.4867044106385092,-0.366080402,-0.5559810199999999,-0.99255368,-0.597074788702444,2
-1.1005542970799342,-0.5056004627741743,0.5792598013678294,-0.36845620466133333,0.973433575260248,-0.3704019938745369,SLOW,3583545,-0.15758039100303722,-0.017278364831647523,-0.65435982,0.1739348599999999,0.39451123,-1.0110081865986746,2
-0.5419375552433642,1.273329000932785,0.39214350377184776,-0.4780144392625216,0.5910000438933775,0.15770439054663812,SLOW,3583545,-0.22676966372000287,-0.3650187840445656,0.55052698,1.60687844,-0.18429564999999998,-0.08058702718381534,2
-0.049205504666232386,0.18385688581436863,1.0450578315884451,0.5901783294168483,1.1912754140721706,0.030958864855922648,SLOW,3583546,-0.47440210322393533,0.18739187015683734,0.48559641600000003,-0.9841026800000001,0.6430721000000001,-0.5197995771484503,2
-0.2541905275990333,0.5449558719394548,-0.9961043639626065,0.13368569271811687,0.135952571539007,0.19467184886780958,SLOW,3583546,-0.4288414144696112,-0.733117905084198,-0.202016476,0.32617492000000003,-2.0103931,0.2595664986130043,2
-0.4117542296435581,0.10877725809159641,-1.1016264355468626,0.2706334897060452,0.019770235052632368,-0.18556475413999418,SLOW,3583547,-0.35993073077239784,-0.825985769250703,-0.1552819,-0.393993143,-0.10393140000000001,-1.3606567789485526,2
0.35012275119338093,-0.6922867857615539,-0.07519217035755635,-0.6971308785733534,-0.2610037543651327,0.11017481733196742,SLOW,3583547,-0.763042154715967,-0.5453416535404438,0.75084365,-0.723588297,1.0109614850000002,-0.3382790762363212,2
0.9736648778293011,0.331520396715989,0.16956816589077622,-0.3136770798878531,-0.8080289624375281,0.0996126937932491,SLOW,3583548,-0.4763193108955689,-0.18518827826192702,0.6145121299999998,0.9247886000000001,0.24107074499999998,-0.6563274817984629,2
0.06605256574965436,-1.064983431684232,-0.18625568025699024,0.2706334897060452,-0.2610037543651327,-0.0693813533366512,SLOW,3583548,-0.45802655945006043,-0.7057738087312366,-0.8944684749999999,-1.2614395,-0.35046005,-0.2042589034064921,2
0.7335967654976824,0.05203428400387978,-0.6119441163388386,-0.8432085695455878,-0.377186094813863,0.3055741806052285,SLOW,3583549,-0.5627920871192449,-0.3519496739523213,0.657876975,1.008984179,-0.41927148000000003,-0.5163101317584138,2
-0.5436054898973499,0.0967794074145269,0.05855887835564181,0.37106189010601637,0.9540698597768377,-0.0693813533366512,SLOW,3583550,-1.1234702735777102,-0.06785060535379589,-1.2587061,0.040417551999999995,0.66039563,-0.36882927159429757,2
-0.1384619118516378,0.37997282388741704,0.459038397609861,-0.9892862007347333,-1.7374877018767938,-0.1961268863239316,SLOW,3583550,-1.0727398744711978,0.7687829799203303,0.39927638,0.255804069,0.39444257000000005,-1.1788349805846545,2
-0.2673364437965162,0.8911871523565018,-0.7886340944451428,-0.19498901108544778,-0.45948190146777956,-0.16444050273994795,SLOW,3583551,-0.4235419109032938,-0.5366484858853581,-0.1270082,0.46177169999999995,-1.2288647,-0.4725579977796222,2
0.08135026457855385,-0.07652584205166926,-0.5992142525261577,0.4988797931096387,0.31990794787851917,-0.3281534910744445,SLOW,3583551,-0.9901525525592175,-0.5438059753483095,0.34363710599999997,-0.87411962,0.18656446999999998,-0.8360133876364015,2
1.0133829662398541,1.5327614849733604,-0.8631231042818288,-0.359326355514344,-0.13029862730384462,-0.5605202953784388,SLOW,3583552,0.5210721483288233,-0.5187770232174929,0.918535214,1.45364342,-0.25993060999999995,-0.049877456527969814,2
0.9043959000953914,2.990201633288938,1.0656171489491104,-1.2997012211900916,-1.2340307823196683,-0.01657071700396716,SLOW,3583552,1.8493771992306627,0.3710731294955965,-0.10740874,1.3164823,1.89966584,0.5282232393578699,2
-0.08772203335959129,-0.010121208459633439,0.22127574150595689,-0.6332219195986561,-0.2610037543651327,-0.0852245450767717,SLOW,3583553,-1.4285103887743986,-0.5992472015744533,-0.977750305,-2.71014348,-0.83161355,1.2173098717746167,2
1.3380445420564557,1.525635597293243,0.25153322190599864,-1.3544803160720273,-0.5756642181423757,-0.16444050273994795,SLOW,3583553,0.5551477512689579,-0.11243258807888926,1.405118945,1.38722448,0.029801369999999966,0.18721239417203872,2
-1.2261888077667114,-0.6204168054446906,-0.0980327004074309,-0.6971308785733534,-0.3578223793304528,-0.3545587912760212,SLOW,3583554,-0.12698135381988498,-0.44936791982345914,-2.5270987,-1.9384947000000001,-0.34429645999999997,1.4233070581963325,2
-0.40798895173697847,-0.4458869366381329,-1.3372986293911568,0.43497084908071365,0.23761212537517967,-0.38624519647305255,SLOW,3583554,0.0013951449788636194,-0.5794758530157482,0.80635087,0.15765003,-1.22058486,-0.3191855703535966,2
1.136480131664031,-0.1246989661325669,0.4460974518846651,0.7545156588999723,0.5377498183892877,-0.11691092866075536,SLOW,3583555,-0.21576322538938905,-0.3561323626589893,1.52210243,0.29012393999999997,1.75651263,0.5569396269345914,2
-0.32901351728306005,-0.7203999387577996,-0.30240551799885124,1.7953189100299187,2.0916887387805505,0.11545588774654571,SLOW,3583556,-0.7281038592277693,1.2326917363843823,-1.4442707,-0.53808713,-0.73721981,-0.08063251166022735,2
-1.5100908126575505,-0.5839012337342083,1.3073002530707634,-0.4232353144890413,-0.19807165526991494,0.0996126937932491,SLOW,3583556,0.7138334688778738,-0.6844888261132063,-1.1639732,0.12329709,1.58544058,0.18313762307657006,2
-0.3045854251548625,-0.24833688696135883,-0.08004127218334495,-0.29541736664810225,-0.5030502771548756,-0.31231028847592873,SLOW,3583557,-1.2414410480318931,-0.4473074268572521,1.18804753,0.30310989,-1.36642832,0.0475149221285624,2
0.4368866362344899,-0.23442176099982903,-0.12633620600096251,0.27976335379880674,-0.17386700299094063,-0.31759135024528795,SLOW,3583557,-1.0481198237071625,-0.6847877530781006,0.7307342299999999,0.01256931,-0.04559707,-1.0626832137529523,2
-0.3765608571497987,0.6831026412215576,-1.556971139164415,0.10629614527714898,-0.09641210143374226,-0.10634880166394939,SLOW,3583558,0.25729611141132375,-0.8826315376075736,-0.80166733,0.8287850699999999,-1.40906911,0.0322662267452941,2
0.06541582968132657,-0.012740085933682158,1.0163051042912468,0.5171395212951618,-0.5756642181423757,-0.25421859172253974,SLOW,3583558,-0.5025384863933575,-0.353524627150075,0.43557608000000003,-0.6285435699999999,2.5344859,0.8638130479085677,2
0.2755345516878366,0.01303784789866612,-0.4229919645217339,0.8549440742457157,0.20856653630064137,-0.20668901850786905,SLOW,3583559,-1.1022067696254663,-0.5017730061408442,0.20707583000000002,0.023284794000000004,-1.41760067,-0.3579349345932557,2
-1.1664144692595813,-0.5603705710847916,0.5000862655716806,0.024127467084391983,0.9927973382919271,-0.02713284227172931,SLOW,3583559,-0.10772763597619564,-0.051412253487641967,-1.42106704,-0.517950624,0.90916347,-0.02405725836760715,2
0.3602662977499558,-0.39283720650205,0.8407828284821219,1.2475278117528388,2.217552889422717,0.1629854609612164,SLOW,3583560,-0.501039584528657,1.2496900214516056,1.50457172,0.15133020000000003,0.3355608,-0.24112956297910487,2
-1.079867008425087,-0.21410514858002017,-0.11787449156129708,-0.9345071058527975,0.135952571539007,0.29501204842129103,SLOW,3583560,-0.44840509639649384,-0.4255530847113803,-1.4192776200000001,0.16144580000000003,-0.94420623,-0.0768123610352443,2
-0.10548152735156587,0.822666617124262,1.2104055327862384,-0.8797279511877728,-0.5901870443784906,0.0362399179800627,SLOW,3583561,-0.07396198668780593,-0.27097113335496115,0.9602746500000001,0.9364993,1.3082571299999999,0.08554426481783338,2
-0.9402621320489788,0.6687858475470538,-0.9636547385057526,-0.2862875324468852,-0.043161864042585374,-0.07466241721544381,SLOW,3583561,-0.04864836741252734,-0.8654457338807153,-0.8226915,-0.13899803,-2.14128783,0.5124882138418562,2
1.0208690784304821,0.6222421889220162,0.20516856709303521,1.0923203015251597,0.38284005489844836,0.15770439054663812,SLOW,3583562,-0.3159743927967979,-0.2993482223788422,1.93273055,-0.04204214000000006,1.1512041100000001,0.4641000527282472,2
-1.0771166787704929,0.019051865944138137,-0.13779375048776976,-0.3319368080733761,-1.7858969113382048,-0.30174817358242956,SLOW,3583563,-0.4878497402558652,0.7602515537099993,-2.0676031999999998,-0.5448521399999999,-0.3377924,0.3783002895982732,2
-1.7497600485504237,-0.8012596724776271,1.869916703404064,0.15194540595786768,-0.47400470392976024,-0.053538161492788054,SLOW,3583563,1.4226698446949249,-0.529886968290608,-0.6629023,-0.7409742500000001,1.9774456200000001,0.4272017966463346,2
-1.2261513655367706,-0.1982925794144287,1.2499874018376178,-0.03978150384692309,0.4070446992527112,0.2263582367744028,SLOW,3583564,0.3399374924858265,-0.5423229029084936,0.5160259,0.5446504999999999,-0.6105843000000002,-0.8262082923603533,2
-0.3309694425522706,0.7193567226233345,0.013276751902190994,-0.9071175285202852,-0.6095507598619009,-0.1327541191559643,SLOW,3583564,-0.9512155101314183,-0.25117924166444255,0.8822181,0.8288978899999999,-1.2180681,-0.07178742007968082,2
-0.7750991286336119,0.09781711321652863,0.12625840141764821,0.6175679067493607,0.6829777320631335,-0.12219199129463644,SLOW,3583565,-0.8410594997338537,-0.27401262452998565,-0.43769790000000003,-0.5614267559999999,0.11127852999999999,-1.0744872920084534,2
1.4830771719362976,1.3569461178528341,-0.03891495464896988,0.9371126418397583,1.2348438927805159,-0.23309433599988397,SLOW,3583565,0.5456600992506299,0.2911685303049005,2.2254739,1.137351026,-0.162683483,0.7201703482783184,2
1.4206015135227077,-0.15874845838935403,0.754992143784455,-0.377586083699867,-0.0915711725628897,-0.38096414334891254,SLOW,3583566,0.24135769630857132,-0.6627040756301618,-0.061570899999999984,-1.36910259,0.781939503,-0.2120381292266904,2
-0.1345472506092347,-0.09348228186318254,2.0336531155438418,-0.2406382717661665,0.47481774306820446,0.07848842942537425,SLOW,3583566,0.6967924405258119,-0.5257741922895083,-1.53262745,0.05895389000000001,1.2593860500000003,0.19707980239593814,2
-0.44345557133373936,1.2452890917926946,-1.4804389701287448,-0.23150840767340497,-0.30457212212751716,-0.006008584820029723,SLOW,3583567,0.4749597930054614,-0.6809397167473884,-0.30443477999999996,1.2092907000000002,-3.4611196,1.9015380848075096,2
-1.600104470171659,-1.2069903824566235,-0.9322682795417846,0.2523737764662944,0.28602143785783973,-0.5288339247622839,SLOW,3583567,0.8307516020312873,-0.49899481300742,-1.1398985700000002,-2.2151047000000004,0.5399074,0.7649169596504574,2
-0.5463614612537995,-0.096298926605424,0.20016260571903108,0.03325731922053572,0.0633386107397284,-0.0905056094396966,SLOW,3583568,-1.0489379455345986,-0.9480494111090922,1.0384829400000002,1.0032697700000002,1.11536028,0.03612822741689265,2
1.2426822264809951,-1.3244327432129208,-0.9806294910535664,-0.23150840767340497,0.3102260742873911,-0.3228724206598662,SLOW,3583568,0.7119388294477281,-0.6250686495887137,1.76313516,-1.1093535700000001,-1.16299248,0.6006751745085889,2
0.6405745892935213,-0.10948035194378956,0.0008151123835464345,-0.3228069439806146,0.31990794787851917,-0.28062390921455466,SLOW,3583569,-0.8914192512956803,-0.6221618744076083,-0.59338805,1.097447,0.966650011,-0.21163994377934997,2
1.1799987586177612,0.02908935411060505,-0.017500688532487794,-0.6788712251166915,-0.28036746192383144,-0.9407569502575572,SLOW,3583570,-0.2796487668305137,-0.11489521659493651,0.5316123500000001,0.125167792,-0.018039703,-1.2496077219666448,2
1.0584874593500735,0.3343379935397947,1.7919534619504525,0.3893215734542227,1.9900290343748597,-0.5182717839331272,SLOW,3583570,0.7819336479950835,0.9730496948352745,-0.11975160000000007,0.275726198,1.782177892,0.01881645855272773,2
0.932097204141348,-0.34122267289984753,0.6301404415078483,0.6906067298168195,0.3150670110829551,-0.6767036888852168,SLOW,3583571,-0.2744034369691762,-0.28949341545131724,-0.12455989999999995,-0.61022311,-1.1442995,-0.488736549381347,2
0.3246783511224625,0.7017947146540658,-1.3263552658228441,0.40758128669397353,0.8233647406402611,-0.7347954115742632,SLOW,3583571,0.02556021534126516,0.005728034119596753,-0.5986223500000001,0.94214087,-1.9270029,0.4409184949961006,2
-0.21650100644255446,0.6404579115923325,0.9341608875531654,-1.1262340126684338,-0.4159135257806836,-0.058819225855712955,SLOW,3583572,-0.4394562183444867,-0.30539277872338066,-0.53334212,-0.05540455,2.22644045,0.5044428849626844,2
-1.2326590077455042,-1.6114825671690614,0.3389873924924765,-0.14020988631196757,0.6975005107509797,-0.0852245450767717,SLOW,3583572,0.6231711181067674,-0.33759359934468386,-1.00144223,-2.0341417,-0.5862016700000001,0.5564987397419561,2
-0.043914790434367905,0.08537533790403251,0.49474626884790507,0.06064687861812139,0.11658884813088527,-0.11691092866075536,SLOW,3583573,-1.1285633862104791,-0.8902445792687166,1.1715290913,1.532744518,0.15341092,0.14750987136616564,2
-0.7320833234312331,0.6265252496168742,-0.08023589092504985,-2.057479074034509,-1.3356903282311294,-0.2119700802772282,SLOW,3583573,-0.7119379846455532,0.6758706753075532,-0.6782026312999999,0.48881203199999995,-0.566314705,-0.7835353656491425,2
-1.463556817825364,-0.3735191615824492,0.28117100073738877,0.07890658289040886,-0.377186094813863,-0.38624519647305255,SLOW,3583574,0.0606277848507919,-0.5354162105209366,-0.72088046,-0.90332407,0.355958935,-0.5828174060037122,2
-1.262839271528023,0.045570171613030216,-0.5491062798082755,-0.5601831114769696,-0.29489026438581206,0.26332567780513605,SLOW,3583574,-0.1447071394434088,-0.507358757196494,0.19781079999999984,0.37855667,-0.81776143,-0.8712240318063247,2
0.7224752360126107,-0.5074656127000609,-1.0356242994081013,-0.4597547409685429,-1.074280169205091,0.1629854609612164,SLOW,3583575,-0.0830741162574878,0.0901179624320366,1.95656363,-0.49954835,-0.4791840999999999,0.2884674785406516,2
-0.11467117982893371,0.30027398757450996,0.14977866294515693,0.6997365640180365,0.3102260742873911,0.030958864855922648,SLOW,3583575,-1.4082912563491832,-0.5275292442462498,-0.82502305,0.72961822,1.16753384,-0.1847063375366619,2
0.4614032604646478,-0.8350338581723108,-1.734587176974447,-1.016675822904562,0.179520947226103,0.1735475758547156,SLOW,3583576,0.6191106509553012,-0.42963739230627485,0.56773186,-1.02550536,-1.85596034,0.40890004074309855,2
0.46624168950422695,0.12835307688058703,0.9944202047036473,-1.7105446569911933,-1.8730337102606656,-0.10634880166394939,SLOW,3583577,-0.39521991989082317,1.0225952753628402,0.0047683599999999715,0.87021196,2.6878694999999997,1.0427648216877403,2
0.4184399555597524,0.2125967298942381,-0.6241491486834227,0.06064687861812139,0.6297275065590439,-0.042976034495982085,SLOW,3583577,-0.804519007657084,-0.4045374818983938,-0.04710947999999998,0.07609594,-1.5941705499999999,-0.19311149018156834,2
0.02412602503017915,-0.3372669732730851,0.07681465139330361,-0.1036904702945065,-0.004434419603755364,-0.07994348157836872,SLOW,3583578,-1.2519557520746876,-0.9660664384119735,-0.388603565,-0.49668306,0.69039726,-0.8586676761658414,2
-1.6929784502326533,-0.27840732038091065,-0.4693779305869517,-2.3131148501502095,-2.056989086600178,-0.3228724206598662,SLOW,3583578,0.3392725399836504,1.3380355878001164,-1.692237755,0.05316698000000003,-0.5379591100000001,-0.012236215364826615,2
-0.6817861612571898,-0.45633447083533973,1.323073422593064,1.1744888691192021,-0.9096885083489892,-0.1538783748786201,SLOW,3583579,0.11566642450582292,0.08204565358153817,0.99654843,-0.16071874000000003,1.7654314,0.24645206504083408,2
1.1510441444164206,-0.3177185246149247,-0.7768608713232263,-1.080584692204626,-0.11577582484186398,-0.0693813533366512,SLOW,3583579,0.006533287989591702,-0.45076902368840915,1.8062876700000001,0.12520956,-2.06827925,0.9659195265798494,2
0.8410476449322112,-1.4707926994629983,0.9798758588403989,-0.5419233683456743,0.33927169506077526,-0.11691092866075536,SLOW,3583580,0.5720200885975856,-0.590499783976888,-0.3055072000000001,-1.0415534,1.73025515,0.2554016165021158,2
-1.1392644893658206,0.4521786343700118,2.1065532339511326,0.6084380725481436,2.1158934227583703,-0.27006177703061723,SLOW,3583580,1.1180283408845022,1.0765237690798015,-1.9516337,1.7369891499999999,1.1096935,1.0561730040907795,2
0.26303891265782936,-0.4732555507803837,0.39876549567828495,0.4167111208951906,0.24245306217074372,-0.5816445770367519,SLOW,3583581,-0.8739012828084703,-0.45094312638432177,1.38199556,-0.8359298500000001,-1.6820440300000001,0.5465357717536174,2
-0.18277803800921505,0.3464649774749871,1.7515291943285403,-0.6423517836914178,-0.5805051866367855,-0.5129907308089872,SLOW,3583581,0.3804379846870647,-0.2415647233014363,-0.43936073,0.7404404,1.33237173,-0.20350456119852126,2
-1.3333364964612318,-0.3206281855118547,-0.8034428257341677,-0.3501964914215825,-0.5853460758840807,-0.7664817821904181,SLOW,3583582,0.12058379153154072,-0.14205436076598676,-1.13389633,-0.60257455,-2.5164576,1.0426654401413593,2
0.30859610160723,0.08932912340402209,0.6940801885706508,0.1884648174915971,-0.9629387180036559,-0.6819847506545761,SLOW,3583583,-0.7962989809046384,0.0905784132939412,1.6181545000000002,0.370307859,1.4749489,0.43451926523433804,2
1.2016646187239606,-0.04963840993201343,0.05469354617060518,0.13368569271811687,0.8862968555849017,-0.5182717839331272,SLOW,3583583,-0.24651900530977372,-0.0630261317656126,0.8801352999999998,-0.125527143,-0.6297483349999999,-0.7033312721501072,2
0.8625431378187074,0.8088316542163027,-1.0424990311917988,-0.4871442884095108,-0.12061675371271657,-0.46546113165865916,SLOW,3583584,0.07938706581368554,-0.5642623877335939,-0.3342103999999999,0.775442234,-1.080653165,-0.41970604223283364,2
-0.8951288723474633,0.33664953687074567,-2.347760842035397,0.16107525510485698,-0.5708232971962345,-0.4126505139650675,SLOW,3583584,1.2289441741613427,-0.3592121480540944,-1.7322178,-0.42651453,-1.2855859,0.41271295062560565,2
-1.1441910344825832,-0.7483818262760471,-0.6686324534575633,-0.8066891281203139,-0.3578223793304528,-0.3228724206598662,SLOW,3583585,0.04079509358176312,-0.42412198139720597,-0.24545530000000004,-0.9800914199999999,1.6538167000000001,0.15026704840453103,2
-1.1915478451483466,-0.23860070161198707,-0.009873623550892828,-1.3088309956082198,-0.28520840664410696,-0.011289652641042263,SLOW,3583585,-0.3206957242551559,-0.28481184537211346,-0.04667099999999991,0.46047710999999997,0.6488285002999999,-0.9975688942844887,2
-0.8306601508430955,-0.6079363446226796,1.4625043464601675,-0.4597547409685429,0.19888467063422477,-0.10634880166394939,SLOW,3583586,0.3839769652829732,-0.7178578859879087,0.3556614,-0.33361495999999996,1.4501828997,-0.26021475359728863,2
1.1964625840291787,0.6835283102465246,0.23658892709143736,0.11542599442413828,0.6878186530092746,0.09433163202388993,SLOW,3583586,-0.0967282916739223,-0.33019338022938177,1.9977664,1.1665592999999999,-1.2074356,0.8258126597727196,2
-0.6964865794017457,-0.6261715296114846,1.374721988680802,0.90059330503489,-0.25616283341899154,0.04680205016400014,SLOW,3583587,0.23916654153961472,-0.4571530294336146,-1.8655359,-1.18303085,1.1209765,0.6926284313542383,2
-0.6183873641570623,-0.10774258167463294,0.759225407277172,0.3162827503867639,1.6463230449207706,-0.02713284227172931,SLOW,3583587,-0.5705013627355127,0.5950134915208615,0.07696820000000004,0.46828854999999997,-0.6062184000000002,-1.0248397698921894,2
-0.5949657780219588,-0.36348550609781444,-0.8671211012965854,0.8092948285107693,0.3441125843080705,0.11017481733196742,SLOW,3583588,-0.4239589426955349,-0.44757445417276187,0.023082399999999947,-0.23100848000000002,-1.60183047,-0.17109498415332908,2
-0.10302577976817769,-0.8965698344831515,0.5769224169286926,-0.17672929784569696,-0.15934420052896,-0.3281534910744445,SLOW,3583588,-0.4566832689209822,-0.7153204424648876,0.48481583400000006,-0.48152651999999996,1.42227557,-0.21199996765139906,2
-1.1364743836837559,-0.2844391777779259,0.934934529668116,0.5080096572024002,0.5135451344114675,0.052083116255968856,SLOW,3583589,0.02912191438929734,-0.43782050854846144,-1.018482434,0.5529278,0.35261533,-0.5807380982013131,2
0.06705678360647421,-0.5485438913881233,1.8349282772992963,-0.16759944122582157,1.486572273311964,0.2052339637613088,SLOW,3583590,0.560262942441809,0.45168962921690164,1.1861019000000002,-0.23856155,0.88642697,-0.29053574996692516,2
-1.1565700039299727,-0.32164397904594705,-0.28342160881698886,0.11542599442413828,0.23761212537517967,-0.07466241721544381,SLOW,3583590,-0.29766457298534815,-0.7775261741747161,-1.2059065000000002,0.20495505000000003,-2.08641724,0.63365196207024,2
1.0416728540229232,-0.1916166831220311,0.6235426849321073,-0.2588979700601451,0.014929304200601937,-0.10634880166394939,SLOW,3583591,-0.2133689969389895,-0.884646216456924,2.1664084,0.11745157,0.89329244,0.5609705506373808,2
0.6512109324190134,0.5331150660093443,0.4039747921875435,-0.3867159029553119,-0.08188931482118458,-0.17500263060127583,SLOW,3583591,-0.6528531195736587,-0.7821938590255523,-0.38480734000000005,0.65463856,-0.21625806000000003,-1.0050507143223737,2
-1.3059417722351752,-0.30364567416448196,0.26597883950963697,-0.43236517858180284,-0.55630058190608,0.04152098839464097,SLOW,3583592,-0.13864163333609666,-0.41130273379429816,-1.92880966,-0.75583255,-0.13591576,0.2891351637198945,2
0.23802937009540487,-0.22291950863155244,0.5560890687446133,0.03325731922053572,0.03913395925322525,-0.25421859172253974,SLOW,3583592,-0.9095557791278367,-0.8400703095535215,1.5216117,0.07291865000000003,0.28573701999999995,-0.2401469316821895,2
0.5705352452887892,0.296652579283974,-0.38094579790440486,-0.021521797930600665,-0.7305740608803296,-0.18556475413999418,SLOW,3583593,-0.8454256975931144,-0.2810034034376398,0.32769060000000005,0.46932113,-0.92290972,-0.7068327932025841,2
-0.2491551564887439,-0.4999212519602878,-1.405393207634306,-0.13108003417582384,0.21340746517149392,-0.1327541191559643,SLOW,3583593,0.058798185447257595,-0.7971584073431079,-0.80781983,-0.7195323600000001,-1.0090045799999998,-0.31117132029163547,2
-1.2707097500249267,0.8144317758360573,0.4154884931947029,-1.1262340126684338,0.22308932291319905,-0.02713284227172931,SLOW,3583594,0.005876153493693471,-0.4029724729326881,-1.00676067,1.1872340000000001,1.7934331799999998,0.5896090593905351,2
-0.9742995340382545,-0.08400202932315243,-2.4076696251296217,0.10629614527714898,-0.3432995768684721,-0.03769496926853528,SLOW,3583594,1.3203568257013916,-0.6586226167245933,0.29211767,-0.8115408399999999,-2.78060098,1.1293472708680954,2
-0.45518782519162304,0.2075473653179967,-1.1646802274540105,-0.46888457516976007,-0.7499377367401826,-0.07466241721544381,SLOW,3583595,-0.26670682622893993,-0.23470298395262276,0.51159405,0.26335189000000003,1.2242521999999998,-0.4385177693220672,2
0.33505535860762214,0.3563688620282653,1.2533657277428734,0.005867759822950055,-0.1351395482499857,0.07848842942537425,SLOW,3583595,-0.1405856436177294,-0.8169245859100228,0.77879906,0.13442807,2.3815956,0.7249513471760519,2
-0.04850235805538566,0.5274872675999299,-1.2379124521315448,-0.06717106324450876,-0.2271172284950303,-0.22253220381594654,SLOW,3583596,-0.19343296304477606,-0.7408184978435666,-0.3780031202,0.15456851000000002,-2.4537239,0.702995600711531,2
-0.8095976788679063,-0.032542071698271204,-2.0041725889131508,0.3893215734542227,1.4187993483671426,-0.011289652641042263,SLOW,3583597,0.8040063397387565,0.38047924085890755,-0.7500733098,-0.5058655160000001,-0.7547093,-0.614112857565858,2
0.3470938878770324,-0.011600693392327317,-1.0882072507006857,-0.377586083699867,-0.20291257621605602,-0.10106773643650258,SLOW,3583597,-0.36467586264372626,-0.7325567079206091,1.13994062,0.01891601100000001,0.9021577999999999,-0.33678313233639584,2
-1.1570892231457097,0.7880806601181419,-0.5326360018630173,0.8640739383384772,0.5910000438933775,0.06264524411729674,SLOW,3583598,-0.07815640387939668,-0.27223375977749104,-1.48239987,0.722339335,0.5471964000000001,-0.05151021808046873,2
0.6374385539358084,0.4712611276681763,-0.15533300247059692,0.11542599442413828,0.03913395925322525,0.12601800264004492,SLOW,3583598,-0.8004522084629788,-0.8203597750325589,1.76853983,-0.28617800000000004,0.3716154199999999,0.04127701600764296,2
-0.5378864480210116,-0.262306325854917,0.423334384530872,-0.0032620923131936857,0.8233647406402611,0.18410971668387216,SLOW,3583599,-0.8610345322810148,-0.1860526505187858,-1.15830421,-0.66261971,0.56994438,-0.3396023336666534,2
0.2282315401286167,0.09708710301649762,0.23477536896843285,-0.07630091538065249,-0.19807165526991494,-0.1697215688319167,SLOW,3583599,-1.2936250151685542,-0.7870334849831222,0.7550232400000001,0.32463431750000005,-0.18571662,-0.9517104760590568,2
0.8271068575898388,-0.1219015290823493,-0.09124221863383702,-0.9436368802709257,-1.064598311463386,-0.0852245450767717,SLOW,3583600,-0.6694945089760213,0.14023243753058612,0.5902025399999999,-0.1978089175,-0.3211031,-1.094726167154804,2
-0.47728038466190686,-0.4969415687855186,-0.44919432684690314,0.24324395721084954,-0.1012530382293063,-0.26478071526125807,SLOW,3583600,-0.7593892814096284,-0.762712466354272,-1.2854974000000001,-0.33876765,-0.35255623,-0.41577104482883637,2
-0.524202601639767,-1.1875091330437568,0.5514452666692822,-0.4506248768757814,-1.0161889435077456,0.09433163202388993,SLOW,3583601,-0.09555537580106108,0.02439967828125488,-0.046242700000000025,-0.6237786,0.98555565,-0.6250660214079644,2
0.1009232095592995,-0.36191370800088934,0.9962163808048037,0.04238717135667947,-0.4013907550175488,0.004553538718688605,SLOW,3583601,-0.4327388115216575,-0.6028164016126137,0.61607288,0.7457471,0.4380665,-0.731102264448126,2
0.4497602794357665,1.1494104595982748,0.13425631437363883,0.5353992345349126,-0.2706856200315493,-0.259499662137118,SLOW,3583602,-0.4185121939887927,-0.5776325732844185,0.34378529,1.36515487,-0.84896662,-0.1455577462688999,2
-0.34663619493156406,-0.8541234588700599,0.26580940540881676,-0.12195018203968008,0.14079350040985958,-0.3228724206598662,SLOW,3583602,-0.6001214361245765,-0.7454494997585661,-0.78486324,-1.80976004,0.12957001999999998,0.1893484782165224,2
0.9132729962017928,0.6586390161341423,0.5480369588069486,0.2615036405590559,-0.7257331320094772,-0.5763634979769545,SLOW,3583603,-0.27642710868206954,-0.14905456579064497,1.24166347,1.36645407,0.27797317,0.0789555569019796,2
-0.7560639656912196,-0.28831813520231964,-0.6319108001625386,0.9645022640095873,0.5813182178505181,0.1471422756531389,SLOW,3583604,-0.533335361185182,-0.23060700830708392,-1.645162,-0.8553712,-1.1621608700000001,0.40207644313937757,2
-0.15414318451034725,0.45859715866000533,-0.3754460226304972,0.16107525510485698,0.5377498183892877,-0.33871560596794364,SLOW,3583604,-1.1122632806259931,-0.43447531067048134,0.5932039,0.6746766,0.25259875000000004,-0.8605358886148274,2
0.6407988469422806,0.03530248894453361,-0.8259308774186825,0.3893215734542227,2.3046896090980638,0.004553538718688605,SLOW,3583605,-0.46498735514644385,1.238145746732987,0.78342986,-0.382355283,-0.44369411,-0.8153072953165855,2
0.6092664924871762,-0.24115408473098493,-0.16411327901161263,-0.03978150384692309,-0.004434419603755364,-0.5710824275623761,SLOW,3583605,-0.8591707801951064,-0.5614636870989343,-0.03107571000000009,-0.249718787,0.65184116,-1.0964176100731333,2
-0.21336811663803434,0.1498337307906217,1.0049627258522347,-0.21324870937942636,-0.7789833416641438,-1.0569402746025824,SLOW,3583606,-0.5072399301684114,0.16486193261832727,-0.8107213999999999,0.35317302,1.151453,-0.3388142172660003,2
0.9269834478748816,0.2517265736609697,-1.0744955564798306,-0.23150840767340497,-0.4546409963710614,-1.1519994210319238,SLOW,3583606,-0.012907048953505773,0.06377409967033268,1.12383725,0.09203816999999999,-2.0481119,0.5526278393667642,2
1.1856160063340002,-0.8414011693307178,0.4345150045749737,0.9097231691276515,-0.21259444188247262,-1.574484535485039,SLOW,3583607,0.11257250699683381,0.4356233255008783,0.2548870999999999,-0.98740475,1.48626328,0.013909212978720194,2
1.7955363351621414,0.369179916567404,0.6972813031386749,-1.4366489583949311,-1.1130076001719116,-1.2523396378758433,SLOW,3583607,0.6209358224021625,0.6782889785058407,0.6010876,1.0934984700000001,0.25880528,-0.5173415856544004,2
1.6576993104151483,-0.10873582416051046,-0.2734000000591422,-2.3131148501502095,-1.054916374474566,-0.6555794763886564,SLOW,3583608,0.3176991590253645,0.649142714448526,-0.13584090000000004,-0.43169362,-0.95604896,-0.7352526014467433,2
0.8467144097438735,-0.2621600927690707,-0.32982886582836085,-0.7245204559058659,0.8427284957472287,-0.5129907308089872,SLOW,3583608,-0.547400418740509,-0.03696592104297156,-0.7992404,-0.13858568,-0.05557824,-0.981396382813444,2
0.5660504981914365,0.9470754472522368,0.8029931758423421,-4.40385112682823,-0.6773237640538368,-0.259499662137118,SLOW,3583609,-0.20318526136452794,1.3574496814488455,-0.27659940000000005,1.09228306,1.11574554,-0.20414727507938737,2
-0.10363953604838978,0.5431452120770502,-0.4436703467014497,0.15194540595786768,2.629031962315857,0.07320737630123417,SLOW,3583610,-1.0018509371752178,1.54810799223869,-0.659991734,-0.3648637,-1.2278709399999999,-0.3497552607612828,2
-0.05227658384316555,0.9993957611321946,0.4818827908953157,-0.7153905768673321,0.08754326698105841,-0.06410028935411595,SLOW,3583610,-0.5726281823293088,-0.6453238315130133,0.0506191255,0.41212379999999993,0.9116010699999999,-0.7916289691698595,2
-1.182976314167267,0.756360667893437,-0.34660609078560334,1.9322667219636191,1.365548932669978,-0.14331625133990172,SLOW,3583611,-0.13798917417851717,0.6550287826085253,-1.1143251915,-0.21952969999999994,-0.8159999899999999,-0.39248563038119094,2
-0.5232536795639937,0.2064427846426759,0.4571231465366039,0.37106189010601637,-0.44011820975850374,-0.39152626688763087,SLOW,3583611,-0.9197131395212366,-0.4471640259730383,0.6501686800000002,-0.496732,0.7916135799999999,-0.6540544228938124,2
-1.3141316765853406,-0.7110432354068108,-0.3956451097720169,0.44410069822770293,-0.4546409963710614,-0.20668901850786905,SLOW,3583612,0.0672050919065985,-0.48249006678287887,-0.77942468,-0.8287504000000001,-0.83991337,-0.37674337776916694,2
-0.021372978288015636,0.3940348914606084,-0.0045549146258259555,0.20672452325846177,0.15531629494712873,0.14186120523856063,SLOW,3583612,-1.3829476219519947,-0.746838809629544,1.274037258,0.99819934,0.38519478339999996,-0.1256775222385679,2
-0.09109467012560897,0.48633616574291477,-0.1778007480548217,0.024127467084391983,0.18436188402166706,0.11545588774654571,SLOW,3583613,-1.236889331630916,-0.772938337840119,-0.068711998,0.08337426000000003,-0.1706342734,-1.596146537353574,2
-0.12230237305037302,0.2154531074357151,-0.23382874094516432,-0.5054040165950339,-0.3529814425348887,0.2369203343774638,SLOW,3583613,-1.4043549642594662,-0.498945838007426,-0.030755760000000007,-0.24468432,-0.05518340999999999,-1.545097569143948,2
-0.8279098211885016,0.2367030697685778,0.05973533258204605,-0.4232353144890413,-0.6143917283563108,0.09433163202388993,SLOW,3583614,-0.7748290770444375,-0.3514424218839326,-0.695389,0.019194749999999997,0.28913880000000003,-1.0414712702235145,2
-0.31664875355976735,0.6440273982254668,0.331989707271523,0.17933495339883557,0.0681795435729367,0.04152098839464097,SLOW,3583614,-0.923547710918425,-0.8560904116961939,0.5038571000000001,0.36792953,0.26815033,-1.1161843554752384,2
-0.34379554731255196,-0.19265006802363113,-0.016319399017482493,-0.24976812091315578,-1.38409969618677,0.052083116255968856,SLOW,3583615,-1.2577999687754409,0.3581349482675486,-0.026753660000000012,-0.75575733,-0.3430585896,-0.9639553755698336,2
-0.49087471468745036,0.18283670827679419,-1.465029990515146,0.19759466663858638,1.4236401583673233,0.24220140479204208,SLOW,3583615,0.0797587740949928,0.4001379368539433,-0.1449492,0.33917118,-1.4268722904,-0.31675044950040493,2
0.25499803650038483,0.9794868942483693,1.2517797197797191,0.6540872883915456,1.3703899804115025,-0.04825709799438507,SLOW,3583616,0.08798419664629147,0.3614627118409551,0.73507119,0.71960133,2.6758557,1.084548931102652,2
-0.14527698013554982,-0.08044881664233801,-0.4845652386567342,0.4167111208951906,-0.2755265489024018,-0.4126505139650675,SLOW,3583617,-1.1210702904698062,-0.5375600500470227,-0.39447832400000005,-0.9574229200000001,-1.7101707700000002,0.21184683380101635,2
-1.1706039402346367,0.18275274796768237,-0.001430306336559677,0.024127467084391983,-0.01411628051534508,-0.10634880166394939,SLOW,3583617,-0.38428586932470526,-0.9628838377045462,-1.010478406,0.23774575000000003,0.4758520104,-0.65056474058869,2
0.09578357858108551,-0.030384526453273473,-0.17849595785740194,0.4897499589084217,0.39736284151100604,-0.2753428474451955,SLOW,3583618,-1.4376248936566314,-0.513572737543667,1.2480479800000002,-0.19252348000000002,-0.1743965104,-0.5169162545069947,2
-0.05531996287280458,0.026461697558876254,0.309373808379582,0.2980230520927853,0.19888467063422477,-0.011289652641042263,SLOW,3583618,-1.3422386889160427,-0.7574243919326012,-0.148915294,0.051348282,0.48051547000000006,-1.2906223036867472,2
-0.5444027354275527,-1.3970858659699965,-1.4993657785565917,-0.4506248768757814,-0.4885274984670293,-0.0693813533366512,SLOW,3583619,0.728368739869754,-0.47683573895084846,-0.481999986,-1.285867672,-1.7814741,0.4634167439461544,2
-0.3487555469095622,0.43522475189386306,-0.23625909686447905,-0.12195018203968008,0.1117479192600327,-0.12219199129463644,SLOW,3583619,-1.1298504567108891,-0.88966850675096,0.19281387,1.65509678,1.24406623,0.2925631413635065,2
-0.09736674084103492,-0.7796792382055111,-0.003308750978553003,0.40758128669397353,1.2977760077251566,0.24220140479204208,SLOW,3583620,-0.7882779064897177,0.2945837449702721,0.24774825,-1.09740328,0.229438782,-0.6442874521463957,2
0.7481019259645281,1.3501912098613158,-0.5025101963703064,0.06064687861812139,-1.0403936274855656,-0.21725113340136826,SLOW,3583620,0.036338066410149555,0.023136674990175663,0.83322478,1.9238778,-0.49167633200000005,0.36697005967784835,2
0.43038691879041313,-0.7539453591798716,0.25804290077173164,0.8914635156709896,0.4215675017146918,-0.3651209148147395,SLOW,3583621,-0.6153235207735697,-0.33612601062727737,-0.31311392999999993,-1.9006328,0.74908829,0.27979051428185725,2
1.124792169224492,0.795934447366311,-0.23103043848859392,0.3162827503867639,0.31990794787851917,-0.1327541191559643,SLOW,3583621,-0.12192794870823377,-0.6566034427878323,0.6843490300000001,1.39998156,-0.4817009,-0.15853934498908773,2
0.03687918847069643,0.3515002047470704,-0.6451528752019858,-0.7884294148805632,-0.2658446911606967,-0.1961268863239316,SLOW,3583622,-0.9108482585864062,-0.519201872687504,-1.0721580700000002,-0.40145031999999997,-0.40787983000000005,-0.5767261515334808,2
0.9297398656969457,1.1698207966985872,0.44313455833219373,-0.46888457516976007,0.4118856360482752,-0.24893752130796146,SLOW,3583622,0.005258440567946104,-0.5287008798019666,0.87993047,0.73917586,1.07188226,-0.21844952340702922,2
0.08829706051262609,-0.2278520771554297,-0.4205131887062775,-0.6971308785733534,0.0633386107397284,0.06264524411729674,SLOW,3583623,-1.112609080228041,-0.639756257006402,-0.82925722,-1.26249548,-0.85062886,-0.05544470546069207,2
-0.3293912677806849,0.1938558346047701,-0.5106088072776354,-0.14933973545895685,-0.20775351301162004,-0.021851778773326322,SLOW,3583624,-1.0281184159727146,-0.7848040044128958,-0.41163945999999996,0.38092199,-0.08873749000000003,-1.2281040642711654,2
0.09278277156982809,-0.19602230771221837,-0.3787361997543934,0.42584098498795214,0.765273554566473,-0.11691092866075536,SLOW,3583624,-1.1691190725112817,-0.23732078961952718,0.41606021,-0.35217067,0.12988472,-1.235614256888094,2
-0.13705235902508087,0.5413570700507129,-0.9464843772938446,0.3254126144795254,0.0439748912939624,-0.16444050273994795,SLOW,3583625,-0.5034153792183098,-0.808323245604039,-0.22650671,0.66606296,-0.55918977,-0.8952672031229822,2
0.8343991631160037,-0.5510034723316064,0.6336611131761368,-0.09456061815836275,1.3703899804115025,-0.02713284227172931,SLOW,3583625,-0.26970302085767506,0.31683273652895066,0.95738318,-0.98671175,1.5563259,0.2896851291383823,2
-0.04537358040211373,-0.04512363915412396,-0.5403163071043712,-0.06717106324450876,0.9443880020351325,-0.26478071526125807,SLOW,3583626,-1.0798949918687581,-0.08269047664304349,-0.8670320728,0.45695313600000004,-1.15628053,-0.2745124676940573,2
1.9004341415681056,1.6931275573986535,1.7379308081473037,-0.3319368080733761,-0.6966875270855158,-1.0041296914898672,SLOW,3583626,1.8186915602835854,0.08450819355933059,1.9176289728,1.570134414,2.2439041299999998,1.563933320592179,2
0.5000420791338938,-0.32780868503332894,-0.012108391416805303,-0.18585914699268627,-6.341212841117663,-3.8453419608313903,SLOW,3583627,-0.9450509106107783,6.044358983250732,-1.3801119,-1.8254792800000001,-1.72365858,1.0827452257222077,2
2.050980926195027,-1.0344763028067125,-0.7474893663849398,-1.4001296365358347,-0.4643228382633436,-1.115032031872505,SLOW,3583627,1.1615550510720083,0.2523068241401615,1.5284784999999999,-0.63832152,-0.72429562,0.01931220884944622,2
1.8969439980964433,-1.2676679797422408,-0.6502672813045889,0.7362559606059937,1.9077332039468091,-1.2840260084919985,SLOW,3583628,1.0950646079444586,1.170913784212659,-0.15180619999999978,-0.21063830000000006,0.09575653000000006,-1.5209265040933748,2
1.5167486953545153,0.6225163773418174,0.3106383707751447,0.8366843759517372,0.10690699038918013,-1.6801057708722225,SLOW,3583628,0.24405335644990112,0.4998223017732369,-0.37468940000000006,1.7073732000000001,0.94642067,0.20030909837385308,2
0.8422151525140505,0.2506285911323038,-2.232338632785229,-0.770169746478129,-2.236103573692395,-1.9494401372400174,SLOW,3583629,1.1069633396274745,1.7775029860740632,-0.6647651,-0.33592027,-2.5046434,0.8293109120716363,2
0.441590800887463,-0.11684454785359352,-1.2333296698875853,-1.0258055973226903,1.5301405935260797,-1.1942480016389883,SLOW,3583629,-0.15411740627410223,0.8542640218085749,-0.3948226,-0.33193258999999997,0.9839495999999999,-0.6817335654605684,2
0.3946816430288263,0.6220112980719588,-1.246240593043502,-0.29541736664810225,-0.08673024369203713,-0.8404167334136377,SLOW,3583630,-0.06707935695816455,-0.3005200480139161,-0.04622982999999997,0.66739663,-0.012716299999999903,-1.1262063703472749,2
-0.5283996016485933,-0.21983974618537364,0.3838967395568026,0.3254126144795254,-0.7789833416641438,-0.6978279359626535,SLOW,3583631,-0.9151581650232327,-0.0407354267541626,-0.9097133900000001,-0.76043054,1.60556415,0.2085013330281009,2
-0.2841590956516728,-1.3767634635657908,-0.36031776470035815,0.9553724148625979,2.5031677324265758,0.5854705927047698,SLOW,3583631,-0.0659054195238118,1.5406876438865866,0.24070346999999997,-1.04503063,-0.73299599,-0.492602403947073,2
-0.9615851775918859,-0.1819438333381167,1.5378541928064495,0.9097231691276515,-0.05768466254221027,-0.28062390921455466,SLOW,3583632,0.42009422316276257,-0.48808832671140207,-0.66761575,1.0792614,1.86955834,0.4737542722136654,2
-0.6603701493970151,0.13012098938782635,0.37407653685468284,0.6266977708421222,-0.4352772650382282,-0.07994348157836872,SLOW,3583632,-0.8614534294724202,-0.4613961382438991,0.2968529,0.281883147,-1.14623452,-0.5749139221225487,2
-2.004157677717377,0.6324660503759088,1.334709122650766,-1.1718832733491524,1.4478447630980287,3.6115202833304374,SLOW,3583633,1.1476719238222834,2.614563718558198,-1.3243270999999999,0.453760233,0.9461517199999998,-0.09958005407095956,2
-1.094622088166578,-0.001996808632887085,0.04849080619441649,0.28889321789156824,0.09722512472276354,2.1592278212696163,SLOW,3583633,-0.4734492391633119,0.9892793896000119,0.8963638999999999,-0.57310012,-1.2668294729999998,-0.13513037662376373,2
-0.436795938024116,0.19335057820345752,-0.7733799488462556,-0.03065165096349074,-0.23679910208615837,0.10489374691738917,SLOW,3583634,-0.6987578881821006,-0.724377561430302,0.64829966,0.17645416,-0.8094816269999999,-0.7410472250174204,2
-0.10054849833644794,-0.5423992566086027,0.14345198265523793,-0.7792995507878017,0.8814558870904918,0.057364182347937574,SLOW,3583634,-1.0204861288283322,-0.06877292850957789,0.33137797999999996,-0.66459102,0.90301133,-0.6231870935118997,2
-0.8784767602100886,0.6878725698586783,1.4728310137626714,0.6449574242987842,-0.2271172284950303,-0.12219199129463644,SLOW,3583635,0.39002394334045404,-0.5920603264592242,-0.76666248,1.1112848,1.30933957,0.09261802338420634,2
1.1456146151971744,0.14456877509364666,-0.5635102597532691,-0.03978150384692309,0.38284005489844836,0.2263582367744028,SLOW,3583635,-0.1743475786888093,-0.5616311073099303,1.9947789400000002,-0.49075759999999996,-2.00564485,1.0887983891352762,2
-0.7121019172067545,-0.5519442064121414,-0.6996141813836001,0.2706334897060452,-0.16418513732452403,0.09433163202388993,SLOW,3583636,-0.394855375563581,-0.7400972236623349,-1.8308135,-0.629149,-0.13405224999999998,0.15279310021187553,2
-0.04682547562166918,-0.8219830229982756,1.1576202312042638,0.08803643203739817,0.10690699038918013,0.28444989894691536,SLOW,3583637,-0.034777513266413485,-0.6762855601296505,0.6556420580000001,-0.24392172999999995,1.8292378999999999,0.17080175948189993,2
0.5637341026732703,0.5090137854521544,-0.41850982946386195,-1.0440653553997579,0.1117479192600327,0.6858108095486897,SLOW,3583637,-0.7434280786998061,-0.1487733257625652,0.601717592,1.20226806,-1.552371,0.26655549607833195,2
0.3062453586775869,-0.008687550755258166,-0.43877961229354145,0.5993081935096098,0.04881582016481496,0.43231971494116306,SLOW,3583638,-1.0623561189656516,-0.45779245303155874,-0.25375985,-0.46763131,-0.01996422999999997,-1.26371756882608,2
-0.3395427391019167,-0.36367514746056306,0.10383810611327622,-0.4597547409685429,-0.30457212212751716,0.5432220553238011,SLOW,3583638,-1.1110714898564966,-0.3443189843076801,-0.63643594,-0.3206546,0.534438135,-0.9032184369804954,2
-0.3589663575697353,-1.3256078997018739,-0.8296867952588314,0.12455584357112756,0.2521349119877374,0.3531037451746801,SLOW,3583639,0.12079208495624973,-0.5594038446858735,-0.019142329999999985,-0.8688984200000001,-0.9194526650000001,-0.5265636315897222,2
0.24529501959499675,0.2620963803620961,-0.24757817405340846,-0.2862875324468852,0.03429302721248809,0.46928719055277274,SLOW,3583639,-1.2403384885183888,-0.5105507444774989,0.5955106,1.4341478,0.57333374,-0.13411048959086977,2
0.6708010724140836,0.9804271301466904,-0.029956518475839373,0.20672452325846177,0.0681795435729367,0.3055741806052285,SLOW,3583640,-0.4364273478906701,-0.6511633607621049,0.41934397,0.64885664,0.214341161,-0.9927801071366513,2
-0.7369967384001518,-0.45945243832196486,0.2872207667376524,0.27976335379880674,0.21824840196705797,0.15242332877727896,SLOW,3583640,-0.6550397920275449,-0.6869223682874089,-1.3874104,-1.30062011,0.312396059,0.1393815355152821,2
0.7377917158234607,-0.3365101127123335,-0.0010216962242901714,-2.1305178672104232,-0.1932307184743509,0.28444989894691536,SLOW,3583641,-0.6976356057888888,0.14059546293587538,1.4534309,0.11105183000000002,-0.283897409,-0.30540178831308823,2
-0.07715439520399874,0.1583760279997986,0.5259400533792709,-0.9436368802709257,1.0992977259024146,0.1629854609612164,SLOW,3583641,-1.084869504220439,0.17133979692776222,-0.803144245,0.44702271,0.5190181690000001,-0.7374383825125803,2
0.5463340997499833,0.610534353360147,-0.2797257158092975,0.47149026061444305,-0.716051274267772,0.004553538718688605,SLOW,3583642,-0.7676354217191934,-0.2549442481134089,0.614459275,0.40842736,-0.79352092,-0.7093168167040743,2
0.08958009107220966,-0.24781971846977668,-0.5471610163187897,-0.1036904702945065,0.09238420377662244,0.12601800264004492,SLOW,3583642,-0.9774889408223667,-0.8147672995666065,-0.45013939999999997,-0.77533746,-0.26340389999999997,-0.8593133326979429,2
-0.23677238193668562,0.19717410455352083,-0.6680979968979294,-0.27715766835412364,0.3247488688246602,0.015115670902626043,SLOW,3583643,-0.9007089130292202,-0.6688809873017386,-0.32162630999999997,0.40195578,-0.11911394000000008,-1.2677683067180372,2
0.5975170902909186,-0.020311558856605925,0.7425856749249935,0.11542599442413828,-0.40623169181311286,-0.38624519647305255,SLOW,3583644,-0.5537489991546871,-0.5102501139409197,0.82220748,-0.19645131,1.3894186,-0.1632381917922487,2
0.4810902632041665,0.7234961407798585,-0.6767872310382946,-0.7519100332383782,0.6248865856129027,0.30029312748108844,SLOW,3583644,-0.5037867978129268,-0.22976826712280404,-0.11474076,0.67186956,-1.39797685,-0.23475349560945177,2
-0.19817250724535634,0.027223265388013087,0.008948582773243296,-0.6240920853974392,-0.9096885083489892,0.057364182347937574,SLOW,3583645,-1.5266181150183438,-0.0549675689476634,-0.66942584,-0.628932116,0.675398825,-0.6524049922176625,2
0.7389081842680095,1.5367204836734503,0.29176775947985073,-0.7153905768673321,-0.28036746192383144,0.26332567780513605,SLOW,3583645,0.13597495698875936,-0.4665674032817519,0.9235101,1.363504616,0.278555875,-0.11914156739396836,2
-0.6706491576797984,-0.6164237089397399,0.2795462487348811,1.0010216605975444,-0.17386700299094063,-0.20668901850786905,SLOW,3583646,-0.6097190313632093,-0.43793233687541216,-1.3891444499999999,-1.9449006,-0.012037280000000039,0.605023342614213,2
0.16732451835757597,0.49296287484472895,-0.714857666279835,0.22498422902532653,0.10206606151832757,-0.053538161492788054,SLOW,3583646,-0.7456914600661199,-0.8534487699195675,0.82583833,1.0020911,-0.97941397,-0.16313151705336199,2
-0.5247324244138478,0.4757383908607189,0.1470355524691749,1.110579850361416,-0.24164000718287654,-0.3968072854308945,SLOW,3583647,-0.9861341949603487,-0.3105699246631586,-0.68203473,-0.015558600000000034,0.84890078,-0.7037617234511255,2
0.9618632695969879,1.278323222273308,0.46878500085147956,0.35280216192049335,0.4022037624571472,-0.02713284227172931,SLOW,3583647,0.12059847939146719,-0.5801092970023102,1.46506715,0.7249619999999999,0.3168993,-0.12432699735295848,2
-0.3192102181124946,0.5051074501474292,0.13191504131629656,0.4897499589084217,0.12627071379730187,0.052083116255968856,SLOW,3583648,-1.1343874705189916,-0.7026030648947528,-1.2625212700000001,-0.6984333999999999,-0.33179188000000004,-0.3099936283722491,2
0.3004689764106264,1.149018368054523,0.27348874611040697,0.6084380725481436,0.7168642737826587,-0.0905056094396966,SLOW,3583648,-0.4542345895719889,-0.24771018542121323,0.6107051400000001,0.5816344,0.13943957999999998,-0.9394043129608172,2
-0.02948486683083085,0.6710554882184598,0.20205751007979753,0.6358276199891115,-0.08188931482118458,0.025677794441344378,SLOW,3583649,-1.037326100014686,-0.6482087753129242,-0.32517552600000005,-0.4317362,-0.07035445999999998,-1.2510077528858536,2
0.49609922967610437,-0.10060524687431205,-0.0525114087047639,-0.03065165096349074,0.03913395925322525,-0.0007275230506705625,SLOW,3583649,-1.056208301252694,-0.9437193290690126,0.517972706,-0.69702876,-0.25073147,-0.890036560985467,2
-0.38446723554088413,0.9227329911499518,0.2560763463360917,0.20672452325846177,0.1456344372054236,-0.1961268863239316,SLOW,3583650,-0.6778999851831334,-0.7995445360928798,-0.8678143,0.92436501,0.30393601000000003,-0.48772516469347177,2
0.3577372526890065,0.1444606031289405,-0.32070194384929374,-0.06717106324450876,-0.23679910208615837,0.004553538718688605,SLOW,3583651,-1.1204748814035548,-0.7603323653447479,0.73145605,-0.70300096,-0.5680837599999999,-0.6296427195863745,2
-1.663221821436592,-0.603014713966076,0.022566336912936566,-0.5145338956335676,-0.3675042132980235,0.28973097800671277,SLOW,3583651,0.33113641526034665,-0.4606866937034676,-1.991692,-0.67518246,0.338093751,0.34341503663255196,2
-0.21861975975075143,0.2300813978424816,-0.10924139363518363,-0.30454723074086376,-0.13998047712083825,0.07320737630123417,SLOW,3583652,-1.4323233844682863,-0.7688053639687091,1.42368166,0.75252235,-0.129820821,-0.17412637382724777,2
-0.21204686253368468,-0.8451474663669146,-0.43015910414960784,-0.40497561619506267,-0.048002796875793674,0.8706480579284515,SLOW,3583652,-0.5850779340913451,-0.14639461215345684,0.006477709999999998,-0.97123698,-0.3160801,-0.771826510654991,2
-0.8610358143605655,0.17013091410408943,-0.775998115887153,0.15194540595786768,0.21340746517149392,1.0818906151550092,SLOW,3583653,-0.39320636730570147,0.040649287619439006,-0.63959044,0.91708467,-0.34062573,-0.6235209579923455,2
-0.1849391954038409,0.6906292888159485,0.39339547638523065,-0.5510532473842081,-0.3723451500935875,0.8970533235491518,SLOW,3583653,-0.8926030653582111,-0.0316277158691099,0.66630554,0.47015783,1.1517658,-0.37966602419992046,2
-0.6708285353873575,1.3115934911232985,-0.6517661557913985,0.9645022640095873,-0.6870056534943877,0.6646865192451574,SLOW,3583654,-0.01906513908086713,0.06305306440410167,-0.47885279999999997,0.5609069999999999,-1.02940655,-0.5254309550506633,2
0.301720429674932,1.6529218171814044,1.2377320611295652,-0.05804120811921057,0.058497680283933526,0.5537841788625194,SLOW,3583654,0.5617333643284094,-0.45207388690685496,0.95846473,0.30831640000000005,1.86101535,0.32921764355532324,2
0.0023153020525025223,0.12918450756925462,-0.8934909686430473,-0.8705980870950113,0.03429302721248809,0.27916888040365173,SLOW,3583655,-0.6754642605366356,-0.4732477517181901,-0.29506921,-1.376367462,-2.09909633,0.7431389337656398,2
0.9346961413648534,0.7911352256150145,-0.6487848649120643,0.5719186161770975,-0.2222763154736007,-0.11691092866075536,SLOW,3583655,-0.14506456833120374,-0.6260158979733009,0.91887831,0.5979294620000001,0.24101733000000003,-0.6701465399150119,2
0.311789477355565,0.3822454979349698,-0.8920598657659558,0.43497084908071365,-0.01895721255608223,-0.3228724206598662,SLOW,3583656,-0.5532917519301631,-0.6811593508656785,-0.6138858700000001,-0.36934353000000003,-0.23960780000000004,-1.0393731441986314,2
-0.4486400822531534,0.6346646945464797,-0.1330027494914361,0.234114093118088,0.22793025970876307,0.04680205016400014,SLOW,3583656,-0.9401415972592129,-0.7395934800891866,-0.74941719,0.22800621,0.74761486,-0.7100168866223522,2
-0.5305508962119178,-0.5973712283522823,-0.4671460566449221,0.44410069822770293,-0.043161864042585374,-0.1538783748786201,SLOW,3583657,-0.6424057184316235,-0.7519536867367456,-0.08072459999999998,-1.1128782799999999,-0.32910633,-0.6290510761065138,2
0.670636286014561,1.1140163624755215,-0.5361381949800419,0.80016497936378,-0.4352772650382282,-0.07994348157836872,SLOW,3583658,-0.191854555934223,-0.40233111963140716,1.18379186,1.54586895,-0.06795213,0.1605574457134177,2
0.7815558684243119,-1.224135267993572,0.5483874725571053,0.4532305623204645,0.1456344372054236,-0.7717628007336819,SLOW,3583658,0.11335221713498002,-0.322856566249171,0.10931327000000002,-2.11201485,1.0681772,0.584109507812292,2
1.6147077158254088,-0.0014905226549991363,-0.4188080651588219,-0.7792995507878017,0.7507508075774726,-0.15915944529319834,SLOW,3583659,0.29340748744450795,-0.18566424381270816,0.8210863300000001,1.10439538,-0.95261574,-0.11560993633378254,2
1.377545891705075,-0.6510294382443929,-1.215392479257374,2.3339803833465926,3.0259882089728825,-0.5552392249638605,SLOW,3583659,0.6143664311448838,2.202758020119067,-0.2337273000000002,-0.58671808,-0.78457646,-0.7861197084938647,2
1.1818403278079925,-0.09274016749596176,-1.279183991788059,1.0466709810613521,1.680209507393181,-0.12219199129463644,SLOW,3583660,0.367509997738805,0.7101315761493061,-0.1928713999999998,0.50429374,-0.06282989999999988,-1.2525101773375407,2
0.3717739286690321,-0.6305547027898999,0.05145855595077223,-0.6514816477841793,-1.127530347160912,-1.1044699083337868,SLOW,3583660,-0.8080461896155511,0.47026071183884915,-0.7983352000000001,-0.48579923999999997,1.31058404,-0.18006579164578504,2
1.9653704343341731,-0.6695398412295744,0.3367361769899206,-1.7288043552851717,0.3441125843080705,-1.5005495842618197,SLOW,3583661,0.8145911765000452,0.5772293813119993,1.5705184,-0.035214650000000014,0.28097726,-0.19395384579844166,2
-0.8228163080788733,-0.3160943177491001,-0.2586484101363335,-0.4871442884095108,0.4506130749398072,-0.30174817358242956,SLOW,3583661,-0.6621789912962268,-0.4766479408375448,-2.74780885,0.31926166999999994,-0.58640958,1.0453137441068803,2
-0.8026436217794316,-0.3456263601147585,-0.07656808633058466,0.9645022640095873,-0.15934420052896,-0.40736943490527017,SLOW,3583662,-0.7082643270863987,-0.3942982382271083,0.019880549999999997,-0.02667581999999996,0.17933559,-1.6158298150436774,2
-0.41204937385556023,0.023432685488360742,-0.6266356814291899,0.6997365640180365,-0.11577582484186398,-0.28062390921455466,SLOW,3583662,-0.8691424101098997,-0.5738928394121139,0.38493775,0.33336511399999996,-0.54177571,-1.0513538163505196,2
0.7721334855984557,0.45909122256757956,0.5323635633084229,0.28889321789156824,-0.21259444188247262,0.23163930718898107,SLOW,3583663,-0.49925576393737536,-0.6295360638025596,1.16703379,0.39352336600000004,1.14152814,-0.11003966058267427,2
-0.3308036008703865,0.00027890986152826635,0.7682410112144491,0.12455584357112756,-0.1690260661953766,-0.28590497962913297,SLOW,3583664,-0.7402726360727471,-0.7386604277494114,-1.0869646,-0.4144378,0.23232176000000004,-0.6059747057623336,2
-0.03717532633320191,0.7562037958496455,-0.06135849231573387,1.3936053981046674,0.03913395925322525,-0.16444050273994795,SLOW,3583664,-0.9892561036401638,-0.27237332425436805,0.289376016,0.6828148199999999,-0.81709387,-0.6892764262889258,2
-0.23627474527462974,0.21778090257755425,-1.551527479798659,-0.6240920853974392,0.18436188402166706,-0.18556475413999418,SLOW,3583665,0.11874506497989294,-0.6418719916663056,-0.196216106,-0.48634876,-1.46770573,-0.23143162738275455,2
-0.06788757114516975,-0.27905216743855127,0.14009304907575956,0.27976335379880674,-0.3675042132980235,0.04680205016400014,SLOW,3583665,-1.293582201786167,-0.5974438296425496,0.16594862900000001,-0.44878134,1.66612053,-0.055511606922823586,2
-0.2102973971703292,-0.8819890374474412,0.5032505651798788,0.9918918861794161,-0.16418513732452403,-0.349277729506662,SLOW,3583666,-0.5013460927813993,-0.40450989334031534,-0.140347479,-0.5446232,0.35768317000000005,-1.128818418114561,2
0.9046678179484954,0.5906980107359459,-0.7167216038376591,-0.9345071058527975,-0.29973120118137614,-0.17500263060127583,SLOW,3583666,-0.22273262165904756,-0.4433168229231474,1.0988185400000001,1.33025458,-1.20158194,0.3157888780057402,2
1.6375529554400146,0.14264917385178336,-1.7295609095001527,-0.7336503199986273,0.6200456488173387,-0.28590497962913297,SLOW,3583667,1.1156955068185024,-0.28538769043424195,0.72227166,-0.404715325,-0.9975714600000001,-0.4951957053543881,2
1.513375140289904,0.5436802154918892,-0.0020945395892694512,-0.4780144392625216,1.9513016826551541,0.025677794441344378,SLOW,3583667,0.17972047134875085,0.8987433511729003,-0.12237950000000009,0.362244905,1.7014260200000002,-0.0450544633278295,2
0.13187713737002038,0.5069849660629359,0.6591721137047308,-0.0032620923131936857,0.38284005489844836,-0.645017318269062,SLOW,3583668,-0.7872621081643248,-0.38022835123395937,-1.3614914599999999,-0.03314623,0.65129852,-0.2806931285839676,2
0.3336522085038545,0.3237538467088274,-0.39021602003321887,-1.0714547683287758,-0.08673024369203713,-0.8140113813407461,SLOW,3583668,-1.0385172751718499,-0.14694599507482628,0.19885301000000002,-0.16550973,-1.0335693400000001,-0.7275014314268983,2
0.5706477749175272,-0.20333221283142575,0.2871675038365916,0.07890658289040886,0.07302047244378924,-0.8826651756971963,SLOW,3583669,-0.8632088761212169,-0.2786936547947889,0.23356344999999995,-0.47610838,0.6671724400000001,-0.9419692605370619,2
0.8399631089260426,-0.47166576277017985,0.13739835849591914,-0.012391945346083759,-1.1953034305999626,-0.6608604603510438,SLOW,3583669,-0.5101195507280123,0.27843123917726886,0.26541517000000003,-0.24238138999999997,-0.14751148000000003,-1.4084686766974504,2
-0.21809745586349605,-0.9756502827493326,0.45753175603969043,-0.23150840767340497,0.5958409648395185,-0.9513189873440844,SLOW,3583670,-0.43630054898631687,-0.030831364406541568,-1.04273797,-0.45524113,0.31530761,-0.6116095779616751,2
-0.21812841419508125,-0.3242258913997262,0.7896397827611049,-0.824948856305837,0.6587731194077165,-0.49714750227481413,SLOW,3583671,-0.6626750400956029,-0.16317921158619156,-3.051000000001136e-05,0.5884212,0.32710173,-1.1220712236871238,2
0.19940966827201484,0.9182194049386597,0.9427107203150396,-0.7153905768673321,-0.3578223793304528,-0.21725113340136826,SLOW,3583671,-0.2526446965059445,-0.4871511293279514,0.41149139,1.1222809,0.15076350000000005,-0.5873180400527352,2
0.3969513423024973,0.6786377108064874,0.17377046258055098,0.19759466663858638,-0.6240735860980159,-0.02713284227172931,SLOW,3583672,-0.8670457831016188,-0.38078085230175773,0.19468091999999998,-0.21641030000000006,-0.75734902,-0.9831108522243235,2
-1.3254028024920972,0.654047270668851,-0.7006328369046504,0.5353992345349126,-0.2271172284950303,-0.23309433599988397,SLOW,3583672,0.10796427894380553,-0.6124556472191309,-1.6974114,-0.022212149999999986,-0.86122228,0.11556104318278214,2
0.7587883442674613,0.37490573509507746,-1.7148993974382307,0.343672312773504,-0.004434419603755364,0.2263582367744028,SLOW,3583673,0.5239986460945147,-0.6854463533322762,2.05400836,-0.25214407,-0.9989772,0.5123190427949633,2
0.2760200931905186,-0.13465882422525297,-0.6039171148941824,1.2110083404360206,0.135952571539007,0.11017481733196742,SLOW,3583673,-0.8925544731581136,-0.3412494340997585,-0.47577691,-0.46028148999999996,1.094235,-0.5127919538857757,2
0.501360776207906,-0.15618553231328144,0.6991422963119569,0.37106189010601637,1.6947322543821814,1.0449230530912081,SLOW,3583674,-0.639250619019219,0.9210668489675502,0.22207734999999995,-0.019444729999999993,1.2834167,-0.48891179489408304,2
-0.36384737334076744,-0.11199793236768359,0.3232016839532466,0.343672312773504,-0.38202701576000414,0.5960326730173926,SLOW,3583674,-1.1374004698273592,-0.2790666957942238,-0.8526784,0.039913950000000004,-0.37027357,-0.863304615905752,2
-3.047503679519938,-2.2677464112514136,0.6117675428837135,-0.03978150384692309,0.5474316761309929,0.9181775706265882,SLOW,3583675,2.7037428182667296,0.015354776634011816,-2.6447922,-1.94725301,0.28421592999999995,1.5169326519156008,2
-1.9106850278551615,-0.14757493985794015,-0.7015130048217226,-0.4871442884095108,0.29570329559954484,0.9340207991607614,SLOW,3583675,0.6443717607834122,-0.04204307911274301,1.1203554999999998,1.91511687,-1.29348376,0.7842628386939087,2
-1.7524388422372443,0.5268172678758466,-0.0017846932722856688,0.5171395212951618,-1.0161889435077456,0.5432220553238011,SLOW,3583676,0.3547117021571943,0.16359338520665745,0.1559545,0.60916766,0.6891803956,-0.8608101869306621,2
-1.1816256542140369,0.39755481449882,1.4112993671332656,0.5719186161770975,-0.11577582484186398,0.36894697370885304,SLOW,3583676,0.45379644102695516,-0.49797249411075867,0.5625468,-0.1167607,1.3917828044,-0.2846285022135061,2
-0.04111284939532904,0.3862526874612152,-0.36957733627957,-0.41410548028782423,0.6394093643007489,0.1629854609612164,SLOW,3583677,-1.18324524976983,-0.332378665237156,1.12399615526,-0.010209030000000008,-1.75403123,0.2963991630662898,2
-0.7827708284626185,0.4031808083815486,1.7023885331571251,-0.770169746478129,-0.6143917283563108,-0.1697215688319167,SLOW,3583678,0.505191640292033,-0.284198042533756,-0.73091745526,0.015290899999999996,2.04073243,0.381344908326684,2
-0.7790700343964925,0.1410191382540563,-0.714014323475639,-0.5236637298347847,0.4167265569944163,-0.09578667293809959,SLOW,3583678,-0.5154984890271982,-0.5368659131491647,0.0036471999999999616,-0.23680642999999998,-2.37997727,0.606680415091729,2
0.47581563725924997,0.007828469409471042,0.1412346377279658,1.384475548957678,0.571636360108813,0.004553538718688605,SLOW,3583679,-1.082047265766591,-0.09731385752803907,1.2367127,-0.120308994,0.8423566800000001,-0.289196512251392,2
1.7390944565891997,0.25900431835059246,-0.9813402045637182,1.3570860015167103,0.058497680283933526,-0.28062390921455466,SLOW,3583679,0.6799170995675122,-0.2705720481621643,1.2449843,0.226883114,-1.10565281,-0.10883749630579143,2
1.0469004590210793,-0.12920915363408872,0.4476786371490004,-0.12195018203968008,-1.1420530941499123,-0.41793156708920753,SLOW,3583680,-0.31125400434051426,0.15645917344918978,-0.6821698,-0.350667,1.40747738,-0.18684670790242486,2
0.05090026250688541,-0.7760534680529246,0.664291342506153,-0.03978150384692309,-0.9096885083489892,-0.8351356284181828,SLOW,3583680,-0.4966237513331784,0.11794109388055488,-0.981576346,-0.5842840899999999,0.21334742000000007,-0.6303178832254525,2
1.628172712879997,0.7509274262446147,0.8824107401987266,0.5262693554963788,-1.166257857374847,-0.7981681528065732,SLOW,3583681,0.6255508320294401,0.3390968450698781,1.554430746,1.37929734,0.2148313999999999,0.30237138444106826,2
-2.4272027207469926,-1.5005560976487808,0.6598663386614471,-0.09456061815836275,0.14079350040985958,-0.8826651756971963,SLOW,3583681,1.666634958640884,-0.2712197261228906,-3.9966464,-2.03372894,-0.21918969999999993,2.7171436998823717,2
0.6290081771175218,-0.09949561795255732,1.415193671046891,0.09716628118438747,-0.10609396710015886,-0.6133309476529069,SLOW,3583682,0.14448016431193197,-0.5070821357785156,3.01195154,1.2655554500000001,0.7439412999999999,1.571327437401915,2
1.3193637104608202,1.5910163667993216,0.06892518316591202,-1.3362206177780487,-0.3190949483636323,-0.7823249588532766,SLOW,3583682,0.5702609810577375,-0.025642250974655643,0.6803579599999999,1.52701235,-1.32597443,0.3471536483193368,2
0.6609262677165825,-0.39741301013649716,0.3901914783509654,0.3162827503867639,0.8620921716070816,-0.30702923535178867,SLOW,3583683,-0.6377301282797243,-0.13520868246082413,-0.6489020999999999,-1.79611635,0.31642343,0.14800637046462123,2
-0.17720972901248924,-0.5812969363929523,-0.6905211807450676,-0.22237855852641567,-0.1932307184743509,-0.18556475413999418,SLOW,3583683,-0.6325393671611715,-0.7643458813914891,-0.8259983000000001,-0.16609939999999995,-1.06442167,-0.4337001472179624,2
0.7408169262393272,1.175976336133234,0.49006079865477875,1.22013818958301,0.3441125843080705,-1.463582195102401,SLOW,3583684,-0.10959441399800682,0.4295989422471487,0.904732,1.5873167499999998,1.16278553,0.37928388236223926,2
1.0595059082983547,1.1194422863811577,-1.3749614704346256,-0.15846959955171838,-0.34814052158874764,-0.20140794809329077,SLOW,3583685,0.6333354823151782,-0.6353972210499587,0.31407380000000007,-0.05106630000000001,-1.83690836,0.07606779105467623,2
-1.3401634630537693,-0.9600417247356812,-0.17486785676552888,0.4532305623204645,-1.1081666316775016,-0.48658541331697225,SLOW,3583685,0.19080507898772153,0.1680474557602908,-2.3649179,-1.87836454,1.1820030400000001,1.463205960949058,2
1.9952752085386725,1.7331511843399412,4.05582078182258,1.0010216605975444,-1.7858969113382048,-0.46546113165865916,SLOW,3583686,3.9311552250511714,0.8531970455354971,3.2871356,2.43271794,4.1669139600000005,4.073868195740956,2
0.40128538696107463,-0.2070170120409985,-1.3907539307522017,0.39845143754698426,0.3005442086209745,0.052083116255968856,SLOW,3583686,0.018351053169031226,-0.6372570312606679,-1.57090602,-1.7525228,-5.3644714,4.093657025209448,2
-1.266070363473835,-0.3286338076280972,0.6264387409554739,-0.29541736664810225,0.7991600883612868,0.067926314531875,SLOW,3583687,-0.03439149229506658,-0.21911100208029555,-1.6432094800000001,-0.10985449999999997,1.9867849,0.796679021281579,2
-0.23095729921850722,0.345365710743281,0.34241409768167286,-0.359326355514344,-1.166257857374847,-0.0007275230506705625,SLOW,3583687,-1.1715538990150651,0.1510355478543556,1.02012279,0.60881295,-0.27974317000000004,-0.5715602018461824,2
-0.32817076270101875,0.8631190128909586,-0.25659858038340416,0.7362559606059937,-0.2513218886987161,0.009834600488047773,SLOW,3583688,-0.7650118841693684,-0.537148166948312,-0.09580564,0.46767824999999996,-0.5899829799999999,-1.035853014570034,2
0.43657672821637294,1.1504367481710058,0.4153655194513463,-0.8523384336383494,-0.4159135257806836,-0.1538783748786201,SLOW,3583688,-0.3416273564896726,-0.4092198098338697,0.75367259,0.2595295000000001,0.6618347099999999,-0.7570834629317066,2
-0.8199590803504511,0.31126649990154903,0.08203750222450577,0.8640739383384772,-0.4691637829836191,-0.17500263060127583,SLOW,3583689,-0.7636974658656835,-0.34882370456696793,-1.23833894,-0.75800902,-0.32830333,-0.3018657778998029,2
-1.049827990127873,-0.22782723446903116,-2.5304071070092795,1.1288396233842557,1.6850504758875913,0.4164765382783047,SLOW,3583689,1.4999163832698057,0.7813266018959781,-0.22654000000000007,-0.48695472,-2.57306383,0.8448774116312842,2
-0.5570399040573468,-0.21149471806217562,0.5930847528630523,-1.7561938279972786,-0.10609396710015886,-0.29646710316785124,SLOW,3583690,-0.7348359066980843,-0.0852034563362664,0.48565164000000005,0.014752900000000013,3.0764074,1.3337979105833138,2
-0.15194604604597342,-0.7509508855287084,-0.17924734448643456,0.6997365640180365,0.43609027247782656,-0.5710824275623761,SLOW,3583691,-0.7902269279764029,-0.2937158777462367,0.39922737999999997,-0.48728210000000005,-0.7606897300000001,-0.8057622083637747,2
0.43394487430074613,0.5964327744020373,-1.3713682044578,0.35280216192049335,-0.890324792865579,-0.6661415653464984,SLOW,3583691,0.06960240572042663,0.03523771890378447,0.57740618,1.21707004,-1.17415047,-0.0016806608327166815,2
1.9707171644758266,0.13096687289605424,-0.05615113503905303,-0.07630091538065249,0.8862968555849017,-0.12747305479303941,SLOW,3583692,0.6538569730911997,-0.15427889042327803,1.5145171,-0.42044788,1.29539109,0.24963748663202245,2
-0.5621026110395768,0.2526071162593527,0.346333652231009,-0.11282032392522746,-0.21259444188247262,0.0837694998399525,SLOW,3583692,-0.9554940288392846,-0.7503551979486743,-2.49614005,0.10987568,0.39641761,0.7455808629823093,2
1.2580948283092515,0.9909647467588818,0.10846353624436994,1.0558009049372026,0.8185238513929658,-0.12747305479303941,SLOW,3583693,0.10525598268305496,-0.04334673245326914,1.79383775,0.6669466,-0.23428438999999998,0.14028154217685476,2
-1.3273317368855237,-1.0707282475603277,-0.0722689600015768,-1.5735966955997702,0.29570329559954484,0.0837694998399525,SLOW,3583693,0.2436723768799628,-0.15152499717746845,-2.5479849999999997,-1.8622942,-0.17800808,1.3805564031085291,2
0.8862715675943014,0.9897394952806444,-0.9667464133462634,0.681476865724058,0.4602949564556468,-0.27006177703061723,SLOW,3583694,0.13323685725566126,-0.4123679201872211,2.1815463999999998,1.86118745,-0.88099383,1.2184601363344503,2
0.8650549127779333,-0.4443055180891221,0.3313051378654947,-0.8979876644275235,0.6539321905368639,0.0362399179800627,SLOW,3583694,-0.44622835997334664,-0.23147522074848403,-0.020909399999999967,-1.29534985,1.27848433,0.03167485500713186,2
0.3113065943526782,0.36865301691657754,-1.0300887549385327,2.6352653304683784,0.6829777320631335,-0.4443368845812225,SLOW,3583695,-0.409746532552147,0.5493406543379189,-0.54572906,0.7343324,-1.34087183,-0.16636498971698266,2
-0.09133308276373603,-0.8700904534512369,0.8353595767471572,-1.4914281280057278,0.4602949564556468,0.5801895309354107,SLOW,3583695,-0.28905078362258335,0.04047703177641718,-0.39680874,-1.1189371,1.837328,0.40125247630621524,2
-1.044517078704835,-0.563825929708085,1.2901900283748642,-0.07630091538065249,-0.8564382511460538,-0.47602328113303477,SLOW,3583696,0.3362532376013903,-0.09025606822461171,-0.9393802,0.2766438299999999,0.4479742,-0.7160223074340579,2
0.721138243995351,-0.24727127520587897,0.5585562599298541,-0.5145338956335676,-0.3287767744064915,-0.6608604603510438,SLOW,3583696,-0.5460642157172529,-0.33718401276070165,1.7400855,0.2859387400000001,-0.7206049,0.11702099732261732,2
1.0898221411543711,1.3735197544512057,0.4373665597795548,-0.6332219195986561,-0.1012530382293063,-0.28062390921455466,SLOW,3583697,0.2811468670317365,-0.6274738721213879,0.3633447000000001,1.4640345300000002,-0.11936285000000002,-0.2771267333405585,2
-0.1137557477477187,-0.09502775379778322,-2.384607377847205,1.2018784912890312,-1.311485723500424,-0.6502984232645165,SLOW,3583698,1.0888656797565752,0.5166619116428964,-1.186147945,-1.3265154000000001,-2.77943465,1.5206455417836495,2
0.8163683448672536,0.995051833641517,-0.284958252650338,0.7819052810698014,0.135952571539007,-0.5235528543477055,SLOW,3583698,-0.27018043141330644,-0.4158884824799336,0.916654245,0.9846514000000001,2.0679983799999997,0.6824627080341251,2
0.09687512612679029,0.3235123279715405,0.5844022705010334,-0.5145338956335676,0.7894781989207358,0.04152098839464097,SLOW,3583699,-0.9577844490096313,-0.2034681568571866,-0.70907368,-0.6065908600000001,0.85625552,-0.5253050666089161,2
-0.7938400910299599,-0.7207270119872828,-0.6782841764455767,0.7088664430565703,-0.5078912139504397,-0.21725113340136826,SLOW,3583699,-0.2500687470526162,-0.36559280168072394,-0.87781608,-0.94324464,-1.2436523300000002,0.002158981365733592,2
-0.4042087984078802,-0.5639041885985268,0.19663228865310475,-0.04891135598306683,1.1428662046107596,-0.01657071700396716,SLOW,3583700,-0.8680378601053235,0.09496628465889642,0.38398874000000005,0.14165554000000002,0.86172771,-0.8396390165153425,2
-1.0330196759071084,-0.4091589621730858,0.4951974703963499,-0.26802781920713437,0.2569758487833014,-0.10106773643650258,SLOW,3583700,-0.3059750122726748,-0.737445089404193,-0.6197045800000001,0.13977888,0.29406452,-1.095105986988052,2
-0.008691908897289507,1.2694372014779887,0.6250134557761153,0.7545156588999723,-0.5756642181423757,-0.28062390921455466,SLOW,3583701,-0.23476888961782252,-0.28682939062944324,1.009493683,1.5162489799999999,0.12785909999999995,0.03761923355499177,2
0.6498827783915311,0.6630847277864726,-1.5469456113292124,1.22013818958301,-0.48368657752088823,0.009834600488047773,SLOW,3583701,0.36489684270656597,-0.2042484178850183,0.649037357,-0.54770846,-2.1392183,0.5160385237536719,2
-0.6397369439631931,-0.7529502789551606,-0.1294249912834021,-0.3228069439806146,-0.11093489597101143,0.030958864855922648,SLOW,3583702,-0.5669818285104673,-0.7969108354124093,-1.2709437399999999,-1.2790816999999999,1.396152486,0.4947651229184496,2
-0.7946589901424644,0.22079693091250457,0.7910689260995185,-0.1036904702945065,-0.8225517490500858,-0.41793156708920753,SLOW,3583702,-0.41693100574377195,-0.1398890649894585,-0.15267850000000005,0.87957023,0.906618114,-0.5193618010963881,2
-0.634060986018651,0.05415362531550277,-1.5166939892391043,0.2706334897060452,-0.3094130668477927,-0.18556475413999418,SLOW,3583703,0.19015186726668626,-0.6486700451390698,0.15827226000000005,-0.150526224,-2.2729749999999997,0.4977482020013663,2
-0.9169694019783787,0.38424372893625647,-0.30665428519913973,-0.0032620923131936857,-0.6821647325482467,-0.0852245450767717,SLOW,3583703,-0.5818606342766383,-0.33548626550215704,-0.27881140000000004,0.298165094,1.1917992,-0.5320299616104274,2
0.12611008014623487,0.1240259879487383,-0.2764549005520278,-1.464038505835899,-0.23195816529059435,0.3953522652652107,SLOW,3583704,-1.3465462702903326,-0.12625274969917108,1.02797384,-0.23505051000000002,0.02974414999999997,-0.7380990939874341,2
-0.4364983889859632,-0.35815428109567804,-0.5795941938344087,-1.0531952194925194,-1.0403936274855656,-0.1697215688319167,SLOW,3583705,-0.7745324257911522,0.14721153655298788,-0.5544609,-0.4355457,-0.29856967999999995,-1.029064054661959,2
0.9895160306543165,-0.3128750864244677,-0.7210458995779766,0.44410069822770293,-1.1226894579136166,0.15770439054663812,SLOW,3583705,-0.18314325807427717,0.13806641032201006,1.4053632,0.04089997000000001,-0.13931942000000008,-0.3780443747130782,2
-2.3184387250586322,-0.6417907597952289,0.7643098111165966,1.2931769827589241,1.6463230449207706,0.5643463024012378,SLOW,3583706,1.2222717517624888,0.8141472882602792,-3.2600496999999997,-0.29710425,1.46296501,1.8076577484812806,2
0.34108720038162577,-0.24581256447150374,1.3255929019865518,1.2931769827589241,1.1573889515997602,0.8970533235491518,SLOW,3583706,-0.04724831939052101,0.5579888159729035,2.62101127,0.35768075,0.55282214,0.9192532520848422,2
-1.547797269066542,-1.5259185541571862,-0.2472838168236039,2.20616234583102,2.0529612285666157,-0.22253220381594654,SLOW,3583707,0.7811173616542869,1.2952734219833555,-1.8615300700000001,-1.1562991999999999,-1.5491667,0.9003880757195254,2
-2.057343908735711,0.5171068883651535,-0.4242148892586519,0.9553724148625979,0.15047537400098765,0.8864912000104334,SLOW,3583707,0.7532475277706269,-0.008678387364262954,-0.5021674999999999,1.8454321,-0.17426396000000002,0.1325964873339989,2
-1.446760375531166,-0.6187545374577258,1.1567003648611245,0.9097231691276515,-0.05768466254221027,0.559065283857974,SLOW,3583708,0.5617254750086792,-0.26763086167404687,0.6017412,-1.0260054,1.55708406,0.17178123986556976,2
-0.4476421504292464,-0.6552484880601258,0.12120596953313029,-1.372740014366006,-0.628914507044157,0.4851303758608502,SLOW,3583708,-0.779441258349475,0.04750315077840811,0.9846492199999999,-0.032964400000000005,-1.01988504,-0.3728356505229528,2
-1.0229306691841196,-0.38763812156446525,-0.7550176500064721,-2.0209595279888295,-0.7402559582455921,0.4428818384798814,SLOW,3583709,-0.18056611872538655,0.3349935814853857,-0.56695732,0.24172815000000003,-0.86301516,-0.7324855793854803,2
0.16623538578496766,-0.21051039857328438,2.7317325762170688,-0.8705980870950113,-0.44980006750020884,1.097733757236991,SLOW,3583709,1.53497588272206,0.20583836400852573,1.17194482,0.15999663000000003,3.4341899,1.854522263200024,2
-0.15171404120410859,0.8421452649189004,-1.750044688167739,-1.254051900726284,-0.7596195944818876,0.6963728898613123,SLOW,3583710,0.4951006948389639,0.18750816631044148,-0.313344955,0.95084697,-4.4142176,2.7540005491021153,2
0.25936423683014975,0.4848087722873198,-0.06176710181882037,0.562788752084336,-0.8564382511460538,0.34782269205054,SLOW,3583710,-1.1561729107333139,-0.038813016282668096,0.40512513499999997,-0.32277632,1.6628279799999999,-0.04728856245982919,2
0.4198587116661349,0.8897016172775882,-0.09284180122503514,0.22498422902532653,0.7701144834373256,0.8019941684745912,SLOW,3583711,-0.6872842225219779,0.07168405633739731,0.15817023000000002,0.3657332099999999,-0.030606269999999998,-1.397285828031233,2
-0.5209551122295688,-0.12895991860784467,-0.7491731888331911,0.08803643203739817,0.09238420377662244,0.45344396201859977,SLOW,3583712,-0.6561659634299127,-0.5336905751201766,-0.92718917,-0.92014062,-0.64643765,-0.3331519116835511,2
2.903238325901416,2.32834995608144,1.8632772177922268,-0.021521797930600665,-0.03348000233852451,0.23163930718898107,SLOW,3583712,3.0595720996589355,-0.7390086526317982,3.37460504,2.21964858,2.57306954,3.0183437938728166,2
-0.7120388742326023,0.008103769329145034,-2.1605026555636386,-1.737934069920211,-1.9601704299360116,0.23163930718898107,SLOW,3583713,0.9385490653114993,1.1222597585724952,-3.56292157,-2.09584115,-3.9631242,3.9613773867685658,2
-0.432841967513748,0.036572830341413017,-1.0964840171789094,0.3893215734542227,-0.11577582484186398,0.45872504107839707,SLOW,3583713,-0.35690695372535014,-0.47884300580675876,0.27515364000000003,0.025715645999999995,1.0479793000000002,-0.7090462779628218,2
0.2328038655150259,0.6207047986099963,-0.38451193493124286,0.6906067298168195,0.03429302721248809,0.08905057025453078,SLOW,3583714,-0.9209118158231758,-0.6147209606704458,0.6560061,0.5276370340000001,0.7012396000000001,-0.697114691975588,2
1.57739607707685,0.953683778965717,-0.8388805243078526,1.6218517015082612,0.26181675388001957,-0.07994348157836872,SLOW,3583714,0.6231778051255089,-0.12510068906187846,1.32512013,0.30077457,-0.4475193,-0.360159438327969,2
1.5759456726465688,0.5814925887172372,1.504435326723601,-0.8979876644275235,0.9927973382919271,-0.43905584010230153,SLOW,3583715,0.9464264226169513,0.09932673834947904,-0.0014294000000001361,-0.33619433000000004,2.307992,0.546944080161225,2
0.960426867951888,0.10792157589275737,-0.8738990034410496,-1.2723115990202625,-1.2921220080170137,-0.30174817358242956,SLOW,3583715,-0.15982197158941697,0.4289914486929602,-0.606605,-0.427769097,-2.3424826,0.6726101098471999,2
0.6737938734851179,-1.272658879868005,0.32031818725290934,1.2110083404360206,-0.45948190146777956,-1.3949284353268276,SLOW,3583716,0.012265980022529146,0.4115216162223435,-0.28248204,-1.247056173,1.1762152000000001,-0.05159127612167421,2
0.6969882695041308,0.5046364686824311,-1.3556464093692329,0.1702051191976185,-0.43043632824266415,-0.7612006771949634,SLOW,3583716,0.14729910287171633,-0.25066963260409697,0.022858500000000004,1.6054023700000002,-1.6507006,0.5171664837993485,2
2.6396978927057764,-0.020968517277401576,-0.7796514270025361,0.9827619623035657,1.1815935563304658,-0.5393960569462212,SLOW,3583717,1.5723186238169649,0.3132959714881585,1.91457574,-0.47477055,0.56731226,0.26544869954882677,2
0.3329029783210989,-0.8963593026795678,-0.38317474776799276,-0.09456061815836275,-1.5390094200540518,-0.8932273165263528,SLOW,3583718,-0.4936894199739256,0.6705613484291668,-2.27338843,-0.79072645,0.39050007,0.6536758929595778,2
1.220646713139906,0.40301666287743454,-1.483885118408969,0.43497084908071365,0.4070446992527112,-0.8721030175776014,SLOW,3583718,0.5949849122541885,-0.16116018875681837,0.8748876300000001,1.1737054599999999,-1.0841179300000001,0.03317587029951394,2
0.8956239060534146,-0.12436177426878418,0.3852687719881504,0.7910351152710184,0.09722512472276354,-0.7400765165697177,SLOW,3583719,-0.5024387189994581,-0.2726261204768141,-0.3203159000000001,-0.47637248,1.8409777,0.14058701981972657,2
1.547955424172484,0.235204626234967,-1.4358743901881934,-0.3136770798878531,-0.03348000233852451,-0.46546113165865916,SLOW,3583719,0.8040777705746897,-0.62347586586462,0.6428846,0.32479056,-1.7936907,0.1451159529337544,2
2.0256044294852917,0.7936845900641537,1.7682822347203375,-0.03065165096349074,1.4623676685812586,-0.4126505139650675,SLOW,3583720,1.5851707091327483,0.43850605898138795,0.47073180000000003,0.5044659899999999,3.1558561999999997,1.4503519195779828,2
1.864561745609466,0.6083037037500136,-0.9200409612521321,0.5171395212951618,-0.14966234278725485,-0.8879462461117744,SLOW,3583720,0.83551743914456,-0.21154930165118874,-0.15871049999999998,-0.16745158,-2.6477986,0.8743661482846845,2
0.17802956645296752,-1.2949704684986363,1.265860274312343,0.9371126418397583,2.178825379208782,-0.5605202953784388,SLOW,3583721,0.40944994751240843,1.2058899144530184,-1.6621082,-1.71919702,2.1529503,1.4375488820358375,2
0.3598398013247874,0.2275952803930728,0.14959371498371518,0.6632171674300794,0.135952571539007,-0.5129907308089872,SLOW,3583721,-1.189474142720256,-0.4640291449037527,0.17917729999999998,1.37530921,-1.09943962,-0.01891590062345584,2
-0.9908449510407167,-0.9573885833960336,-0.9141829051447068,0.4988797931096387,-0.08673024369203713,-0.4443368845812225,SLOW,3583722,0.1913760244770739,-0.5695845875071911,-1.33112444,-1.07037691,-1.04774093,0.21647176333695878,2
-0.4953857119335446,0.24762672224294344,-0.043783418341385036,0.11542599442413828,-0.7402559582455921,-0.39152626688763087,SLOW,3583722,-1.1549287988500414,-0.22093948063646648,0.48828411,1.08847099,0.857278822,-0.32150006263686104,2
0.17712212509155695,-1.0421250603970822,0.5634295209384629,-0.29541736664810225,-0.20775351301162004,-0.17500263060127583,SLOW,3583723,-0.30840801915597676,-0.7390394218371423,0.66276873,-1.16501209,0.598059628,-0.3228450717560379,2
-0.587149037749924,-0.8842506297084143,-1.3062394336925136,-0.5784428247167204,-0.21743537867803664,0.015115670902626043,SLOW,3583723,0.2402279500951339,-0.6405755032966817,-0.75320316,0.14260543999999997,-1.841485,0.20725327009809455,2
0.2137009717095293,-0.5813253770620067,0.11727866820653352,0.024127467084391983,1.4381629053563234,0.052083116255968856,SLOW,3583724,-0.9307353870357274,0.386306456756274,0.7892522799999999,0.27362752,1.4020595599999999,-0.1575391224821932,2
-0.15910089089761043,1.7847268818708932,-1.2416403475532931,0.5171395212951618,1.9706653188914498,-0.1327541191559643,SLOW,3583725,0.6300064135679558,0.9224494986598125,-0.36740302999999996,2.13721704,-1.3384342599999999,0.7642322276004687,2
-1.548506337637887,0.9376408282029975,-0.9043559202050901,-1.473168429711749,1.457526620839734,0.40591439744914815,SLOW,3583725,0.5454240508057416,0.6427908662101784,-1.36928439,-0.76515924,0.3322000999999999,-0.18639184964516528,2
-1.1553995537338562,-2.4691977922693424,-0.6911747630420532,-2.943074814936776,0.3005442086209745,0.8178373537826686,SLOW,3583726,1.4390713893805724,0.7175436653480428,0.38741389999999987,-3.07734266,0.20996760000000003,1.3279554211311762,2
-1.0510916400210102,-0.46476527486505126,2.1326636299480883,1.1562291708252237,-1.722964796393564,0.38479011579083505,SLOW,3583726,1.132712759493208,0.831300353699582,0.10279735000000012,1.81057173,2.7812710000000003,1.5407568329610577,2
-1.87917155686616,0.7786536577214171,1.2270538952310404,0.08803643203739817,-0.6095507598619009,0.6382812017531425,SLOW,3583727,0.9983665405347264,-0.13448666743865179,-0.81608785,1.12316037,-0.8919583000000002,-0.13929813522009937,2
-1.1206207955917524,1.0960667466024259,0.6246503827029294,-0.012391945346083759,-0.24164000718287654,0.9076154470878701,SLOW,3583727,0.11824387222681534,-0.10413773567195117,0.7475655999999999,0.28671415,-0.5933227,-0.7968311662487452,2
-0.2120363300039615,-0.26515759979638065,0.814521405864259,0.8092948285107693,2.1400978689948467,1.27200892530413,SLOW,3583728,-0.662115945577379,1.4258745101484558,0.8954265499999999,-1.2295721099999999,0.18700885,-0.25765782019122874,2
-0.9646400779711147,-0.5009984326138455,2.0484250927913417,1.0923203015251597,-0.3384586400729081,1.2350413632403292,SLOW,3583728,1.0115354433517314,0.33346064942641207,-0.7417047099999999,-0.21303124000000007,1.21530345,-0.35112106947405275,2
-0.392899428662466,1.6698146225181318,0.8851354127356452,-0.3958457670480734,-0.6773237640538368,1.208636097619629,SLOW,3583729,0.3363504595573757,0.32724286928640717,0.5634608299999999,1.9608606,-1.1457538999999999,0.5545569766565093,2
-0.7714810321756206,1.8474174674220438,0.7968349854195796,1.5762025305021756,0.833046630080812,0.9815503118588982,SLOW,3583729,0.579365581190643,0.47587301379208274,-0.37309907000000003,0.16042580000000006,-0.08696936,-1.3815014610202603,2
-1.2344527848210958,-0.2713998007948099,-0.18234483702467855,0.5171395212951618,0.2908623667286923,1.2033550790763652,SLOW,3583730,-0.24833684095044378,0.1918528897638172,-0.4562670999999999,-1.91389364,-0.96441937,0.4049332916219221,2
-0.5873814028083642,2.32943267209293,0.8588982051423782,-0.24976812091315578,1.4430038738507336,1.3617870186093313,SLOW,3583730,0.9942576475241088,0.8870713219566198,0.6377006399999999,2.34929024,1.02554703,0.8579473588033457,2
-1.2251130285747538,-0.8737153379465543,0.09656349137309209,-2.340504322862316,-1.8778745995079609,1.1663875170125646,SLOW,3583731,0.0203672169590853,1.447764860747355,-0.6284961399999999,-2.8933522000000003,-0.75084305,1.2734478479576334,2
-0.5518701772379392,0.4121098499787151,-0.49025769851629414,0.3619320260132548,-0.4982093562087345,0.5432220553238011,SLOW,3583732,-0.8194770932528312,-0.24612730003036246,0.6634931,1.16146526,-0.57797527,-0.3334763801306745,2
0.8243608302402571,0.8060278847166109,-0.17410969805204948,0.04238717135667947,-0.07704837802562053,0.7914320017097773,SLOW,3583732,-0.4196012378530836,-0.23645682605405374,1.35630074,0.35581984,0.31138229,-0.3543923345665327,2
-0.19801332195990617,-0.21259491473401432,-1.2287381560205008,-0.26802781920713437,-0.29004932759024804,0.5062545797121913,SLOW,3583733,-0.236223806190609,-0.40600979337967075,-1.00756836,-0.92010563,-1.0387306699999999,-0.07422619138578057,2
-0.6590293928628695,-0.05992394191569742,-0.5506865005328471,-1.0714547683287758,-1.054916374474566,1.0660473001686448,SLOW,3583733,-0.739951962633054,0.5388221488229538,-0.45433974,0.13790523999999998,0.6678304999999999,-0.9750124530831592,2
-1.9175165605733016,-0.6898534424146683,0.003950372237719857,0.09716628118438747,-0.6143917283563108,1.0343609295524898,SLOW,3583734,0.6448023126086351,0.14988382985216622,-1.24026204,-0.56900521,0.546276109,-0.32070697103895274,2
-1.232747793521109,0.13563839393986069,0.9602344787433453,0.4897499589084217,-0.8080289624375281,1.129420127853146,SLOW,3583734,0.09112752760712246,0.3509314476989266,0.6748520999999998,0.74565353,0.941868791,-0.4132213030910092,2
-0.4726005117971393,1.4868161321164715,1.7884280183485957,0.6723470016312965,0.36347632356561516,0.9234586756220431,SLOW,3583735,0.9358858705986153,0.006560915815130236,0.7491390000000001,1.22049717,0.8157091,-0.14139477454595678,2
0.6513677027313671,-0.2729994749542803,0.7671797636480405,0.2615036405590559,0.24245306217074372,0.09433163202388993,SLOW,3583735,-0.4368015885738636,-0.7036714507021614,1.10769116,-1.5896132,-1.00585365,0.39672731549205376,2
0.02683893782219673,-0.799100982520609,0.03866286280686611,-0.3501964914215825,-0.3626633082013053,-0.259499662137118,SLOW,3583736,-0.7646754070075057,-0.5752850722330134,-0.61548448,-0.47521905,-0.717535017,-0.7349345053209767,2
1.910663582020737,0.8924474426504484,-0.2936126516756557,-0.359326355514344,-0.3239358376109275,-1.0410971671014768,SLOW,3583736,0.7660446732725416,-0.06645696948307336,1.85654352,1.52794855,-0.327266693,0.641776241447566,2
0.8937675223223394,0.31631202293938576,0.06223637403647042,-0.9618965785649042,-1.3018038657587188,-1.6484194867082584,SLOW,3583737,-0.5866842041563246,0.9555545967910944,-1.0021695999999998,-0.52041388,0.35048485,-0.6098861905775999,2
2.2449899207571233,-0.1780136074285571,-1.3724110242381955,1.2566576459540557,0.7797963411790306,-1.1784048595570062,SLOW,3583737,1.4321851401858663,0.39844071656620517,1.3316543000000003,-0.44651641,-1.41302109,0.20487910917314497,2
2.0339756597566065,0.7752506857255917,0.35806425284841653,0.38019170936146124,0.03429302721248809,-1.1414373839453964,SLOW,3583738,0.8759641642816822,-0.029087178484951102,-0.20795840000000032,0.86106834,1.70438957,0.13298130216238363,2
2.088142694554365,-0.425303519966004,0.310980173208277,-1.1079742545913662,0.6055228225812236,-0.8509788569523558,SLOW,3583739,0.8777026374524489,0.05713424876686594,0.05338259999999995,-1.08444135,-0.046374320000000024,-0.7060885274545403,2
1.415643411404559,1.4494909921670098,-0.7027455851093285,0.6084380725481436,1.4042764428839132,-1.3685230832539363,SLOW,3583739,0.6901011240177932,0.8073865635914323,-0.6627602999999997,1.6934718000000002,-0.9984445499999999,0.2876632627901424,2
0.9390248588768944,-0.39598789902476883,-0.20014842366803143,0.2615036405590559,-0.29973120118137614,-1.6220141346353671,SLOW,3583740,-0.43520225111031574,0.4179069589023345,-0.46971627000000005,-1.6669914700000001,0.49502085999999995,0.012688088719163876,2
1.7682634757549436,0.2932955396882678,-0.4422924965723688,-0.4506248768757814,0.49902238742246724,-1.1097509268770505,SLOW,3583740,0.48603011844078875,0.05789837347244012,0.8172297699999999,0.62261867,-0.23849391999999997,-0.7383212162067008,2
-0.2786929866928775,-0.6760152689991086,0.322227600322333,-0.861468237948022,-0.4207544625762476,-0.291186032753273,SLOW,3583741,-0.7723536009407672,-0.37545270517238366,-2.0173129,-0.8755629,0.75299549,0.5390179452079704,2
0.2158954516741079,0.4088479963980068,0.13492152191304052,0.3893215734542227,-0.1012530382293063,0.15242332877727896,SLOW,3583741,-1.225977917261617,-0.700199158282537,0.48742592,0.97993958,-0.18448257,-0.6827851203318261,2
-1.0626985790984689,0.24252201515809835,0.6644801892388503,-0.3501964914215825,-0.4788456407253242,0.6330001486290023,SLOW,3583742,-0.2678903885439007,-0.20500180806018237,-1.26007772,-0.15023958999999998,0.52157594,-0.41912274929132254,2
-0.01365917370748067,0.8067448242759572,0.4639775316078106,-0.5327935341444574,-0.18838978960349834,0.40591439744914815,SLOW,3583742,-0.7590066604381981,-0.4753352247887286,1.033847453,0.50965341,-0.19748021999999998,-0.6229016668957834,2
-1.0826445318943803,1.9683610527774587,-0.8534917280063062,1.1836187929950528,3.582695227238714,0.5854705927047698,SLOW,3583743,0.861257366440174,2.576931493538765,-1.053504553,1.0492693,-1.29760933,0.18593558729478582,2
-0.0028455005280885594,-1.040760705374015,0.6359413867082079,-0.861468237948022,0.09722512472276354,0.4164765382783047,SLOW,3583743,-0.289141223254733,-0.3919888016868002,1.064161625,-2.7180914,1.46698095,1.487044854351068,2
-0.0935349365138154,0.751862126785004,-0.8238452277048416,0.80016497936378,-0.15450328750753037,-0.11162986343330855,SLOW,3583744,-0.5156572472184924,-0.5539318694832955,-0.08937609199999999,1.61924744,-1.43778135,0.38090460322108916,2
0.11407384408657172,-0.23520578909731052,-0.19022849770738717,0.12455584357112756,1.1331843468690548,0.3900711948506324,SLOW,3583745,-1.278538160071144,0.16125426163248732,0.20460223700000002,-0.89160261,0.6240654000000001,-0.6853369153261755,2
0.44983019189221424,0.046849122705636986,0.7314767151088153,0.2523737764662944,-0.29004932759024804,-0.40736943490527017,SLOW,3583745,-0.6738216638695196,-0.5661943517819621,0.33089399999999997,0.25477567599999995,0.9078111499999999,-0.7940935191711352,2
0.42741998228418077,0.22174600124208516,-1.6032369641872668,-0.27715766835412364,-0.1012530382293063,-0.16444050273994795,SLOW,3583746,0.24475455880499444,-0.8204036508129792,-0.022085669999999946,0.157981544,-2.2995195,0.5194771845556914,2
0.5701707974370863,-0.549122834474226,-0.5412342139088324,0.6449574242987842,0.014929304200601937,-0.24893752130796146,SLOW,3583746,-0.5470427781832897,-0.6293242612305215,0.14068352999999995,-0.6963134500000001,1.0459938000000002,-0.5273577017684089,2
0.5864427136629025,-0.7973280627285845,0.14626480397351568,-1.7288043552851717,-1.7423285911240889,-0.09578667293809959,SLOW,3583747,-0.5033189878497702,0.9124114183521194,0.016036270000000075,-0.22419979999999995,0.67713545,-1.0815916488613584,2
0.5794273182871668,-0.7650391574863495,-1.094035203014431,-0.4597547409685429,0.9250243182505681,0.04680205016400014,SLOW,3583747,0.014264480895806104,-0.08473699303399498,-0.006913800000000081,0.029166049999999943,-1.22160335,-0.5700555501385018,2
-0.9201312004314357,-1.6195727142009249,-0.1238758376654191,1.2749172844649455,-0.34814052158874764,-0.38096414334891254,SLOW,3583748,0.3948218826455856,-0.2040066547355982,-1.47784225,-0.77188645,0.95553489,0.1338306103932133,2
0.8078020902979813,0.045132479790635,-0.5430903945363458,0.08803643203739817,0.2908623667286923,-0.1538783748786201,SLOW,3583748,-0.5374836910206815,-0.7208302751219539,1.7029097499999999,1.50370149,-0.4128951900000001,0.5234596434890179,2
-0.42783115201225436,-0.3579942317564336,-0.049614342452907786,-0.6058323871034605,-0.648278270075836,-0.1697215688319167,SLOW,3583749,-1.0613407486296236,-0.2960117787530315,-1.21773908,-0.36413788999999996,0.48603724500000006,-0.4304208074961183,2
0.6161024797145154,-0.9294676844514804,-0.9970087469042745,0.4988797931096387,-0.004434419603755364,-0.7506386401084362,SLOW,3583749,0.05486084029778321,-0.3438551094249352,1.02881562,-0.5162028000000001,-0.933113095,-0.3087127039245884,2
0.2942394924266534,-0.32050815681045824,0.27251661186512116,0.19759466663858638,0.5522726446254027,-0.9830053925411159,SLOW,3583750,-1.0472872915600482,-0.03066074849151278,-0.31720184,0.5500633699999999,1.25038815,-0.38857531686611996,2
2.033623865146296,0.8577709714714251,0.6916556401960191,-0.6606114819853963,-0.4352772650382282,-0.9143515981846657,SLOW,3583750,0.9954483354053079,-0.07886489130371185,1.7141950000000001,1.06432063,0.41282080000000004,0.2724975336918811,2
1.313329321803425,0.08305736027302148,-1.112999780788817,0.2523737764662944,-0.21743537867803664,-1.0146918150285855,SLOW,3583751,0.3403857583815014,-0.12495911566124783,-0.7098634000000001,-0.699786374,-1.7774515,0.2507149527110841,2
1.0819707389155402,2.117470421312336,0.6629483985634707,0.5353992345349126,2.217552889422717,-0.5658013485025788,SLOW,3583752,0.9681543240657132,1.206358772357698,-0.22800810000000005,1.8376526739999999,1.749177,0.763143923912219,2
-0.3014541081269388,-0.4387900874457264,-0.6330853050033151,-0.9892862007347333,-1.82462442155214,-1.2312153907984067,SLOW,3583752,-0.7453365589077916,1.117789185874208,-1.3633904000000001,-2.3090291,-1.2764969000000002,1.1882258222376587,2
0.9938042314118445,-0.4030468420860574,-0.6705883370375008,0.2523737764662944,1.055729405688299,-0.8404167334136377,SLOW,3583753,-0.18037737637507695,0.22861941683945605,1.2765007000000002,0.032286300000000046,-0.03693769999999996,-0.5142527353351223,2
0.9269171477311329,-0.8039133673530677,-0.22562264984900016,-1.0531952194925194,0.7507508075774726,-0.9037894746459476,SLOW,3583753,-0.2093923460700536,0.15639244072283112,-0.06591844000000002,-0.3620963,0.43825813999999996,-1.2235987098204897,2
1.530156260695969,1.508815194438265,-0.3543996939135256,-0.4232353144890413,-0.41107259690983095,-0.7189522176209666,SLOW,3583754,0.7256808656586938,-0.26972570083558245,0.5945031399999999,2.0890505999999998,-0.12683582,0.38935631764882644,2
-1.0243076097269286,0.25778705992920886,-0.41133398867201365,-1.0075458990287116,-1.7084421286516782,-1.1308752171805827,SLOW,3583754,-0.45348999683247987,0.9815230129377062,-2.5174707,-1.13003364,-0.05607604999999999,0.9771768580407653,2
-0.7611848248197343,0.24308848154742246,-0.4662145853654671,0.7453858246987553,0.910501539562722,-0.3228724206598662,SLOW,3583755,-0.6999392118563662,-0.02041564407257153,0.25931230000000005,-0.013276990000000016,-0.05405331000000002,-1.5325127842129913,2
-1.2063731417546588,-0.2045561911773387,0.2836478373202674,1.5762025305021756,0.1456344372054236,-0.0693813533366512,SLOW,3583755,-0.2707816381239061,-0.17297496813142604,-0.43874119999999994,-0.40435025,0.73855877,-0.8441979775452518,2
-0.6226402129554808,0.15317612382923987,-0.06139044396454026,0.28889321789156824,1.0170019747214785,-0.04825709799438507,SLOW,3583756,-1.0284318948414626,-0.015454430073231183,0.5752794399999999,0.32313386,-0.33983706999999996,-1.0526938622666435,2
-0.2514778532602417,1.0661663483078276,0.19839357887396264,-0.5693129905155034,0.14079350040985958,-0.15915944529319834,SLOW,3583756,-0.6011530504131117,-0.6909294090238886,0.36578727,0.82468942,0.25586796,-0.8559679124381453,2
-0.5210706960889877,-0.14074748546536575,-0.35141644349551343,0.04238717135667947,0.37315818923203176,0.23163930718898107,SLOW,3583757,-0.9856054169744958,-0.5651616527517823,-0.26568866,-1.0901859,-0.5415220199999999,-0.5459536042531544,2
-0.08551643031304496,0.5584490043536845,0.30625113627697836,-0.05804120811921057,-0.3239358376109275,0.015115670902626043,SLOW,3583757,-1.084138089138546,-0.6761273636821092,0.429246667,0.63157297,0.6477537,-0.791981952518683,2
-0.104199101549951,-0.00010311840150325031,-0.06996060617871973,-0.09456061815836275,0.024611166300898372,-0.0007275230506705625,SLOW,3583758,-1.5858365805793568,-0.9385264091419534,-0.018412113,-0.50453117,-0.370540613,-1.1693270754383571,2
-0.22974260833877494,-0.03597651109686816,-0.054056765885747475,-0.14020988631196757,-1.0888028369469767,-0.25421859172253974,SLOW,3583759,-1.4602348904360152,0.0752813929490218,-0.12372541399999998,-0.03240385999999999,0.015664101,-1.6696904899678864,2
-0.31099454052003916,0.20259968526696523,0.30254848133789036,-0.3319368080733761,-0.28036746192383144,0.004553538718688605,SLOW,3583759,-1.2188457021580832,-0.6793222337528283,-0.08007526000000001,0.21550205,0.351229672,-1.3770295307122775,2
0.1648723972926108,-0.40898703395571945,1.3613492032737875,-1.0623250686395087,-0.29004932759024804,-0.053538161492788054,SLOW,3583760,-0.004138658534989969,-0.39908433868955334,0.46897553999999997,-0.5524364700000001,1.04284004,-0.5218433920316425,2
-0.9536761407010051,-0.19714464581578486,-0.06277410366891419,0.01499761494824824,-0.15450328750753037,-0.26478071526125807,SLOW,3583760,-0.6017265247917766,-0.7723535370019524,-1.10234997,0.19135383,-1.402655642,0.005608128331058476,2
-0.7576001726950451,0.028601120042004772,0.6547626034145463,0.10629614527714898,0.0681795435729367,-0.10106773643650258,SLOW,3583761,-0.5685947199609201,-0.9182882944223869,0.19323643999999995,0.203912528,0.706720342,-1.034268904152928,2
-0.7946351448198733,-0.8889780467966175,0.36363761742977535,-0.23150840767340497,-1.2243490038250777,-0.14331625133990172,SLOW,3583761,-0.277908221342253,0.19967401129735163,-0.036498639999999916,-0.8288345380000001,-0.28673648,-0.9162880393914328,2
-0.7145982688083896,-0.4395852969662304,-1.3532063268278793,0.13368569271811687,-1.2485536878028982,-1.162561544570642,SLOW,3583762,0.1397251645186328,0.5606719042837415,0.0788778,0.40592926000000007,-1.69096372,-0.04814050457469501,2
-0.05401068114978475,-0.3727547397227627,-0.6939905084387727,-0.3501964914215825,0.6732959060202742,0.11017481733196742,SLOW,3583762,-0.7757423047632712,-0.32353316520373315,0.6510211069999999,0.060366969999999964,0.6492786000000002,-0.8723874605824766,2
0.31204591096940343,1.0588617792736665,-1.1574142986482254,-0.04891135598306683,0.8185238513929658,0.015115670902626043,SLOW,3583763,0.046962769550200296,-0.21875912779729306,0.360755443,1.29315623,-0.4564380000000001,-0.3728544714506797,2
0.6516891985615687,0.5378247367400177,-0.6214573618759238,0.4532305623204645,0.8233647406402611,-0.0852245450767717,SLOW,3583763,-0.5239324003586422,-0.18009159391254403,0.33472465,-0.47064439999999996,0.5278777600000001,-1.0122142304069164,2
-0.9458536166698739,-0.5407917886651641,0.6901993882137183,0.2980230520927853,-0.44011820975850374,-0.0905056094396966,SLOW,3583764,-0.21455073172242287,-0.5409097178560787,-1.57440756,-0.974297,1.29188444,0.4717978768111159,2
0.04098774770007476,0.4136425241657771,0.7809079058101305,1.137969472531245,-0.2610037543651327,-0.259499662137118,SLOW,3583764,-0.7192946553105002,-0.33269084323538156,0.97255015,0.8621251999999999,0.08934114999999998,-0.4888188872596968,2
0.46246383953182163,2.0437454318453177,0.7432867430375073,0.17933495339883557,0.7120233369870946,0.18939078709845045,SLOW,3583765,0.6543410709141391,-0.28084692098069974,0.41537237000000005,1.4724458,-0.03705405000000006,-0.2598270643713562,2
0.2349102801371502,-0.054025863049181694,0.03814870930160705,0.04238717135667947,-0.28036746192383144,-0.09578667293809959,SLOW,3583766,-1.360812841244393,-0.7245137625237716,-0.22425818000000003,-1.89488315,-0.69450857,0.24336520636212491,2
-0.557032405464413,-0.6804757379156855,0.4084472310825269,-0.29541736664810225,0.08754326698105841,-0.01657071700396716,SLOW,3583766,-0.5854858026927603,-0.8447174458596919,-0.78047395,-0.56586212,0.36471653,-0.7624596606397924,2
-0.7875484164152804,-0.5820431137128951,-0.47287821493054905,0.30715290123977457,0.20856653630064137,0.1471422756531389,SLOW,3583767,-0.4605119453627887,-0.6883792133876849,-0.22717772999999997,0.08891261000000006,-0.86804008,-0.8922664535850544,2
0.010644193177841795,0.6939192177320876,0.1809647108523122,0.3345424486807425,-0.18354886073264576,0.26860675686493346,SLOW,3583767,-1.020034738809153,-0.6096888487930175,0.7866333640000001,1.1525563,0.6439867,-0.25330265410313807,2
0.2048163871571398,-0.19970119515951978,1.2377310458245507,0.4988797931096387,0.08270233018549437,0.4956925426256641,SLOW,3583768,-0.1931840964220547,-0.4340886637092854,0.19136023600000002,-0.80719298,1.0408363200000001,-0.4603921638642196,2
-0.6995387806933961,-0.11644542640526813,0.3117644760258798,0.5262693554963788,0.26181675388001957,0.6171569200948294,SLOW,3583768,-0.8318841087002913,-0.2917255482550805,-0.8912585000000001,0.07520359999999998,-0.9120082700000001,-0.5142938646217344,2
-0.32913120156025605,0.40561339891975545,0.2633780544905879,-0.06717106324450876,-1.054916374474566,0.7069350134000306,SLOW,3583769,-1.137723728449679,0.23821470846517154,0.36504342000000006,0.47156736,-0.04765702999999999,-1.1974951219086558,2
0.21433977268132406,0.504745637011565,0.5031566494660372,0.14281555681087837,-0.2271172284950303,0.7280592604774674,SLOW,3583769,-0.9066827811566899,-0.2569853888888143,0.5356005500000001,0.08954456,0.2361641,-1.2036166809194726,2
1.737642733055967,0.8532610939499474,0.49297044961228964,-0.24976812091315578,0.2908623667286923,0.7333403654729219,SLOW,3583770,0.6136094120121517,-0.23447682173639478,1.50124283,0.31480842,-0.010032649999999976,-0.25623850989140967,2
0.358680259095388,1.3386684766686912,0.2516155225304742,0.6084380725481436,0.44093120927339063,0.6118758669706892,SLOW,3583770,-0.24994002600896323,-0.2023714855729369,-1.35899265,0.43846070000000004,-0.23771667000000002,-0.3430561215424849,2
0.3135247775826069,-0.9973080349010423,-0.48847510719623194,-0.3319368080733761,0.28602143785783973,-0.0007275230506705625,SLOW,3583771,-0.35917775942725544,-0.6922733752945402,-0.04450155,-2.1100501,-0.72893428,0.4468549884709888,2
0.7996090403946229,1.5098498635429054,1.1611204952417609,0.24324395721084954,-0.5030502771548756,0.02039673267198521,SLOW,3583772,0.5750504217861955,-0.4856370622508931,0.4790449,2.2646755,1.6247291000000001,1.0456207529091062,2
0.26990731937694645,0.31596194476233747,0.021981501933787898,-0.9436368802709257,-1.1710986673750274,-0.6978279359626535,SLOW,3583772,-1.2743839736301257,0.35648529792848815,-0.5220307,-1.0784198,-1.1219672680000001,-0.14808830699490375,2
2.2951346047768793,0.17681359231702526,1.3509702477630365,-0.9710265024407546,0.8814558870904918,-0.3545587912760212,SLOW,3583773,1.4695844157835045,0.0027581069355362507,1.9958984,-0.125690474,1.308955168,0.6050794481160016,2
0.8434841599945615,-0.8869178308572089,-1.082469254411225,-0.13108003417582384,-1.3308494389838343,-0.8087302763452915,SLOW,3583773,0.22540914276055865,0.4557836344657625,-1.43062797,-0.960851526,-2.3967571,1.1703013977687522,2
1.9503404738314094,-0.6779445626527106,-0.7839321560046811,-0.0032620923131936857,-0.0673665202839154,-1.2470586193325799,SLOW,3583774,0.9306701559978776,0.04532107945408848,1.09082707,0.1887622,0.29403685999999996,-0.6470605884819219,2
2.6597319209910877,-0.15011800506975284,-0.8781400340171276,-2.148777714962124,-1.156575999633142,-1.3896472438791818,SLOW,3583774,1.6362892194039786,0.9631447386243943,0.6991181999999998,0.47677726000000004,-0.09278776,-0.9429481821960299,2
1.963972794021966,0.4636145731502636,-0.7003704211706022,-1.0897145413516154,-0.5611414711533752,-1.2048101251777064,SLOW,3583775,0.8153864073416713,0.2720075751657809,-0.6856832999999998,0.55437479,0.17508985999999993,-0.8949811937980227,2
1.4316446375577112,1.7105661490274713,0.11169077461041715,-1.2449219768504334,-0.3578223793304528,-0.9037894746459476,SLOW,3583775,0.7576502628439277,0.030686512178592973,-0.5246191,1.12635135,0.79981994,-0.3127992991105449,2
0.05848669349169578,-0.5405184526904844,-1.3633654688029906,-0.12195018203968008,2.164302552972667,-0.14859730878665137,SLOW,3583776,0.016082516245342984,1.091925458107734,-1.35327218,-2.0333686,-1.4528208,1.059572551018416,2
2.15592469826539,2.6977152021863526,0.42790268852532476,-2.1031282450405944,-0.038320933586790513,-0.4126505139650675,SLOW,3583776,2.1513025635964405,0.10849213709214359,2.06706338,2.9250445000000003,1.76426604,2.2171462196513287,2
1.537912991930641,0.8608945739524249,0.9713966913075341,-0.04891135598306683,1.2493666397695162,-0.7506386401084362,SLOW,3583777,0.6276150899027179,0.34288305269353814,-0.6090617999999999,-1.6591706000000002,0.53530121,0.05841205228472497,2
0.992736366837598,0.4372306770426751,-0.6821166178246685,-1.0623250686395087,1.4042764428839132,-0.9143515981846657,SLOW,3583777,-0.21577978023560504,0.6349745592798451,-0.5372815,-0.38268879999999994,-1.62858775,-0.03173012006282466,2
1.7141849223244165,0.8737412540552137,-2.137608948913629,-0.9710265024407546,-1.6551918714487428,-1.1678426495660967,SLOW,3583778,1.6449360043588332,0.9495475235898334,0.7110007,0.394293,-1.4335517999999998,-0.14143878069509755,2
0.8445073475665235,0.9683614447652363,0.8607708337111265,-0.2588979700601451,-0.5127321507460038,-1.2787449899487349,SLOW,3583779,0.028625379261041976,0.19120401868063547,-0.8570831,0.08546889999999996,2.9531813,1.2952573363319935,2
1.4451301314427816,0.3318081799748711,0.13649592493987897,-1.162753409256391,-0.3239358376109275,-1.5427981648688842,SLOW,3583779,0.061197080854220605,0.46888865968170945,0.5919247,-0.5749883499999999,-0.71335697,-0.701999500043594,2
1.569643303151034,0.7267764603146277,0.07927502480537209,-0.4597547409685429,-1.5099638468289367,-1.7646028456341603,SLOW,3583780,0.30599109372059247,1.1215464438286622,0.1227100000000001,0.35676851000000004,-0.05635833500000001,-1.4155703084416233,2
1.159774170690637,-0.188633091984562,0.9839493640890841,-0.4597547409685429,0.7604327049427351,-1.1572805260273784,SLOW,3583780,0.13930520733014828,0.22744096375348336,-0.40393350000000017,-0.82687476,0.891037005,-0.5107256234427439,2
-0.08822958561706674,-0.9406882978081794,-0.708578451499344,0.3162827503867639,0.1892028128925196,-1.1255941554112237,SLOW,3583781,-0.3408751387881574,-0.03405209149712387,-1.2299304469999999,-0.6793194,-1.66701414,0.39385654035102385,2
0.2076217132578798,-0.4356354205360124,0.18286155444565633,-0.706260742666115,-0.4788456407253242,-0.5763634979769545,SLOW,3583781,-1.0514421823196998,-0.26394736946624003,0.291566847,0.45620616,0.87800217,-0.7616472579930192,2
-0.5996702064955222,-0.19517451229136076,-0.03097707464787679,-0.04891135598306683,0.005247442496541074,-0.3545587912760212,SLOW,3583782,-0.9976064147571336,-0.754962810281398,-0.7956008999999999,0.21720448,-0.21061516100000002,-0.943051620564956,2
-0.5452769252476309,-0.6709118350465878,0.6579743685321725,0.11542599442413828,0.24729397519217333,0.025677794441344378,SLOW,3583782,-0.44366951611576233,-0.7543103720409177,0.05360556999999999,-0.42972589000000005,0.678565981,-0.9895349097577056,2
0.1768601208044835,-0.9390109736476396,0.2788839449678209,-0.12195018203968008,-0.38202701576000414,-0.6027687981785311,SLOW,3583783,-0.5391221401927491,-0.3970564775494939,0.71167922,-0.24216965000000001,-0.37337590000000004,-0.9549372990723539,2
-0.4966701833594294,-1.1188489960844732,-0.614681378657937,-0.06717106324450876,-0.11093489597101143,0.23163930718898107,SLOW,3583783,-0.14521041186384215,-0.7167000537482824,-0.66377639,-0.16244479999999994,-0.88009545,-0.6784178284321748,2
-0.7710530948841509,-0.6924214056664589,1.0708419085537397,-0.8432085695455878,-0.2271172284950303,0.9181775706265882,SLOW,3583784,0.028338453854909778,-0.005137086272634843,-0.27040936,0.3851852,1.6601152,-0.06348890550216918,2
-0.6669282726610212,-0.944737854964036,-1.6955591568084787,-0.09456061815836275,0.4506130749398072,1.4040355127642046,SLOW,3583784,0.673582975810117,0.3745830417142722,0.10261690999999995,-0.22791340000000004,-2.7246995,0.9531419200684064,2
-0.5924270527747322,-2.267308343024679,0.831781794171803,0.6266977708421222,-1.2291898930723733,0.34782269205054,SLOW,3583785,1.0818747827045667,0.2978153900476286,0.07342230999999999,-1.1946567000000001,2.4892430500000002,0.9792075442504721,2
0.671561413502472,-0.9492069258268392,0.8132781445679006,0.005867759822950055,-1.3550541229616544,-0.291186032753273,SLOW,3583786,-0.022088090582457216,0.3353889392993275,1.24568367,1.1906198600000002,-0.018224719999999972,-0.06577447341016368,2
0.28288729242308747,0.38250006904626016,0.535036952789059,0.2523737764662944,0.857251242736229,-0.6080498685931095,SLOW,3583786,-0.9076370651352815,-0.04364922991137394,-0.38304542999999996,1.20290956,-0.2740469000000001,-0.4997830864405654,2
0.36755782196129533,0.5605913317926556,-0.7026168139743392,-1.372740014366006,-0.6676419063121316,3.0622895135083197,SLOW,3583787,-0.6394276920224353,1.948628897540003,0.08344434999999994,0.16086698,-1.2189969999999999,-0.5595704909867557,2
-0.9562419988812567,-0.4579001357556762,-0.11366639138805942,6.60675157763025,13.322647919255578,-0.49714750227481413,SLOW,3583787,-0.4881548407584231,12.423274672626171,-1.30462885,-0.919987,0.580072406,-0.09068097067532228,2
0.0600943857285654,-1.0315290568294244,0.28957170549873273,-11.260370601185054,-1.1807806043638476,-2.1976501700781848,SLOW,3583788,-0.462247805696454,5.212948376974745,1.00161803,-0.5181497999999999,0.397159564,-0.596586242323287,2
-4.745716312376096,-2.0401668123087733,0.1426241130994628,-10.584761465392402,-12.566649825694617,-7.858950634588176,SLOW,3583788,4.2895466713647785,14.114713795081313,-4.73621403,-0.9110863,-0.14473246,3.054678532507881,2
-1.5214877606920216,-0.13223133728705935,0.5973800007269047,9.939147637214258,6.661526940066321,10.223412125681651,SLOW,3583789,0.17992188732177333,11.370095374443219,3.1775360000000004,1.7234075,0.44790075999999995,1.8648616859398164,2
0.8880816406648211,-2.1522260374762485,1.7049341058894854,6.7071796940605495,3.0598747506924076,-10.758254540166554,SLOW,3583789,1.6136513343535568,9.58579335231834,2.37467456,-1.8246288000000002,1.0908585,1.4069037440778995,2
-2.003687265310858,1.0941661814564905,-0.10588053097617775,4.7807810009437794,5.155997783866272,-4.193892296965669,SLOW,3583790,0.8432499922625054,5.694465344402108,-2.8498909599999998,2.932414,-1.7835178699999998,2.688438386064451,2
-0.2671807693543071,0.9085976243670255,-0.9094098039757788,5.374221270226945,-3.2139714433459567,0.4006333443250081,SLOW,3583790,-0.30714420895425887,3.2146984668503453,1.7113588,-0.16762109999999997,-0.79141663,0.10490467971437681,2
-0.3956193580674928,0.155741607240677,0.39200552382037684,-2.002699829694851,0.16983908948439788,-0.11162986343330855,SLOW,3583791,-1.085931414853946,0.024967405044670193,-0.12657857,-0.68004276,1.2817973999999999,-0.3340961793320267,2
-0.44940286875547564,0.530991614140921,-0.4378810572026567,-0.824948856305837,-0.043161864042585374,-0.058819225855712955,SLOW,3583791,-0.8702265012151691,-0.5932461924623156,-0.05300463,0.33895731,-0.81737662,-0.9075701016699966,2
